{"type":"FeatureCollection","meta":{"city":"bogota","source":"OpenStreetMap contributors (ODbL) via Overpass","generatedAt":"2026-09-04T16:35:43Z","counts":{"bike_parking":265,"pharmacy":1520,"atm":373,"health":595,"toilets":154,"police":267,"library":114}},"features":[{"type":"Feature","geometry":{"type":"Point","coordinates":[-74.081905,4.637734]},"properties":{"id":"osm:n262714667","type":"bike_parking","source":"osm","osmId":"node/262714667","covered":"no"}},{"type":"Feature","geometry":{"type":"Point","coordinates":[-74.086416,4.63582]},"properties":{"id":"osm:n262714673","type":"bike_parking","source":"osm","osmId":"node/262714673"}},{"type":"Feature","geometry":{"type":"Point","coordinates":[-74.085363,4.634831]},"properties":{"id":"osm:n262714674","type":"bike_parking","source":"osm","osmId":"node/262714674"}},{"type":"Feature","geometry":{"type":"Point","coordinates":[-73.922486,4.52941]},"properties":{"id":"osm:n278498531","type":"pharmacy","source":"osm","osmId":"node/278498531"}},{"type":"Feature","geometry":{"type":"Point","coordinates":[-74.140788,4.639654]},"properties":{"id":"osm:n292949941","type":"atm","name":"Banco Popular","source":"osm","osmId":"node/292949941"}},{"type":"Feature","geometry":{"type":"Point","coordinates":[-74.140634,4.637673]},"properties":{"id":"osm:n292950444","type":"atm","name":"BBVA","source":"osm","osmId":"node/292950444"}},{"type":"Feature","geometry":{"type":"Point","coordinates":[-74.030771,4.711816]},"properties":{"id":"osm:n313416844","type":"health","name":"Clínica El Bosque","source":"osm","osmId":"node/313416844"}},{"type":"Feature","geometry":{"type":"Point","coordinates":[-74.030608,4.856215]},"properties":{"id":"osm:n314114536","type":"health","name":"Clínica Universidad de La Sabana","source":"osm","osmId":"node/314114536"}},{"type":"Feature","geometry":{"type":"Point","coordinates":[-74.206402,4.71536]},"properties":{"id":"osm:n317571780","type":"pharmacy","name":"Droguería Colsubsidio Funza","source":"osm","osmId":"node/317571780"}},{"type":"Feature","geometry":{"type":"Point","coordinates":[-73.968995,4.715414]},"properties":{"id":"osm:n322779022","type":"health","name":"Clínica Nuestra Señora del Rosario","source":"osm","osmId":"node/322779022"}},{"type":"Feature","geometry":{"type":"Point","coordinates":[-74.034619,4.741505]},"properties":{"id":"osm:n326170171","type":"health","name":"Fundación Cardio Infantil Urgencias","source":"osm","osmId":"node/326170171"}},{"type":"Feature","geometry":{"type":"Point","coordinates":[-74.056567,4.70455]},"properties":{"id":"osm:n340424843","type":"pharmacy","source":"osm","osmId":"node/340424843"}},{"type":"Feature","geometry":{"type":"Point","coordinates":[-74.058902,4.703712]},"properties":{"id":"osm:n340424893","type":"pharmacy","source":"osm","osmId":"node/340424893"}},{"type":"Feature","geometry":{"type":"Point","coordinates":[-74.038303,4.864456]},"properties":{"id":"osm:n349622138","type":"health","name":"San Juan de Dios","source":"osm","osmId":"node/349622138"}},{"type":"Feature","geometry":{"type":"Point","coordinates":[-74.048779,4.682672]},"properties":{"id":"osm:n356117431","type":"pharmacy","name":"Farmacia Institucional","source":"osm","osmId":"node/356117431","operator":"Colsubsidio"}},{"type":"Feature","geometry":{"type":"Point","coordinates":[-74.044873,4.679239]},"properties":{"id":"osm:n356132226","type":"pharmacy","name":"Farmatodo","source":"osm","osmId":"node/356132226"}},{"type":"Feature","geometry":{"type":"Point","coordinates":[-74.10314,4.747721]},"properties":{"id":"osm:n367815597","type":"pharmacy","name":"Drogueria Cafam","source":"osm","osmId":"node/367815597"}},{"type":"Feature","geometry":{"type":"Point","coordinates":[-74.091475,4.687263]},"properties":{"id":"osm:n368392200","type":"pharmacy","name":"Farmacia","source":"osm","osmId":"node/368392200"}},{"type":"Feature","geometry":{"type":"Point","coordinates":[-74.057294,4.668603]},"properties":{"id":"osm:n370255315","type":"health","name":"Consultorios Country","source":"osm","osmId":"node/370255315","wheelchair":"limited"}},{"type":"Feature","geometry":{"type":"Point","coordinates":[-74.052756,4.666317]},"properties":{"id":"osm:n373284186","type":"pharmacy","name":"Farmatodo","source":"osm","osmId":"node/373284186"}},{"type":"Feature","geometry":{"type":"Point","coordinates":[-74.055522,4.693858]},"properties":{"id":"osm:n392333383","type":"health","name":"Clínica Vascular Navarra","source":"osm","osmId":"node/392333383"}},{"type":"Feature","geometry":{"type":"Point","coordinates":[-74.063923,4.675072]},"properties":{"id":"osm:n416717896","type":"atm","source":"osm","osmId":"node/416717896","wheelchair":"no"}},{"type":"Feature","geometry":{"type":"Point","coordinates":[-74.068883,4.603275]},"properties":{"id":"osm:n442404099","type":"pharmacy","name":"Drogas La Rebaja","source":"osm","osmId":"node/442404099"}},{"type":"Feature","geometry":{"type":"Point","coordinates":[-74.053102,4.674963]},"properties":{"id":"osm:n443416741","type":"pharmacy","name":"Acuña","source":"osm","osmId":"node/443416741","operator":"Acuña"}},{"type":"Feature","geometry":{"type":"Point","coordinates":[-74.074951,4.642781]},"properties":{"id":"osm:n460403661","type":"pharmacy","name":"Locatel","source":"osm","osmId":"node/460403661"}},{"type":"Feature","geometry":{"type":"Point","coordinates":[-74.109469,4.654205]},"properties":{"id":"osm:n460405507","type":"pharmacy","source":"osm","osmId":"node/460405507"}},{"type":"Feature","geometry":{"type":"Point","coordinates":[-74.053563,4.686529]},"properties":{"id":"osm:n494605825","type":"pharmacy","name":"Colsubsidio Calle 100","source":"osm","osmId":"node/494605825"}},{"type":"Feature","geometry":{"type":"Point","coordinates":[-74.054102,4.686588]},"properties":{"id":"osm:n494605882","type":"pharmacy","name":"SuperPharma Calle 100","source":"osm","osmId":"node/494605882"}},{"type":"Feature","geometry":{"type":"Point","coordinates":[-74.044099,4.761552]},"properties":{"id":"osm:n494767057","type":"atm","name":"Bancolombia","source":"osm","osmId":"node/494767057","operator":"Bancolombia"}},{"type":"Feature","geometry":{"type":"Point","coordinates":[-74.040901,4.702614]},"properties":{"id":"osm:n494768845","type":"toilets","source":"osm","osmId":"node/494768845"}},{"type":"Feature","geometry":{"type":"Point","coordinates":[-74.040741,4.698595]},"properties":{"id":"osm:n501604563","type":"pharmacy","source":"osm","osmId":"node/501604563"}},{"type":"Feature","geometry":{"type":"Point","coordinates":[-74.091687,4.701157]},"properties":{"id":"osm:n503980315","type":"health","name":"Centro Médico Minuto","source":"osm","osmId":"node/503980315"}},{"type":"Feature","geometry":{"type":"Point","coordinates":[-74.053942,4.673155]},"properties":{"id":"osm:n515919601","type":"police","name":"CAI El Virrey","source":"osm","osmId":"node/515919601"}},{"type":"Feature","geometry":{"type":"Point","coordinates":[-74.110735,4.652906]},"properties":{"id":"osm:n528302150","type":"pharmacy","name":"Colsubsidio","source":"osm","osmId":"node/528302150"}},{"type":"Feature","geometry":{"type":"Point","coordinates":[-74.09268,4.644687]},"properties":{"id":"osm:n530811575","type":"library","name":"Bibioteca","source":"osm","osmId":"node/530811575"}},{"type":"Feature","geometry":{"type":"Point","coordinates":[-74.138395,4.589962]},"properties":{"id":"osm:n532822329","type":"police","name":"CAI Venecia","source":"osm","osmId":"node/532822329"}},{"type":"Feature","geometry":{"type":"Point","coordinates":[-74.067665,4.721343]},"properties":{"id":"osm:n532878907","type":"police","name":"CAI Colina","source":"osm","osmId":"node/532878907"}},{"type":"Feature","geometry":{"type":"Point","coordinates":[-74.090649,4.643249]},"properties":{"id":"osm:n534224899","type":"pharmacy","name":"Olimpica","source":"osm","osmId":"node/534224899"}},{"type":"Feature","geometry":{"type":"Point","coordinates":[-74.089445,4.672458]},"properties":{"id":"osm:n534246362","type":"pharmacy","name":"Drogería Colsubsidio Cruz Roja Colombiana","source":"osm","osmId":"node/534246362","operator":"Colsubsidio"}},{"type":"Feature","geometry":{"type":"Point","coordinates":[-74.132045,4.660671]},"properties":{"id":"osm:n534314230","type":"pharmacy","name":"Farmacenter","source":"osm","osmId":"node/534314230"}},{"type":"Feature","geometry":{"type":"Point","coordinates":[-74.13197,4.661672]},"properties":{"id":"osm:n534317900","type":"pharmacy","source":"osm","osmId":"node/534317900"}},{"type":"Feature","geometry":{"type":"Point","coordinates":[-74.13043,4.663014]},"properties":{"id":"osm:n534318231","type":"pharmacy","name":"Colsubsidio","source":"osm","osmId":"node/534318231","operator":"Colsubsidio"}},{"type":"Feature","geometry":{"type":"Point","coordinates":[-74.120391,4.665117]},"properties":{"id":"osm:n534433700","type":"atm","name":"Servibanca","source":"osm","osmId":"node/534433700","operator":"Servibanca"}},{"type":"Feature","geometry":{"type":"Point","coordinates":[-74.115152,4.512581]},"properties":{"id":"osm:n539900373","type":"pharmacy","name":"Drogas La Rebaja","source":"osm","osmId":"node/539900373"}},{"type":"Feature","geometry":{"type":"Point","coordinates":[-73.923962,4.531077]},"properties":{"id":"osm:n545439114","type":"health","source":"osm","osmId":"node/545439114"}},{"type":"Feature","geometry":{"type":"Point","coordinates":[-74.354655,4.809437]},"properties":{"id":"osm:n592838473","type":"pharmacy","name":"Drogas La Rebaja","source":"osm","osmId":"node/592838473"}},{"type":"Feature","geometry":{"type":"Point","coordinates":[-74.354724,4.809491]},"properties":{"id":"osm:n592852081","type":"pharmacy","name":"Droguería","source":"osm","osmId":"node/592852081"}},{"type":"Feature","geometry":{"type":"Point","coordinates":[-74.107123,4.671394]},"properties":{"id":"osm:n595598534","type":"pharmacy","name":"Farmatodo","source":"osm","osmId":"node/595598534"}},{"type":"Feature","geometry":{"type":"Point","coordinates":[-74.107592,4.681315]},"properties":{"id":"osm:n597239177","type":"police","name":"Cai Villa Luz","source":"osm","osmId":"node/597239177"}},{"type":"Feature","geometry":{"type":"Point","coordinates":[-74.111007,4.693643]},"properties":{"id":"osm:n600233826","type":"police","name":"CAI Florida","source":"osm","osmId":"node/600233826"}},{"type":"Feature","geometry":{"type":"Point","coordinates":[-74.06698,4.649883]},"properties":{"id":"osm:n601745655","type":"pharmacy","name":"Olímpica Calle 63","source":"osm","osmId":"node/601745655","operator":"Olímpica"}},{"type":"Feature","geometry":{"type":"Point","coordinates":[-74.122636,4.717056]},"properties":{"id":"osm:n602754121","type":"police","name":"CAI Villas de Granada","source":"osm","osmId":"node/602754121"}},{"type":"Feature","geometry":{"type":"Point","coordinates":[-74.088274,4.634551]},"properties":{"id":"osm:n602896515","type":"bike_parking","source":"osm","osmId":"node/602896515"}},{"type":"Feature","geometry":{"type":"Point","coordinates":[-74.087,4.635883]},"properties":{"id":"osm:n602896516","type":"bike_parking","source":"osm","osmId":"node/602896516"}},{"type":"Feature","geometry":{"type":"Point","coordinates":[-74.083615,4.633175]},"properties":{"id":"osm:n602896517","type":"bike_parking","name":"Cicloparqueadero","source":"osm","osmId":"node/602896517","operator":"Unal","capacity":"40","fee":"no","covered":"no"}},{"type":"Feature","geometry":{"type":"Point","coordinates":[-74.086186,4.63393]},"properties":{"id":"osm:n602896519","type":"bike_parking","source":"osm","osmId":"node/602896519"}},{"type":"Feature","geometry":{"type":"Point","coordinates":[-74.082738,4.634769]},"properties":{"id":"osm:n602896520","type":"bike_parking","source":"osm","osmId":"node/602896520"}},{"type":"Feature","geometry":{"type":"Point","coordinates":[-74.082634,4.635808]},"properties":{"id":"osm:n602896522","type":"bike_parking","name":"Cicloparqueadero","source":"osm","osmId":"node/602896522","operator":"Unal","capacity":"20","fee":"no","covered":"no"}},{"type":"Feature","geometry":{"type":"Point","coordinates":[-74.082215,4.635004]},"properties":{"id":"osm:n602896525","type":"bike_parking","source":"osm","osmId":"node/602896525","covered":"no"}},{"type":"Feature","geometry":{"type":"Point","coordinates":[-74.080584,4.635204]},"properties":{"id":"osm:n602896526","type":"bike_parking","name":"Cicloparqueadero","source":"osm","osmId":"node/602896526","operator":"Unal","capacity":"40","fee":"no","covered":"no"}},{"type":"Feature","geometry":{"type":"Point","coordinates":[-74.090823,4.636963]},"properties":{"id":"osm:n602896528","type":"bike_parking","source":"osm","osmId":"node/602896528"}},{"type":"Feature","geometry":{"type":"Point","coordinates":[-74.091642,4.636292]},"properties":{"id":"osm:n602896529","type":"bike_parking","source":"osm","osmId":"node/602896529","covered":"no"}},{"type":"Feature","geometry":{"type":"Point","coordinates":[-74.088745,4.639071]},"properties":{"id":"osm:n602896531","type":"bike_parking","name":"Cicloparqueadero","source":"osm","osmId":"node/602896531","operator":"Unal","capacity":"40","fee":"no","covered":"no"}},{"type":"Feature","geometry":{"type":"Point","coordinates":[-74.08455,4.637699]},"properties":{"id":"osm:n602896532","type":"bike_parking","source":"osm","osmId":"node/602896532"}},{"type":"Feature","geometry":{"type":"Point","coordinates":[-74.083645,4.638076]},"properties":{"id":"osm:n602896533","type":"bike_parking","source":"osm","osmId":"node/602896533"}},{"type":"Feature","geometry":{"type":"Point","coordinates":[-74.082609,4.637526]},"properties":{"id":"osm:n602896536","type":"bike_parking","source":"osm","osmId":"node/602896536","capacity":"10","covered":"no"}},{"type":"Feature","geometry":{"type":"Point","coordinates":[-74.082089,4.636244]},"properties":{"id":"osm:n602896537","type":"bike_parking","source":"osm","osmId":"node/602896537"}},{"type":"Feature","geometry":{"type":"Point","coordinates":[-74.082041,4.6422]},"properties":{"id":"osm:n602896538","type":"bike_parking","source":"osm","osmId":"node/602896538"}},{"type":"Feature","geometry":{"type":"Point","coordinates":[-74.083474,4.64311]},"properties":{"id":"osm:n602896539","type":"bike_parking","source":"osm","osmId":"node/602896539"}},{"type":"Feature","geometry":{"type":"Point","coordinates":[-74.123491,4.7019]},"properties":{"id":"osm:n604680642","type":"bike_parking","source":"osm","osmId":"node/604680642"}},{"type":"Feature","geometry":{"type":"Point","coordinates":[-74.133827,4.710308]},"properties":{"id":"osm:n604879017","type":"bike_parking","source":"osm","osmId":"node/604879017"}},{"type":"Feature","geometry":{"type":"Point","coordinates":[-74.134261,4.710533]},"properties":{"id":"osm:n604879025","type":"bike_parking","source":"osm","osmId":"node/604879025"}},{"type":"Feature","geometry":{"type":"Point","coordinates":[-74.130251,4.710573]},"properties":{"id":"osm:n604879031","type":"bike_parking","source":"osm","osmId":"node/604879031"}},{"type":"Feature","geometry":{"type":"Point","coordinates":[-74.054796,4.706241]},"properties":{"id":"osm:n609070669","type":"pharmacy","name":"Drogueria Rosas","source":"osm","osmId":"node/609070669"}},{"type":"Feature","geometry":{"type":"Point","coordinates":[-74.041098,4.704414]},"properties":{"id":"osm:n609071708","type":"health","name":"Clínica la Carolina","source":"osm","osmId":"node/609071708"}},{"type":"Feature","geometry":{"type":"Point","coordinates":[-74.090387,4.682962]},"properties":{"id":"osm:n610124067","type":"police","name":"CAI Las Ferias","source":"osm","osmId":"node/610124067"}},{"type":"Feature","geometry":{"type":"Point","coordinates":[-74.122596,4.715309]},"properties":{"id":"osm:n611383979","type":"pharmacy","source":"osm","osmId":"node/611383979"}},{"type":"Feature","geometry":{"type":"Point","coordinates":[-74.064182,4.7279]},"properties":{"id":"osm:n614659946","type":"pharmacy","name":"Drogas la Rebaja","source":"osm","osmId":"node/614659946"}},{"type":"Feature","geometry":{"type":"Point","coordinates":[-74.139331,4.709403]},"properties":{"id":"osm:n616522536","type":"atm","name":"Servibanca","source":"osm","osmId":"node/616522536","operator":"Servibanca"}},{"type":"Feature","geometry":{"type":"Point","coordinates":[-74.140197,4.71121]},"properties":{"id":"osm:n616522539","type":"pharmacy","name":"Drogas","source":"osm","osmId":"node/616522539"}},{"type":"Feature","geometry":{"type":"Point","coordinates":[-74.140893,4.712427]},"properties":{"id":"osm:n616522540","type":"pharmacy","name":"Moderna","source":"osm","osmId":"node/616522540"}},{"type":"Feature","geometry":{"type":"Point","coordinates":[-74.075719,4.642515]},"properties":{"id":"osm:n619038866","type":"atm","name":"Bancolombia","source":"osm","osmId":"node/619038866","operator":"Bancolombia"}},{"type":"Feature","geometry":{"type":"Point","coordinates":[-74.057162,4.69062]},"properties":{"id":"osm:n626874480","type":"health","name":"Clínica de Hipertensión Arterial y Cuidados Coronarios - CHACC","source":"osm","osmId":"node/626874480"}},{"type":"Feature","geometry":{"type":"Point","coordinates":[-74.101152,4.603338]},"properties":{"id":"osm:n629565405","type":"pharmacy","name":"Drogas La Rebaja","source":"osm","osmId":"node/629565405"}},{"type":"Feature","geometry":{"type":"Point","coordinates":[-74.15264,4.617286]},"properties":{"id":"osm:n641415457","type":"pharmacy","name":"Indufamiliar","source":"osm","osmId":"node/641415457"}},{"type":"Feature","geometry":{"type":"Point","coordinates":[-74.150774,4.621906]},"properties":{"id":"osm:n641415465","type":"pharmacy","name":"Superpharma","source":"osm","osmId":"node/641415465"}},{"type":"Feature","geometry":{"type":"Point","coordinates":[-74.052298,4.699255]},"properties":{"id":"osm:n643815360","type":"pharmacy","name":"Drogueria Famisol","source":"osm","osmId":"node/643815360"}},{"type":"Feature","geometry":{"type":"Point","coordinates":[-74.051705,4.698685]},"properties":{"id":"osm:n643815362","type":"pharmacy","name":"Drogueria Farmatel","source":"osm","osmId":"node/643815362"}},{"type":"Feature","geometry":{"type":"Point","coordinates":[-74.090823,4.683397]},"properties":{"id":"osm:n646110662","type":"atm","name":"BBVA","source":"osm","osmId":"node/646110662"}},{"type":"Feature","geometry":{"type":"Point","coordinates":[-74.064622,4.727126]},"properties":{"id":"osm:n655148362","type":"pharmacy","name":"La Rebaja Plus","source":"osm","osmId":"node/655148362"}},{"type":"Feature","geometry":{"type":"Point","coordinates":[-74.071947,4.711889]},"properties":{"id":"osm:n655148798","type":"pharmacy","name":"Drogueria Colsubsidio","source":"osm","osmId":"node/655148798"}},{"type":"Feature","geometry":{"type":"Point","coordinates":[-74.061474,4.726757]},"properties":{"id":"osm:n660172915","type":"atm","source":"osm","osmId":"node/660172915"}},{"type":"Feature","geometry":{"type":"Point","coordinates":[-74.10158,4.644044]},"properties":{"id":"osm:n662256444","type":"atm","name":"Scotiabank Colpatria","source":"osm","osmId":"node/662256444","operator":"Scotiabank"}},{"type":"Feature","geometry":{"type":"Point","coordinates":[-74.130238,4.616682]},"properties":{"id":"osm:n666810128","type":"pharmacy","name":"sfarma","source":"osm","osmId":"node/666810128"}},{"type":"Feature","geometry":{"type":"Point","coordinates":[-73.935616,4.483364]},"properties":{"id":"osm:n670823268","type":"pharmacy","name":"Droguería Ubaque","source":"osm","osmId":"node/670823268"}},{"type":"Feature","geometry":{"type":"Point","coordinates":[-74.139946,4.630115]},"properties":{"id":"osm:n673003170","type":"pharmacy","name":"Drogas Mandalay","source":"osm","osmId":"node/673003170"}},{"type":"Feature","geometry":{"type":"Point","coordinates":[-74.147929,4.629887]},"properties":{"id":"osm:n673003234","type":"health","name":"EPS Humana vivir","source":"osm","osmId":"node/673003234"}},{"type":"Feature","geometry":{"type":"Point","coordinates":[-74.145515,4.610095]},"properties":{"id":"osm:n673004145","type":"pharmacy","name":"Drogueria Carimagua","source":"osm","osmId":"node/673004145"}},{"type":"Feature","geometry":{"type":"Point","coordinates":[-74.152671,4.616031]},"properties":{"id":"osm:n673004285","type":"pharmacy","name":"Hiperdrogas","source":"osm","osmId":"node/673004285"}},{"type":"Feature","geometry":{"type":"Point","coordinates":[-74.148175,4.624743]},"properties":{"id":"osm:n673004445","type":"atm","name":"Bancolombia","source":"osm","osmId":"node/673004445","wheelchair":"yes"}},{"type":"Feature","geometry":{"type":"Point","coordinates":[-74.1478,4.625149]},"properties":{"id":"osm:n673004522","type":"library","name":"Panamericana","source":"osm","osmId":"node/673004522"}},{"type":"Feature","geometry":{"type":"Point","coordinates":[-74.061616,4.688393]},"properties":{"id":"osm:n673146041","type":"pharmacy","name":"Drogas La Rebaja","source":"osm","osmId":"node/673146041","operator":"Superpharma"}},{"type":"Feature","geometry":{"type":"Point","coordinates":[-74.090524,4.683224]},"properties":{"id":"osm:n673391646","type":"pharmacy","source":"osm","osmId":"node/673391646"}},{"type":"Feature","geometry":{"type":"Point","coordinates":[-74.108925,4.704535]},"properties":{"id":"osm:n673402327","type":"atm","name":"servibanca","source":"osm","osmId":"node/673402327"}},{"type":"Feature","geometry":{"type":"Point","coordinates":[-74.106155,4.707155]},"properties":{"id":"osm:n673402680","type":"pharmacy","name":"Drogas la Economia","source":"osm","osmId":"node/673402680"}},{"type":"Feature","geometry":{"type":"Point","coordinates":[-74.086641,4.587185]},"properties":{"id":"osm:n679776977","type":"health","name":"Clínica SaludCoop Policarpa","source":"osm","osmId":"node/679776977"}},{"type":"Feature","geometry":{"type":"Point","coordinates":[-74.106874,4.579365]},"properties":{"id":"osm:n679781406","type":"health","name":"EPS Sura","source":"osm","osmId":"node/679781406"}},{"type":"Feature","geometry":{"type":"Point","coordinates":[-74.056577,4.655982]},"properties":{"id":"osm:n693951409","type":"atm","name":"Bancolombia","source":"osm","osmId":"node/693951409","operator":"Bancolombia"}},{"type":"Feature","geometry":{"type":"Point","coordinates":[-74.057828,4.658351]},"properties":{"id":"osm:n693951445","type":"atm","name":"Bancolombia","source":"osm","osmId":"node/693951445","operator":"Bancolombia"}},{"type":"Feature","geometry":{"type":"Point","coordinates":[-74.056985,4.656302]},"properties":{"id":"osm:n693976460","type":"atm","name":"BBVA","source":"osm","osmId":"node/693976460","operator":"BBVA"}},{"type":"Feature","geometry":{"type":"Point","coordinates":[-74.056062,4.654378]},"properties":{"id":"osm:n693976461","type":"atm","name":"Davivienda","source":"osm","osmId":"node/693976461"}},{"type":"Feature","geometry":{"type":"Point","coordinates":[-74.046549,4.755087]},"properties":{"id":"osm:n695228664","type":"pharmacy","name":"Drogas la rebaja","source":"osm","osmId":"node/695228664"}},{"type":"Feature","geometry":{"type":"Point","coordinates":[-74.046698,4.754496]},"properties":{"id":"osm:n695229346","type":"atm","name":"AVVillas","source":"osm","osmId":"node/695229346"}},{"type":"Feature","geometry":{"type":"Point","coordinates":[-74.056994,4.684591]},"properties":{"id":"osm:n700623043","type":"health","name":"Centro Medico Dali","source":"osm","osmId":"node/700623043"}},{"type":"Feature","geometry":{"type":"Point","coordinates":[-74.045619,4.690582]},"properties":{"id":"osm:n700624375","type":"pharmacy","name":"Farmatodo","source":"osm","osmId":"node/700624375","wheelchair":"limited"}},{"type":"Feature","geometry":{"type":"Point","coordinates":[-74.141778,4.591364]},"properties":{"id":"osm:n705793624","type":"pharmacy","name":"Drogueria la 54","source":"osm","osmId":"node/705793624"}},{"type":"Feature","geometry":{"type":"Point","coordinates":[-74.04543,4.729932]},"properties":{"id":"osm:n710870762","type":"pharmacy","name":"Calvo","source":"osm","osmId":"node/710870762"}},{"type":"Feature","geometry":{"type":"Point","coordinates":[-74.083624,4.606279]},"properties":{"id":"osm:n726808322","type":"atm","name":"ATH","source":"osm","osmId":"node/726808322"}},{"type":"Feature","geometry":{"type":"Point","coordinates":[-74.143777,4.566761]},"properties":{"id":"osm:n729858840","type":"atm","source":"osm","osmId":"node/729858840"}},{"type":"Feature","geometry":{"type":"Point","coordinates":[-74.152653,4.617394]},"properties":{"id":"osm:n738194860","type":"health","name":"CEDIT","source":"osm","osmId":"node/738194860"}},{"type":"Feature","geometry":{"type":"Point","coordinates":[-74.137451,4.637033]},"properties":{"id":"osm:n743868535","type":"atm","name":"Banco Popular","source":"osm","osmId":"node/743868535"}},{"type":"Feature","geometry":{"type":"Point","coordinates":[-74.029103,4.699818]},"properties":{"id":"osm:n747074558","type":"pharmacy","name":"Drogas La Rebaja","source":"osm","osmId":"node/747074558","wheelchair":"limited"}},{"type":"Feature","geometry":{"type":"Point","coordinates":[-74.068814,4.627674]},"properties":{"id":"osm:n748853728","type":"pharmacy","name":"Drogueria","source":"osm","osmId":"node/748853728","operator":"colsubsidio"}},{"type":"Feature","geometry":{"type":"Point","coordinates":[-74.116063,4.502973]},"properties":{"id":"osm:n756338538","type":"pharmacy","name":"Drogueria Monteblanco","source":"osm","osmId":"node/756338538"}},{"type":"Feature","geometry":{"type":"Point","coordinates":[-74.118096,4.516282]},"properties":{"id":"osm:n756664439","type":"health","name":"UPA Juan Bautista","source":"osm","osmId":"node/756664439"}},{"type":"Feature","geometry":{"type":"Point","coordinates":[-74.157144,4.62362]},"properties":{"id":"osm:n760467253","type":"pharmacy","name":"Total Farm","source":"osm","osmId":"node/760467253"}},{"type":"Feature","geometry":{"type":"Point","coordinates":[-74.095548,4.689529]},"properties":{"id":"osm:n766249254","type":"pharmacy","name":"Drogueria El Lago","source":"osm","osmId":"node/766249254"}},{"type":"Feature","geometry":{"type":"Point","coordinates":[-74.065041,4.683756]},"properties":{"id":"osm:n775392182","type":"pharmacy","name":"La Rebaja Drogueria","source":"osm","osmId":"node/775392182"}},{"type":"Feature","geometry":{"type":"Point","coordinates":[-74.437249,4.730975]},"properties":{"id":"osm:n780370847","type":"police","name":"Estación de Policía de Cachipay","source":"osm","osmId":"node/780370847","operator":"Policía Nacional de Colombia"}},{"type":"Feature","geometry":{"type":"Point","coordinates":[-74.056476,4.667181]},"properties":{"id":"osm:n796674442","type":"pharmacy","name":"Drogas La Rebaja","source":"osm","osmId":"node/796674442","operator":"Drogas la Rebaja"}},{"type":"Feature","geometry":{"type":"Point","coordinates":[-74.112557,4.512492]},"properties":{"id":"osm:n798962258","type":"pharmacy","name":"Superdrogas Santa Librada","source":"osm","osmId":"node/798962258"}},{"type":"Feature","geometry":{"type":"Point","coordinates":[-74.211545,4.716184]},"properties":{"id":"osm:n800908805","type":"pharmacy","source":"osm","osmId":"node/800908805"}},{"type":"Feature","geometry":{"type":"Point","coordinates":[-74.211701,4.716062]},"properties":{"id":"osm:n800908819","type":"pharmacy","name":"La Milanesa","source":"osm","osmId":"node/800908819"}},{"type":"Feature","geometry":{"type":"Point","coordinates":[-74.211665,4.71623]},"properties":{"id":"osm:n800908843","type":"pharmacy","source":"osm","osmId":"node/800908843"}},{"type":"Feature","geometry":{"type":"Point","coordinates":[-74.074896,4.61166]},"properties":{"id":"osm:n807489138","type":"pharmacy","source":"osm","osmId":"node/807489138"}},{"type":"Feature","geometry":{"type":"Point","coordinates":[-74.029679,4.702854]},"properties":{"id":"osm:n814406441","type":"atm","name":"Servibanca","source":"osm","osmId":"node/814406441","wheelchair":"no","operator":"Servibanca"}},{"type":"Feature","geometry":{"type":"Point","coordinates":[-74.106888,4.59241]},"properties":{"id":"osm:n815175854","type":"health","name":"Clínica De Cancer De Bogotà","source":"osm","osmId":"node/815175854"}},{"type":"Feature","geometry":{"type":"Point","coordinates":[-74.056284,4.669707]},"properties":{"id":"osm:n817329686","type":"pharmacy","name":"Colsubsidio","source":"osm","osmId":"node/817329686","wheelchair":"limited","operator":"Colsubsidio"}},{"type":"Feature","geometry":{"type":"Point","coordinates":[-74.128551,4.664304]},"properties":{"id":"osm:n826400627","type":"pharmacy","name":"Farmacenter","source":"osm","osmId":"node/826400627"}},{"type":"Feature","geometry":{"type":"Point","coordinates":[-74.06673,4.72247]},"properties":{"id":"osm:n859121169","type":"pharmacy","name":"Farma center","source":"osm","osmId":"node/859121169"}},{"type":"Feature","geometry":{"type":"Point","coordinates":[-74.061282,4.664336]},"properties":{"id":"osm:n860606386","type":"pharmacy","source":"osm","osmId":"node/860606386"}},{"type":"Feature","geometry":{"type":"Point","coordinates":[-74.084068,4.633286]},"properties":{"id":"osm:n874381754","type":"bike_parking","source":"osm","osmId":"node/874381754","covered":"no"}},{"type":"Feature","geometry":{"type":"Point","coordinates":[-74.083178,4.635734]},"properties":{"id":"osm:n874381759","type":"bike_parking","source":"osm","osmId":"node/874381759"}},{"type":"Feature","geometry":{"type":"Point","coordinates":[-74.082415,4.63934]},"properties":{"id":"osm:n874381766","type":"bike_parking","source":"osm","osmId":"node/874381766"}},{"type":"Feature","geometry":{"type":"Point","coordinates":[-74.145997,4.671393]},"properties":{"id":"osm:n878205756","type":"pharmacy","source":"osm","osmId":"node/878205756"}},{"type":"Feature","geometry":{"type":"Point","coordinates":[-74.111348,4.677756]},"properties":{"id":"osm:n878234805","type":"pharmacy","name":"Santa Cecilia","source":"osm","osmId":"node/878234805","operator":"Copidrogas"}},{"type":"Feature","geometry":{"type":"Point","coordinates":[-74.062854,4.671884]},"properties":{"id":"osm:n881725709","type":"pharmacy","name":"Rexal","source":"osm","osmId":"node/881725709","wheelchair":"no","operator":"Copidrogas"}},{"type":"Feature","geometry":{"type":"Point","coordinates":[-74.145097,4.671853]},"properties":{"id":"osm:n887793179","type":"pharmacy","name":"Colsubsidio","source":"osm","osmId":"node/887793179","operator":"Colsubsidio"}},{"type":"Feature","geometry":{"type":"Point","coordinates":[-74.171944,4.625138]},"properties":{"id":"osm:n889899032","type":"pharmacy","name":"Drogas la 46","source":"osm","osmId":"node/889899032"}},{"type":"Feature","geometry":{"type":"Point","coordinates":[-74.172594,4.626119]},"properties":{"id":"osm:n889899035","type":"pharmacy","name":"Su Salud","source":"osm","osmId":"node/889899035"}},{"type":"Feature","geometry":{"type":"Point","coordinates":[-74.090585,4.646203]},"properties":{"id":"osm:n893541600","type":"police","name":"CAI La Esmeralda","source":"osm","osmId":"node/893541600"}},{"type":"Feature","geometry":{"type":"Point","coordinates":[-74.0714,4.623545]},"properties":{"id":"osm:n895064548","type":"police","name":"CAI Teusaquillo","source":"osm","osmId":"node/895064548"}},{"type":"Feature","geometry":{"type":"Point","coordinates":[-74.106969,4.693591]},"properties":{"id":"osm:n896199404","type":"pharmacy","name":"La Garantía","source":"osm","osmId":"node/896199404","operator":"Copidrogas"}},{"type":"Feature","geometry":{"type":"Point","coordinates":[-74.35424,4.524647]},"properties":{"id":"osm:n900078842","type":"toilets","source":"osm","osmId":"node/900078842"}},{"type":"Feature","geometry":{"type":"Point","coordinates":[-74.058424,4.671975]},"properties":{"id":"osm:n903701512","type":"health","source":"osm","osmId":"node/903701512"}},{"type":"Feature","geometry":{"type":"Point","coordinates":[-74.065387,4.665953]},"properties":{"id":"osm:n903701540","type":"pharmacy","name":"Farmacenter","source":"osm","osmId":"node/903701540","wheelchair":"limited"}},{"type":"Feature","geometry":{"type":"Point","coordinates":[-74.154437,4.681668]},"properties":{"id":"osm:n910298349","type":"police","name":"CAI Macarena","source":"osm","osmId":"node/910298349"}},{"type":"Feature","geometry":{"type":"Point","coordinates":[-74.145342,4.594925]},"properties":{"id":"osm:n916276908","type":"toilets","source":"osm","osmId":"node/916276908"}},{"type":"Feature","geometry":{"type":"Point","coordinates":[-74.112697,4.668922]},"properties":{"id":"osm:n919249237","type":"pharmacy","name":"Copidrogas de la 26","source":"osm","osmId":"node/919249237","operator":"Copidrogas"}},{"type":"Feature","geometry":{"type":"Point","coordinates":[-74.130546,4.565063]},"properties":{"id":"osm:n926662425","type":"pharmacy","name":"Drogueria Ultraplus","source":"osm","osmId":"node/926662425","operator":"Drogueria Ultraplus"}},{"type":"Feature","geometry":{"type":"Point","coordinates":[-74.12855,4.565716]},"properties":{"id":"osm:n926663685","type":"pharmacy","name":"Drogueria Vision Salva","source":"osm","osmId":"node/926663685"}},{"type":"Feature","geometry":{"type":"Point","coordinates":[-74.129205,4.56624]},"properties":{"id":"osm:n926664929","type":"pharmacy","name":"Drogueria Farmapime","source":"osm","osmId":"node/926664929"}},{"type":"Feature","geometry":{"type":"Point","coordinates":[-74.13001,4.567026]},"properties":{"id":"osm:n926665117","type":"pharmacy","name":"Drogueria el Halcon","source":"osm","osmId":"node/926665117"}},{"type":"Feature","geometry":{"type":"Point","coordinates":[-74.13207,4.56732]},"properties":{"id":"osm:n926665217","type":"pharmacy","name":"Drogueria SHALOM","source":"osm","osmId":"node/926665217","operator":"Drogueria SHALOM"}},{"type":"Feature","geometry":{"type":"Point","coordinates":[-74.083149,4.649408]},"properties":{"id":"osm:n926763150","type":"police","name":"CAI Federmán","source":"osm","osmId":"node/926763150"}},{"type":"Feature","geometry":{"type":"Point","coordinates":[-74.106872,4.754815]},"properties":{"id":"osm:n926763169","type":"pharmacy","name":"Ultra","source":"osm","osmId":"node/926763169","operator":"Copidrogas"}},{"type":"Feature","geometry":{"type":"Point","coordinates":[-74.110283,4.753873]},"properties":{"id":"osm:n926763241","type":"police","name":"CAI Fontanar","source":"osm","osmId":"node/926763241"}},{"type":"Feature","geometry":{"type":"Point","coordinates":[-74.127202,4.661895]},"properties":{"id":"osm:n937388505","type":"police","name":"CAI Hayuelos","source":"osm","osmId":"node/937388505"}},{"type":"Feature","geometry":{"type":"Point","coordinates":[-74.120436,4.666974]},"properties":{"id":"osm:n937388524","type":"pharmacy","name":"La Rebaja","source":"osm","osmId":"node/937388524"}},{"type":"Feature","geometry":{"type":"Point","coordinates":[-74.068758,4.648042]},"properties":{"id":"osm:n968370497","type":"police","name":"CAI San Luís","source":"osm","osmId":"node/968370497"}},{"type":"Feature","geometry":{"type":"Point","coordinates":[-74.083266,4.630087]},"properties":{"id":"osm:n971170349","type":"pharmacy","name":"Pharmastore Plus","source":"osm","osmId":"node/971170349","operator":"Copidrogas"}},{"type":"Feature","geometry":{"type":"Point","coordinates":[-74.350924,4.519344]},"properties":{"id":"osm:n975475727","type":"pharmacy","name":"Drogas Jennifer","source":"osm","osmId":"node/975475727"}},{"type":"Feature","geometry":{"type":"Point","coordinates":[-74.305374,4.542666]},"properties":{"id":"osm:n976340180","type":"pharmacy","name":"Defensa Civil","source":"osm","osmId":"node/976340180"}},{"type":"Feature","geometry":{"type":"Point","coordinates":[-74.036689,4.695047]},"properties":{"id":"osm:n976547068","type":"atm","name":"Servibanca","source":"osm","osmId":"node/976547068","wheelchair":"no","operator":"Servibanca"}},{"type":"Feature","geometry":{"type":"Point","coordinates":[-74.105206,4.606202]},"properties":{"id":"osm:n979914711","type":"police","source":"osm","osmId":"node/979914711"}},{"type":"Feature","geometry":{"type":"Point","coordinates":[-74.106309,4.619147]},"properties":{"id":"osm:n979914719","type":"police","name":"CAI Gorgonzola","source":"osm","osmId":"node/979914719"}},{"type":"Feature","geometry":{"type":"Point","coordinates":[-74.062799,4.674765]},"properties":{"id":"osm:n984930678","type":"pharmacy","name":"Acuña","source":"osm","osmId":"node/984930678","wheelchair":"no","operator":"Acuña"}},{"type":"Feature","geometry":{"type":"Point","coordinates":[-74.067051,4.69366]},"properties":{"id":"osm:n984957059","type":"pharmacy","name":"Drogas La Rebaja","source":"osm","osmId":"node/984957059"}},{"type":"Feature","geometry":{"type":"Point","coordinates":[-74.066417,4.692498]},"properties":{"id":"osm:n984957065","type":"atm","name":"Servibanca","source":"osm","osmId":"node/984957065","operator":"Servibanca"}},{"type":"Feature","geometry":{"type":"Point","coordinates":[-74.130156,4.664631]},"properties":{"id":"osm:n987658987","type":"pharmacy","name":"Locatel","source":"osm","osmId":"node/987658987","operator":"Locatel"}},{"type":"Feature","geometry":{"type":"Point","coordinates":[-74.090015,4.631346]},"properties":{"id":"osm:n990344275","type":"toilets","source":"osm","osmId":"node/990344275"}},{"type":"Feature","geometry":{"type":"Point","coordinates":[-74.08998,4.631268]},"properties":{"id":"osm:n990344285","type":"atm","name":"Davivienda","source":"osm","osmId":"node/990344285","operator":"Davivienda"}},{"type":"Feature","geometry":{"type":"Point","coordinates":[-74.21804,4.578873]},"properties":{"id":"osm:n992177305","type":"pharmacy","name":"super","source":"osm","osmId":"node/992177305"}},{"type":"Feature","geometry":{"type":"Point","coordinates":[-74.219253,4.57821]},"properties":{"id":"osm:n992177987","type":"pharmacy","name":"Droxi","source":"osm","osmId":"node/992177987"}},{"type":"Feature","geometry":{"type":"Point","coordinates":[-74.220782,4.577991]},"properties":{"id":"osm:n992178647","type":"health","name":"Centro Medico Cruz Blanca","source":"osm","osmId":"node/992178647"}},{"type":"Feature","geometry":{"type":"Point","coordinates":[-74.058162,4.684097]},"properties":{"id":"osm:n997403593","type":"pharmacy","name":"Farmatodo","source":"osm","osmId":"node/997403593"}},{"type":"Feature","geometry":{"type":"Point","coordinates":[-74.084363,4.747124]},"properties":{"id":"osm:n998066672","type":"pharmacy","name":"Colsubsidio","source":"osm","osmId":"node/998066672","operator":"Colsubsidio"}},{"type":"Feature","geometry":{"type":"Point","coordinates":[-74.079615,4.756184]},"properties":{"id":"osm:n998072461","type":"pharmacy","name":"Salitre de Suba","source":"osm","osmId":"node/998072461"}},{"type":"Feature","geometry":{"type":"Point","coordinates":[-74.112335,4.675751]},"properties":{"id":"osm:n998166650","type":"pharmacy","name":"El Padrecito","source":"osm","osmId":"node/998166650","operator":"Copidrogas"}},{"type":"Feature","geometry":{"type":"Point","coordinates":[-74.044453,4.442341]},"properties":{"id":"osm:n1003204912","type":"pharmacy","name":"Droguería Oriental","source":"osm","osmId":"node/1003204912"}},{"type":"Feature","geometry":{"type":"Point","coordinates":[-74.209701,4.583459]},"properties":{"id":"osm:n1012559871","type":"pharmacy","name":"Aldaza","source":"osm","osmId":"node/1012559871"}},{"type":"Feature","geometry":{"type":"Point","coordinates":[-74.097286,4.692312]},"properties":{"id":"osm:n1028940203","type":"pharmacy","name":"farmactiva","source":"osm","osmId":"node/1028940203","operator":"copidrogas"}},{"type":"Feature","geometry":{"type":"Point","coordinates":[-74.0585,4.641573]},"properties":{"id":"osm:n1032626969","type":"police","name":"Estación de Policia de Chapinero","source":"osm","osmId":"node/1032626969"}},{"type":"Feature","geometry":{"type":"Point","coordinates":[-74.174997,4.613773]},"properties":{"id":"osm:n1037987149","type":"atm","name":"Servibanca","source":"osm","osmId":"node/1037987149","operator":"Servibanca"}},{"type":"Feature","geometry":{"type":"Point","coordinates":[-74.105853,4.737559]},"properties":{"id":"osm:n1042133063","type":"pharmacy","source":"osm","osmId":"node/1042133063"}},{"type":"Feature","geometry":{"type":"Point","coordinates":[-74.082965,4.64997]},"properties":{"id":"osm:n1042145111","type":"health","name":"Dispensario Medico Fuerza Aerea","source":"osm","osmId":"node/1042145111"}},{"type":"Feature","geometry":{"type":"Point","coordinates":[-74.095788,4.677655]},"properties":{"id":"osm:n1048733913","type":"pharmacy","name":"Drogas La Rebaja","source":"osm","osmId":"node/1048733913","operator":"Drogas La Rebaja"}},{"type":"Feature","geometry":{"type":"Point","coordinates":[-74.122527,4.66385]},"properties":{"id":"osm:n1062669948","type":"pharmacy","name":"Eli pharma","source":"osm","osmId":"node/1062669948"}},{"type":"Feature","geometry":{"type":"Point","coordinates":[-74.164143,4.633908]},"properties":{"id":"osm:n1072793956","type":"pharmacy","name":"Droxi","source":"osm","osmId":"node/1072793956"}},{"type":"Feature","geometry":{"type":"Point","coordinates":[-74.065506,4.634274]},"properties":{"id":"osm:n1107033177","type":"atm","name":"Bancolombia","source":"osm","osmId":"node/1107033177","operator":"Bancolombia"}},{"type":"Feature","geometry":{"type":"Point","coordinates":[-74.065506,4.634174]},"properties":{"id":"osm:n1107033178","type":"atm","name":"Servibanca","source":"osm","osmId":"node/1107033178","operator":"Servibanca"}},{"type":"Feature","geometry":{"type":"Point","coordinates":[-74.188258,4.631282]},"properties":{"id":"osm:n1108592732","type":"pharmacy","name":"Yian Farmacia","source":"osm","osmId":"node/1108592732"}},{"type":"Feature","geometry":{"type":"Point","coordinates":[-74.124092,4.590356]},"properties":{"id":"osm:n1110036351","type":"pharmacy","name":"Farmatodo","source":"osm","osmId":"node/1110036351"}},{"type":"Feature","geometry":{"type":"Point","coordinates":[-74.029426,4.699115]},"properties":{"id":"osm:n1116033525","type":"pharmacy","name":"Droguería Colsubsidio","source":"osm","osmId":"node/1116033525","wheelchair":"limited"}},{"type":"Feature","geometry":{"type":"Point","coordinates":[-74.215,4.714789]},"properties":{"id":"osm:n1116418100","type":"pharmacy","name":"Farmacenter / Surtimax","source":"osm","osmId":"node/1116418100"}},{"type":"Feature","geometry":{"type":"Point","coordinates":[-74.12406,4.598947]},"properties":{"id":"osm:n1120939374","type":"atm","name":"Servibanca","source":"osm","osmId":"node/1120939374","operator":"Servibanca"}},{"type":"Feature","geometry":{"type":"Point","coordinates":[-74.051163,4.755739]},"properties":{"id":"osm:n1123496711","type":"pharmacy","source":"osm","osmId":"node/1123496711"}},{"type":"Feature","geometry":{"type":"Point","coordinates":[-74.054205,4.756295]},"properties":{"id":"osm:n1123520536","type":"pharmacy","source":"osm","osmId":"node/1123520536"}},{"type":"Feature","geometry":{"type":"Point","coordinates":[-74.052896,4.756669]},"properties":{"id":"osm:n1123520537","type":"pharmacy","source":"osm","osmId":"node/1123520537"}},{"type":"Feature","geometry":{"type":"Point","coordinates":[-74.054302,4.755365]},"properties":{"id":"osm:n1123520545","type":"pharmacy","source":"osm","osmId":"node/1123520545"}},{"type":"Feature","geometry":{"type":"Point","coordinates":[-74.064609,4.61692]},"properties":{"id":"osm:n1153097437","type":"library","name":"Biblioteca Comuntiaria La Perseverancia","source":"osm","osmId":"node/1153097437"}},{"type":"Feature","geometry":{"type":"Point","coordinates":[-74.220057,4.712764]},"properties":{"id":"osm:n1160632660","type":"atm","name":"Banco Pupular","source":"osm","osmId":"node/1160632660","operator":"Banco Pupular"}},{"type":"Feature","geometry":{"type":"Point","coordinates":[-74.114453,4.723332]},"properties":{"id":"osm:n1171033874","type":"atm","name":"AV Villas","source":"osm","osmId":"node/1171033874","operator":"AV Villas"}},{"type":"Feature","geometry":{"type":"Point","coordinates":[-74.092971,4.744497]},"properties":{"id":"osm:n1193314956","type":"health","name":"Nueva Eps","source":"osm","osmId":"node/1193314956"}},{"type":"Feature","geometry":{"type":"Point","coordinates":[-74.066845,4.630208]},"properties":{"id":"osm:n1201601171","type":"pharmacy","name":"Acuña","source":"osm","osmId":"node/1201601171"}},{"type":"Feature","geometry":{"type":"Point","coordinates":[-74.106198,4.69661]},"properties":{"id":"osm:n1215249326","type":"pharmacy","name":"Drogas La Rebaja","source":"osm","osmId":"node/1215249326"}},{"type":"Feature","geometry":{"type":"Point","coordinates":[-74.165209,4.587639]},"properties":{"id":"osm:n1230757169","type":"health","name":"CAPS Ismael Perdomo","source":"osm","osmId":"node/1230757169"}},{"type":"Feature","geometry":{"type":"Point","coordinates":[-74.129464,4.635414]},"properties":{"id":"osm:n1234160176","type":"police","name":"CAI Marsella","source":"osm","osmId":"node/1234160176"}},{"type":"Feature","geometry":{"type":"Point","coordinates":[-74.049179,4.701937]},"properties":{"id":"osm:n1240344919","type":"pharmacy","name":"Colsubsidio","source":"osm","osmId":"node/1240344919","operator":"Colsubsidio"}},{"type":"Feature","geometry":{"type":"Point","coordinates":[-74.032758,4.694158]},"properties":{"id":"osm:n1248632911","type":"pharmacy","name":"Farmatodo","source":"osm","osmId":"node/1248632911","operator":"Drogas La Rebaja"}},{"type":"Feature","geometry":{"type":"Point","coordinates":[-74.051225,4.678342]},"properties":{"id":"osm:n1248632942","type":"pharmacy","name":"Farmacenter","source":"osm","osmId":"node/1248632942"}},{"type":"Feature","geometry":{"type":"Point","coordinates":[-74.135856,4.629841]},"properties":{"id":"osm:n1259982673","type":"bike_parking","name":"TransMilenio","source":"osm","osmId":"node/1259982673","operator":"TransMilenio","capacity":"72","fee":"no","covered":"yes"}},{"type":"Feature","geometry":{"type":"Point","coordinates":[-74.133185,4.629588]},"properties":{"id":"osm:n1260765842","type":"pharmacy","source":"osm","osmId":"node/1260765842"}},{"type":"Feature","geometry":{"type":"Point","coordinates":[-74.069045,4.664639]},"properties":{"id":"osm:n1317977132","type":"health","name":"Totalfarma","source":"osm","osmId":"node/1317977132","wheelchair":"no"}},{"type":"Feature","geometry":{"type":"Point","coordinates":[-74.078884,4.672142]},"properties":{"id":"osm:n1317977136","type":"health","name":"Drogas Popular","source":"osm","osmId":"node/1317977136"}},{"type":"Feature","geometry":{"type":"Point","coordinates":[-74.058274,4.664734]},"properties":{"id":"osm:n1338541495","type":"atm","name":"Servibanca","source":"osm","osmId":"node/1338541495","wheelchair":"no","operator":"Servibanca"}},{"type":"Feature","geometry":{"type":"Point","coordinates":[-74.054032,4.749226]},"properties":{"id":"osm:n1341623505","type":"atm","name":"Visa, Mastercad","source":"osm","osmId":"node/1341623505","operator":"Visa, Mastercad","fee":"Servibanca"}},{"type":"Feature","geometry":{"type":"Point","coordinates":[-74.072851,4.687973]},"properties":{"id":"osm:n1345386340","type":"atm","name":"Bancolombia","source":"osm","osmId":"node/1345386340","operator":"Bancolombia"}},{"type":"Feature","geometry":{"type":"Point","coordinates":[-74.06497,4.602796]},"properties":{"id":"osm:n1345401653","type":"atm","name":"Bancolombia","source":"osm","osmId":"node/1345401653","operator":"Bancolombia","fee":"$0 Bancolombia, Otras redes $3965"}},{"type":"Feature","geometry":{"type":"Point","coordinates":[-74.064685,4.602604]},"properties":{"id":"osm:n1345401659","type":"atm","name":"Davivienda","source":"osm","osmId":"node/1345401659","operator":"Davivienda","fee":"$0 Davivienda, Otras redes $3900"}},{"type":"Feature","geometry":{"type":"Point","coordinates":[-74.049059,4.682635]},"properties":{"id":"osm:n1353062206","type":"atm","name":"Bancolombia","source":"osm","osmId":"node/1353062206","wheelchair":"no","operator":"Bancolombia"}},{"type":"Feature","geometry":{"type":"Point","coordinates":[-74.091322,4.749909]},"properties":{"id":"osm:n1355704087","type":"pharmacy","name":"Unibacata","source":"osm","osmId":"node/1355704087"}},{"type":"Feature","geometry":{"type":"Point","coordinates":[-74.206643,4.71535]},"properties":{"id":"osm:n1362171224","type":"library","name":"Biblioteca Colsubsidio Funza","source":"osm","osmId":"node/1362171224"}},{"type":"Feature","geometry":{"type":"Point","coordinates":[-74.068452,4.696717]},"properties":{"id":"osm:n1364002275","type":"pharmacy","name":"Locatel","source":"osm","osmId":"node/1364002275","operator":"Locatel"}},{"type":"Feature","geometry":{"type":"Point","coordinates":[-74.06398,4.680936]},"properties":{"id":"osm:n1364004120","type":"pharmacy","name":"Pharmaprecio","source":"osm","osmId":"node/1364004120","operator":"Copidrogas"}},{"type":"Feature","geometry":{"type":"Point","coordinates":[-74.072762,4.713191]},"properties":{"id":"osm:n1389883681","type":"pharmacy","name":"Lindaraja","source":"osm","osmId":"node/1389883681","operator":"Copidrogas"}},{"type":"Feature","geometry":{"type":"Point","coordinates":[-74.088271,4.739808]},"properties":{"id":"osm:n1389883744","type":"pharmacy","name":"Drogas La Rebaja","source":"osm","osmId":"node/1389883744","operator":"Drogas La Rebaja"}},{"type":"Feature","geometry":{"type":"Point","coordinates":[-74.069906,4.716137]},"properties":{"id":"osm:n1398013140","type":"pharmacy","name":"Cruz Verde","source":"osm","osmId":"node/1398013140","operator":"Acuña"}},{"type":"Feature","geometry":{"type":"Point","coordinates":[-74.070538,4.596576]},"properties":{"id":"osm:n1402501534","type":"library","name":"Biblioteca del ICANH","source":"osm","osmId":"node/1402501534"}},{"type":"Feature","geometry":{"type":"Point","coordinates":[-74.114641,4.715936]},"properties":{"id":"osm:n1402888813","type":"pharmacy","name":"Saludfarma","source":"osm","osmId":"node/1402888813","operator":"Copidrogas"}},{"type":"Feature","geometry":{"type":"Point","coordinates":[-74.052401,4.729339]},"properties":{"id":"osm:n1403288496","type":"pharmacy","source":"osm","osmId":"node/1403288496"}},{"type":"Feature","geometry":{"type":"Point","coordinates":[-74.052438,4.729189]},"properties":{"id":"osm:n1403288599","type":"atm","name":"Servibanca","source":"osm","osmId":"node/1403288599","operator":"Servibanca"}},{"type":"Feature","geometry":{"type":"Point","coordinates":[-74.049792,4.736508]},"properties":{"id":"osm:n1404249417","type":"pharmacy","name":"Olimpica","source":"osm","osmId":"node/1404249417"}},{"type":"Feature","geometry":{"type":"Point","coordinates":[-74.388059,4.403078]},"properties":{"id":"osm:n1417696459","type":"pharmacy","source":"osm","osmId":"node/1417696459"}},{"type":"Feature","geometry":{"type":"Point","coordinates":[-74.082526,4.638982]},"properties":{"id":"osm:n1449509008","type":"bike_parking","name":"Laboratorios de ingeniería Electrica Y Mecánica","source":"osm","osmId":"node/1449509008","operator":"Unal"}},{"type":"Feature","geometry":{"type":"Point","coordinates":[-74.053585,4.668142]},"properties":{"id":"osm:n1459466540","type":"bike_parking","source":"osm","osmId":"node/1459466540","covered":"no"}},{"type":"Feature","geometry":{"type":"Point","coordinates":[-74.14204,4.672877]},"properties":{"id":"osm:n1460310724","type":"health","name":"Hospital Fontibón","source":"osm","osmId":"node/1460310724"}},{"type":"Feature","geometry":{"type":"Point","coordinates":[-74.370003,4.33276]},"properties":{"id":"osm:n1480230942","type":"atm","name":"Cajero Davivienda","source":"osm","osmId":"node/1480230942","operator":"Davivienda"}},{"type":"Feature","geometry":{"type":"Point","coordinates":[-74.064608,4.740469]},"properties":{"id":"osm:n1493403988","type":"atm","name":"Servibanca","source":"osm","osmId":"node/1493403988","operator":"Servibanca"}},{"type":"Feature","geometry":{"type":"Point","coordinates":[-74.065573,4.738709]},"properties":{"id":"osm:n1493422014","type":"pharmacy","name":"Drogas la Rebaja","source":"osm","osmId":"node/1493422014"}},{"type":"Feature","geometry":{"type":"Point","coordinates":[-74.064672,4.596961]},"properties":{"id":"osm:n1498025057","type":"toilets","source":"osm","osmId":"node/1498025057"}},{"type":"Feature","geometry":{"type":"Point","coordinates":[-74.064193,4.597233]},"properties":{"id":"osm:n1498025086","type":"toilets","source":"osm","osmId":"node/1498025086"}},{"type":"Feature","geometry":{"type":"Point","coordinates":[-74.064686,4.597068]},"properties":{"id":"osm:n1498025283","type":"library","source":"osm","osmId":"node/1498025283"}},{"type":"Feature","geometry":{"type":"Point","coordinates":[-74.13209,4.626754]},"properties":{"id":"osm:n1568205844","type":"pharmacy","name":"Drogueria Farma Elite","source":"osm","osmId":"node/1568205844"}},{"type":"Feature","geometry":{"type":"Point","coordinates":[-74.1333,4.612074]},"properties":{"id":"osm:n1568205863","type":"health","name":"Premisalud IPS","source":"osm","osmId":"node/1568205863"}},{"type":"Feature","geometry":{"type":"Point","coordinates":[-74.055437,4.694212]},"properties":{"id":"osm:n1577429995","type":"pharmacy","name":"Cruz Verde","source":"osm","osmId":"node/1577429995","operator":"Cruz Verde","openingHours":"07:00-21:00"}},{"type":"Feature","geometry":{"type":"Point","coordinates":[-74.05207,4.706832]},"properties":{"id":"osm:n1577435977","type":"pharmacy","name":"Farmasánitas Calle 127","source":"osm","osmId":"node/1577435977"}},{"type":"Feature","geometry":{"type":"Point","coordinates":[-74.050212,4.695185]},"properties":{"id":"osm:n1577435980","type":"pharmacy","name":"Drogueria Acuña","source":"osm","osmId":"node/1577435980"}},{"type":"Feature","geometry":{"type":"Point","coordinates":[-74.045148,4.704071]},"properties":{"id":"osm:n1577439683","type":"pharmacy","name":"La Rebaja","source":"osm","osmId":"node/1577439683"}},{"type":"Feature","geometry":{"type":"Point","coordinates":[-74.051403,4.704748]},"properties":{"id":"osm:n1577439686","type":"pharmacy","name":"Drogueria Colsubsidio","source":"osm","osmId":"node/1577439686"}},{"type":"Feature","geometry":{"type":"Point","coordinates":[-74.04311,4.701547]},"properties":{"id":"osm:n1577439688","type":"pharmacy","name":"La Rebaja","source":"osm","osmId":"node/1577439688"}},{"type":"Feature","geometry":{"type":"Point","coordinates":[-74.049394,4.704834]},"properties":{"id":"osm:n1577439699","type":"pharmacy","name":"FARMACENTER","source":"osm","osmId":"node/1577439699"}},{"type":"Feature","geometry":{"type":"Point","coordinates":[-74.051462,4.706605]},"properties":{"id":"osm:n1577439701","type":"pharmacy","name":"Confort Droguerías, Farma","source":"osm","osmId":"node/1577439701"}},{"type":"Feature","geometry":{"type":"Point","coordinates":[-74.050649,4.706359]},"properties":{"id":"osm:n1577439703","type":"pharmacy","name":"Cafam - Droguería","source":"osm","osmId":"node/1577439703"}},{"type":"Feature","geometry":{"type":"Point","coordinates":[-74.050924,4.705433]},"properties":{"id":"osm:n1577439709","type":"pharmacy","name":"Farmacia Carulla Calle 124","source":"osm","osmId":"node/1577439709","wheelchair":"limited"}},{"type":"Feature","geometry":{"type":"Point","coordinates":[-74.050502,4.704595]},"properties":{"id":"osm:n1577439726","type":"pharmacy","name":"Farmasanitas Pediatrico","source":"osm","osmId":"node/1577439726"}},{"type":"Feature","geometry":{"type":"Point","coordinates":[-74.115212,4.504579]},"properties":{"id":"osm:n1595607466","type":"pharmacy","name":"Droguería Alexmac","source":"osm","osmId":"node/1595607466"}},{"type":"Feature","geometry":{"type":"Point","coordinates":[-74.114547,4.504756]},"properties":{"id":"osm:n1595608494","type":"pharmacy","name":"Drogueria Sion","source":"osm","osmId":"node/1595608494"}},{"type":"Feature","geometry":{"type":"Point","coordinates":[-74.054704,4.654632]},"properties":{"id":"osm:n1612651798","type":"pharmacy","name":"Cruz Verde","source":"osm","osmId":"node/1612651798","wheelchair":"yes"}},{"type":"Feature","geometry":{"type":"Point","coordinates":[-74.061276,4.644832]},"properties":{"id":"osm:n1615705935","type":"atm","name":"Bacolombia","source":"osm","osmId":"node/1615705935","operator":"Bacolombia"}},{"type":"Feature","geometry":{"type":"Point","coordinates":[-74.060902,4.646172]},"properties":{"id":"osm:n1615705943","type":"atm","name":"Bacolombia","source":"osm","osmId":"node/1615705943","operator":"Bacolombia"}},{"type":"Feature","geometry":{"type":"Point","coordinates":[-74.060029,4.648188]},"properties":{"id":"osm:n1615705953","type":"atm","name":"Servibanca","source":"osm","osmId":"node/1615705953","operator":"Servibanca"}},{"type":"Feature","geometry":{"type":"Point","coordinates":[-74.06029,4.648011]},"properties":{"id":"osm:n1615705954","type":"atm","name":"Bancolombia","source":"osm","osmId":"node/1615705954","operator":"Bancolombia"}},{"type":"Feature","geometry":{"type":"Point","coordinates":[-74.059325,4.648475]},"properties":{"id":"osm:n1615705957","type":"atm","name":"AV Villas","source":"osm","osmId":"node/1615705957","operator":"AV Villas"}},{"type":"Feature","geometry":{"type":"Point","coordinates":[-74.060579,4.72651]},"properties":{"id":"osm:n1622954800","type":"atm","name":"Bancolombia","source":"osm","osmId":"node/1622954800","operator":"Bancolombia"}},{"type":"Feature","geometry":{"type":"Point","coordinates":[-74.056954,4.685417]},"properties":{"id":"osm:n1626835026","type":"pharmacy","name":"Farmasanitas Proksol","source":"osm","osmId":"node/1626835026"}},{"type":"Feature","geometry":{"type":"Point","coordinates":[-74.054764,4.686018]},"properties":{"id":"osm:n1626837398","type":"pharmacy","name":"Farmatodo","source":"osm","osmId":"node/1626837398"}},{"type":"Feature","geometry":{"type":"Point","coordinates":[-74.055537,4.693319]},"properties":{"id":"osm:n1626840072","type":"health","name":"Clínica Odontologica Jasban","source":"osm","osmId":"node/1626840072"}},{"type":"Feature","geometry":{"type":"Point","coordinates":[-74.050349,4.697686]},"properties":{"id":"osm:n1626844670","type":"health","name":"Instituto de Ortopedia y Fractura","source":"osm","osmId":"node/1626844670"}},{"type":"Feature","geometry":{"type":"Point","coordinates":[-74.051192,4.692218]},"properties":{"id":"osm:n1626845467","type":"health","name":"LaFam","source":"osm","osmId":"node/1626845467"}},{"type":"Feature","geometry":{"type":"Point","coordinates":[-74.051982,4.688106]},"properties":{"id":"osm:n1626846961","type":"health","name":"Clínica de la Sabana","source":"osm","osmId":"node/1626846961"}},{"type":"Feature","geometry":{"type":"Point","coordinates":[-74.050198,4.685242]},"properties":{"id":"osm:n1626847763","type":"pharmacy","name":"Drogueria Copidrogas Calle 100","source":"osm","osmId":"node/1626847763"}},{"type":"Feature","geometry":{"type":"Point","coordinates":[-74.049088,4.684979]},"properties":{"id":"osm:n1626848285","type":"pharmacy","name":"Super Drogueria Olimpica Calle 100","source":"osm","osmId":"node/1626848285"}},{"type":"Feature","geometry":{"type":"Point","coordinates":[-74.052805,4.685671]},"properties":{"id":"osm:n1626849273","type":"pharmacy","name":"Audifarma - Solo dispensacion","source":"osm","osmId":"node/1626849273"}},{"type":"Feature","geometry":{"type":"Point","coordinates":[-74.057104,4.684658]},"properties":{"id":"osm:n1626852523","type":"health","name":"Edificio Dalí - Clínica Estetica","source":"osm","osmId":"node/1626852523"}},{"type":"Feature","geometry":{"type":"Point","coordinates":[-74.057232,4.683546]},"properties":{"id":"osm:n1626854373","type":"pharmacy","name":"Colsubsidio Calle 95","source":"osm","osmId":"node/1626854373"}},{"type":"Feature","geometry":{"type":"Point","coordinates":[-74.055645,4.681557]},"properties":{"id":"osm:n1626857997","type":"pharmacy","name":"Drogueria Copidrogas","source":"osm","osmId":"node/1626857997"}},{"type":"Feature","geometry":{"type":"Point","coordinates":[-74.051574,4.687573]},"properties":{"id":"osm:n1626864544","type":"pharmacy","name":"Drogueria Pomona - Exito","source":"osm","osmId":"node/1626864544"}},{"type":"Feature","geometry":{"type":"Point","coordinates":[-74.035296,4.741718]},"properties":{"id":"osm:n1634614370","type":"pharmacy","name":"Farmacia Super Cardio Copidrogas","source":"osm","osmId":"node/1634614370"}},{"type":"Feature","geometry":{"type":"Point","coordinates":[-74.032185,4.740478]},"properties":{"id":"osm:n1634620326","type":"pharmacy","name":"Drogueria Cardio Rebajas Copidrogas","source":"osm","osmId":"node/1634620326","wheelchair":"yes"}},{"type":"Feature","geometry":{"type":"Point","coordinates":[-74.03502,4.739401]},"properties":{"id":"osm:n1634622312","type":"pharmacy","name":"Drogueria Orquideas","source":"osm","osmId":"node/1634622312"}},{"type":"Feature","geometry":{"type":"Point","coordinates":[-74.044529,4.733865]},"properties":{"id":"osm:n1634630472","type":"pharmacy","name":"Farmasanitas Cedro Bolivar","source":"osm","osmId":"node/1634630472"}},{"type":"Feature","geometry":{"type":"Point","coordinates":[-74.043032,4.732726]},"properties":{"id":"osm:n1634633626","type":"pharmacy","name":"Drogueria Carulla","source":"osm","osmId":"node/1634633626"}},{"type":"Feature","geometry":{"type":"Point","coordinates":[-74.06351,4.743844]},"properties":{"id":"osm:n1657449139","type":"pharmacy","name":"Droguería Farmaluna","source":"osm","osmId":"node/1657449139"}},{"type":"Feature","geometry":{"type":"Point","coordinates":[-74.036314,4.691208]},"properties":{"id":"osm:n1661102692","type":"toilets","source":"osm","osmId":"node/1661102692"}},{"type":"Feature","geometry":{"type":"Point","coordinates":[-74.063302,4.665594]},"properties":{"id":"osm:n1661279380","type":"health","name":"Hospital de Chapinero","source":"osm","osmId":"node/1661279380"}},{"type":"Feature","geometry":{"type":"Point","coordinates":[-74.04858,4.681141]},"properties":{"id":"osm:n1661458473","type":"health","name":"Sanitas CLL 95","source":"osm","osmId":"node/1661458473"}},{"type":"Feature","geometry":{"type":"Point","coordinates":[-74.035303,4.687196]},"properties":{"id":"osm:n1662399878","type":"atm","name":"Banco Caja Social","source":"osm","osmId":"node/1662399878","wheelchair":"limited","operator":"Banco Caja Social"}},{"type":"Feature","geometry":{"type":"Point","coordinates":[-74.036328,4.697996]},"properties":{"id":"osm:n1663294371","type":"pharmacy","source":"osm","osmId":"node/1663294371"}},{"type":"Feature","geometry":{"type":"Point","coordinates":[-74.064829,4.602948]},"properties":{"id":"osm:n1686001043","type":"library","name":"Ramon de Zubiria","source":"osm","osmId":"node/1686001043"}},{"type":"Feature","geometry":{"type":"Point","coordinates":[-74.04373,4.746666]},"properties":{"id":"osm:n1713649207","type":"pharmacy","name":"Droguería Toberin","source":"osm","osmId":"node/1713649207"}},{"type":"Feature","geometry":{"type":"Point","coordinates":[-74.067115,4.636726]},"properties":{"id":"osm:n1735515390","type":"pharmacy","name":"Punto Farma","source":"osm","osmId":"node/1735515390"}},{"type":"Feature","geometry":{"type":"Point","coordinates":[-74.072033,4.684602]},"properties":{"id":"osm:n1735966160","type":"police","name":"CAI","source":"osm","osmId":"node/1735966160"}},{"type":"Feature","geometry":{"type":"Point","coordinates":[-74.056796,4.686183]},"properties":{"id":"osm:n1742062718","type":"pharmacy","name":"Droguería Colsubsidio","source":"osm","osmId":"node/1742062718","operator":"Colsubsidio","openingHours":"24/7"}},{"type":"Feature","geometry":{"type":"Point","coordinates":[-74.06352,4.65027]},"properties":{"id":"osm:n1790143006","type":"pharmacy","source":"osm","osmId":"node/1790143006"}},{"type":"Feature","geometry":{"type":"Point","coordinates":[-74.06867,4.619138]},"properties":{"id":"osm:n1790366858","type":"pharmacy","name":"Locatel","source":"osm","osmId":"node/1790366858"}},{"type":"Feature","geometry":{"type":"Point","coordinates":[-74.184624,4.636262]},"properties":{"id":"osm:n1818346775","type":"pharmacy","name":"Famay","source":"osm","osmId":"node/1818346775"}},{"type":"Feature","geometry":{"type":"Point","coordinates":[-74.061419,4.652966]},"properties":{"id":"osm:n1818459179","type":"pharmacy","name":"La Economia","source":"osm","osmId":"node/1818459179"}},{"type":"Feature","geometry":{"type":"Point","coordinates":[-74.05289,4.728792]},"properties":{"id":"osm:n1824990762","type":"pharmacy","name":"Drogueria la Gran Esquina","source":"osm","osmId":"node/1824990762"}},{"type":"Feature","geometry":{"type":"Point","coordinates":[-74.054168,4.666161]},"properties":{"id":"osm:n1824991266","type":"atm","name":"BBVA","source":"osm","osmId":"node/1824991266","operator":"BBVA"}},{"type":"Feature","geometry":{"type":"Point","coordinates":[-74.066131,4.729001]},"properties":{"id":"osm:n1829686006","type":"pharmacy","name":"Ciolsubsidio","source":"osm","osmId":"node/1829686006"}},{"type":"Feature","geometry":{"type":"Point","coordinates":[-74.046167,4.722623]},"properties":{"id":"osm:n1829686009","type":"pharmacy","name":"Drogas la economia","source":"osm","osmId":"node/1829686009"}},{"type":"Feature","geometry":{"type":"Point","coordinates":[-74.038945,4.706108]},"properties":{"id":"osm:n1830380563","type":"toilets","source":"osm","osmId":"node/1830380563"}},{"type":"Feature","geometry":{"type":"Point","coordinates":[-74.232606,4.492279]},"properties":{"id":"osm:n1832147071","type":"pharmacy","source":"osm","osmId":"node/1832147071"}},{"type":"Feature","geometry":{"type":"Point","coordinates":[-74.150456,4.681273]},"properties":{"id":"osm:n1852382410","type":"pharmacy","name":"Nuevo Monterrey","source":"osm","osmId":"node/1852382410"}},{"type":"Feature","geometry":{"type":"Point","coordinates":[-74.365849,4.336689]},"properties":{"id":"osm:n1852927848","type":"pharmacy","name":"Superpharma","source":"osm","osmId":"node/1852927848","operator":"Superpharma"}},{"type":"Feature","geometry":{"type":"Point","coordinates":[-74.0908,4.717975]},"properties":{"id":"osm:n1854272375","type":"pharmacy","name":"ecofarm","source":"osm","osmId":"node/1854272375"}},{"type":"Feature","geometry":{"type":"Point","coordinates":[-74.138789,4.670281]},"properties":{"id":"osm:n1854272380","type":"pharmacy","name":"Puerto Vital","source":"osm","osmId":"node/1854272380"}},{"type":"Feature","geometry":{"type":"Point","coordinates":[-74.145006,4.672287]},"properties":{"id":"osm:n1854272382","type":"pharmacy","name":"Drogas La Rebaja","source":"osm","osmId":"node/1854272382"}},{"type":"Feature","geometry":{"type":"Point","coordinates":[-74.136863,4.67195]},"properties":{"id":"osm:n1854272398","type":"health","name":"Clínica Santa Teresa","source":"osm","osmId":"node/1854272398"}},{"type":"Feature","geometry":{"type":"Point","coordinates":[-74.046353,4.720667]},"properties":{"id":"osm:n1855113657","type":"pharmacy","name":"La Rebaja Plus","source":"osm","osmId":"node/1855113657"}},{"type":"Feature","geometry":{"type":"Point","coordinates":[-74.118413,4.665026]},"properties":{"id":"osm:n1861692404","type":"police","name":"CAI Canal Boyacá","source":"osm","osmId":"node/1861692404","operator":"Policía Metropolitana de Bogotá"}},{"type":"Feature","geometry":{"type":"Point","coordinates":[-74.140217,4.553699]},"properties":{"id":"osm:n1866344951","type":"pharmacy","source":"osm","osmId":"node/1866344951"}},{"type":"Feature","geometry":{"type":"Point","coordinates":[-74.128305,4.586366]},"properties":{"id":"osm:n1870341055","type":"pharmacy","name":"Drogas Recontrabaratas","source":"osm","osmId":"node/1870341055"}},{"type":"Feature","geometry":{"type":"Point","coordinates":[-74.093462,4.601891]},"properties":{"id":"osm:n1872852867","type":"atm","source":"osm","osmId":"node/1872852867","fee":"Banco Popular"}},{"type":"Feature","geometry":{"type":"Point","coordinates":[-74.152024,4.681038]},"properties":{"id":"osm:n1880345459","type":"atm","name":"Bancolombia","source":"osm","osmId":"node/1880345459","operator":"Bancolombia"}},{"type":"Feature","geometry":{"type":"Point","coordinates":[-74.085849,4.569777]},"properties":{"id":"osm:n1883307345","type":"police","source":"osm","osmId":"node/1883307345"}},{"type":"Feature","geometry":{"type":"Point","coordinates":[-74.148255,4.678321]},"properties":{"id":"osm:n1912397659","type":"pharmacy","name":"Nuevo Monterrey","source":"osm","osmId":"node/1912397659"}},{"type":"Feature","geometry":{"type":"Point","coordinates":[-74.040008,4.74777]},"properties":{"id":"osm:n1924388541","type":"pharmacy","name":"Santa Cecilia","source":"osm","osmId":"node/1924388541"}},{"type":"Feature","geometry":{"type":"Point","coordinates":[-74.032014,4.71759]},"properties":{"id":"osm:n1927579329","type":"pharmacy","source":"osm","osmId":"node/1927579329"}},{"type":"Feature","geometry":{"type":"Point","coordinates":[-74.034779,4.718477]},"properties":{"id":"osm:n1927618908","type":"pharmacy","name":"Drogueria Colsubsidio","source":"osm","osmId":"node/1927618908"}},{"type":"Feature","geometry":{"type":"Point","coordinates":[-74.164839,4.643451]},"properties":{"id":"osm:n1940834907","type":"pharmacy","source":"osm","osmId":"node/1940834907"}},{"type":"Feature","geometry":{"type":"Point","coordinates":[-74.033062,4.693264]},"properties":{"id":"osm:n1943466186","type":"bike_parking","source":"osm","osmId":"node/1943466186"}},{"type":"Feature","geometry":{"type":"Point","coordinates":[-74.120166,4.613914]},"properties":{"id":"osm:n1948128681","type":"pharmacy","source":"osm","osmId":"node/1948128681"}},{"type":"Feature","geometry":{"type":"Point","coordinates":[-74.058528,4.653786]},"properties":{"id":"osm:n1953634826","type":"bike_parking","source":"osm","osmId":"node/1953634826"}},{"type":"Feature","geometry":{"type":"Point","coordinates":[-74.03753,4.687496]},"properties":{"id":"osm:n1953684749","type":"bike_parking","source":"osm","osmId":"node/1953684749"}},{"type":"Feature","geometry":{"type":"Point","coordinates":[-74.10719,4.706266]},"properties":{"id":"osm:n1957054322","type":"police","name":"CAI Quirigua","source":"osm","osmId":"node/1957054322"}},{"type":"Feature","geometry":{"type":"Point","coordinates":[-74.050026,4.736162]},"properties":{"id":"osm:n1966223131","type":"atm","source":"osm","osmId":"node/1966223131"}},{"type":"Feature","geometry":{"type":"Point","coordinates":[-74.044612,4.75525]},"properties":{"id":"osm:n1976207334","type":"atm","name":"Citibank","source":"osm","osmId":"node/1976207334","operator":"Citibank"}},{"type":"Feature","geometry":{"type":"Point","coordinates":[-74.096169,4.749482]},"properties":{"id":"osm:n1976212133","type":"atm","name":"Citibank","source":"osm","osmId":"node/1976212133","operator":"Citibank"}},{"type":"Feature","geometry":{"type":"Point","coordinates":[-74.097753,4.748571]},"properties":{"id":"osm:n1976212136","type":"atm","name":"Citibank","source":"osm","osmId":"node/1976212136","operator":"Citibank"}},{"type":"Feature","geometry":{"type":"Point","coordinates":[-74.096201,4.749401]},"properties":{"id":"osm:n1976212139","type":"atm","name":"Bancolombia","source":"osm","osmId":"node/1976212139","operator":"Bancolombia"}},{"type":"Feature","geometry":{"type":"Point","coordinates":[-74.037992,4.688878]},"properties":{"id":"osm:n1984371403","type":"bike_parking","source":"osm","osmId":"node/1984371403"}},{"type":"Feature","geometry":{"type":"Point","coordinates":[-74.047847,4.67375]},"properties":{"id":"osm:n1984472590","type":"bike_parking","source":"osm","osmId":"node/1984472590","capacity":"4","covered":"no"}},{"type":"Feature","geometry":{"type":"Point","coordinates":[-74.053814,4.674747]},"properties":{"id":"osm:n1984472749","type":"bike_parking","source":"osm","osmId":"node/1984472749","capacity":"7","covered":"no"}},{"type":"Feature","geometry":{"type":"Point","coordinates":[-74.035416,4.718786]},"properties":{"id":"osm:n1986116920","type":"pharmacy","name":"Cruz Verde","source":"osm","osmId":"node/1986116920","openingHours":"24/7"}},{"type":"Feature","geometry":{"type":"Point","coordinates":[-74.084302,4.638261]},"properties":{"id":"osm:n2019201030","type":"bike_parking","source":"osm","osmId":"node/2019201030"}},{"type":"Feature","geometry":{"type":"Point","coordinates":[-74.087441,4.635744]},"properties":{"id":"osm:n2019253899","type":"library","name":"Biblioteca de Agronomía","source":"osm","osmId":"node/2019253899"}},{"type":"Feature","geometry":{"type":"Point","coordinates":[-74.084223,4.635644]},"properties":{"id":"osm:n2019253900","type":"library","name":"Biblioteca de Derecho y Ciencias Políticas","source":"osm","osmId":"node/2019253900"}},{"type":"Feature","geometry":{"type":"Point","coordinates":[-74.085552,4.633904]},"properties":{"id":"osm:n2019253901","type":"library","name":"Biblioteca Mujer y Género","source":"osm","osmId":"node/2019253901"}},{"type":"Feature","geometry":{"type":"Point","coordinates":[-74.086441,4.634361]},"properties":{"id":"osm:n2019253902","type":"library","name":"Biblioteca de Postgrados de Ciencias Humanas","source":"osm","osmId":"node/2019253902","wheelchair":"yes"}},{"type":"Feature","geometry":{"type":"Point","coordinates":[-74.06512,4.600495]},"properties":{"id":"osm:n2021958507","type":"toilets","name":"Universidad de los Andes","source":"osm","osmId":"node/2021958507","wheelchair":"limited","operator":"Universidad de los Andes","fee":"no"}},{"type":"Feature","geometry":{"type":"Point","coordinates":[-74.06515,4.600853]},"properties":{"id":"osm:n2021967803","type":"toilets","name":"Universidad de los Andes","source":"osm","osmId":"node/2021967803","wheelchair":"limited","operator":"Universidad de los Andes","fee":"no"}},{"type":"Feature","geometry":{"type":"Point","coordinates":[-74.065844,4.604645]},"properties":{"id":"osm:n2027015337","type":"library","name":"Biblioteca Administración","source":"osm","osmId":"node/2027015337"}},{"type":"Feature","geometry":{"type":"Point","coordinates":[-74.033584,4.694194]},"properties":{"id":"osm:n2027015338","type":"library","name":"Biblioteca Medicina","source":"osm","osmId":"node/2027015338"}},{"type":"Feature","geometry":{"type":"Point","coordinates":[-74.065567,4.601933]},"properties":{"id":"osm:n2027015339","type":"library","name":"Biblioteca Derecho","source":"osm","osmId":"node/2027015339"}},{"type":"Feature","geometry":{"type":"Point","coordinates":[-74.064943,4.601513]},"properties":{"id":"osm:n2027025981","type":"library","name":"Biblioteca Economía","source":"osm","osmId":"node/2027025981"}},{"type":"Feature","geometry":{"type":"Point","coordinates":[-74.068285,4.603387]},"properties":{"id":"osm:n2038540912","type":"atm","name":"Bancolombia","source":"osm","osmId":"node/2038540912"}},{"type":"Feature","geometry":{"type":"Point","coordinates":[-74.062609,4.600105]},"properties":{"id":"osm:n2040318108","type":"toilets","source":"osm","osmId":"node/2040318108"}},{"type":"Feature","geometry":{"type":"Point","coordinates":[-74.062837,4.600105]},"properties":{"id":"osm:n2040318123","type":"toilets","source":"osm","osmId":"node/2040318123"}},{"type":"Feature","geometry":{"type":"Point","coordinates":[-74.066917,4.601279]},"properties":{"id":"osm:n2040979151","type":"health","name":"Centro Médico Uniandes","source":"osm","osmId":"node/2040979151"}},{"type":"Feature","geometry":{"type":"Point","coordinates":[-74.064688,4.602867]},"properties":{"id":"osm:n2041080458","type":"library","name":"Direccion Sistema de Bibliotecas","source":"osm","osmId":"node/2041080458"}},{"type":"Feature","geometry":{"type":"Point","coordinates":[-74.065923,4.604243]},"properties":{"id":"osm:n2042802128","type":"atm","name":"Banco de Bogotá","source":"osm","osmId":"node/2042802128","operator":"Banco de Bogotá","fee":"$1040 por Retiro"}},{"type":"Feature","geometry":{"type":"Point","coordinates":[-74.0652,4.601998]},"properties":{"id":"osm:n2042832805","type":"atm","name":"ServiBanca","source":"osm","osmId":"node/2042832805","operator":"ServiBanca","fee":"La fijada por el Banco de la Tarjeta"}},{"type":"Feature","geometry":{"type":"Point","coordinates":[-74.06489,4.602764]},"properties":{"id":"osm:n2045094295","type":"toilets","source":"osm","osmId":"node/2045094295","fee":"no"}},{"type":"Feature","geometry":{"type":"Point","coordinates":[-74.064741,4.602464]},"properties":{"id":"osm:n2045094299","type":"toilets","source":"osm","osmId":"node/2045094299","fee":"no"}},{"type":"Feature","geometry":{"type":"Point","coordinates":[-74.064764,4.602964]},"properties":{"id":"osm:n2045094301","type":"toilets","source":"osm","osmId":"node/2045094301","fee":"no"}},{"type":"Feature","geometry":{"type":"Point","coordinates":[-74.064591,4.602881]},"properties":{"id":"osm:n2045094308","type":"toilets","source":"osm","osmId":"node/2045094308","fee":"no"}},{"type":"Feature","geometry":{"type":"Point","coordinates":[-74.064697,4.602654]},"properties":{"id":"osm:n2045094315","type":"toilets","source":"osm","osmId":"node/2045094315"}},{"type":"Feature","geometry":{"type":"Point","coordinates":[-74.065871,4.604735]},"properties":{"id":"osm:n2050036079","type":"bike_parking","name":"Parqueadero de bicicletas Edf. UniAndes SD","source":"osm","osmId":"node/2050036079","operator":"Universiad de Los Andes","capacity":"70","fee":"no","covered":"yes"}},{"type":"Feature","geometry":{"type":"Point","coordinates":[-74.06362,4.600708]},"properties":{"id":"osm:n2050063374","type":"bike_parking","name":"Parqueadero de bicicletas","source":"osm","osmId":"node/2050063374","operator":"Universidad de Los Andes","capacity":"4","fee":"no","covered":"no"}},{"type":"Feature","geometry":{"type":"Point","coordinates":[-74.103223,4.704765]},"properties":{"id":"osm:n2082872935","type":"pharmacy","name":"Locatel","source":"osm","osmId":"node/2082872935"}},{"type":"Feature","geometry":{"type":"Point","coordinates":[-74.439286,4.732575]},"properties":{"id":"osm:n2100175421","type":"health","name":"Centro de Salud","source":"osm","osmId":"node/2100175421"}},{"type":"Feature","geometry":{"type":"Point","coordinates":[-74.140815,4.592608]},"properties":{"id":"osm:n2104740534","type":"library","name":"Biblioteca Comunitaria Venecia","source":"osm","osmId":"node/2104740534"}},{"type":"Feature","geometry":{"type":"Point","coordinates":[-74.096619,4.693599]},"properties":{"id":"osm:n2139299467","type":"police","name":"CAI","source":"osm","osmId":"node/2139299467"}},{"type":"Feature","geometry":{"type":"Point","coordinates":[-74.097778,4.686985]},"properties":{"id":"osm:n2139318450","type":"pharmacy","source":"osm","osmId":"node/2139318450"}},{"type":"Feature","geometry":{"type":"Point","coordinates":[-74.101109,4.689519]},"properties":{"id":"osm:n2139318916","type":"pharmacy","source":"osm","osmId":"node/2139318916"}},{"type":"Feature","geometry":{"type":"Point","coordinates":[-74.064644,4.74048]},"properties":{"id":"osm:n2140785398","type":"atm","name":"Banco de Bogotá","source":"osm","osmId":"node/2140785398","operator":"Banco de Bogotá"}},{"type":"Feature","geometry":{"type":"Point","coordinates":[-74.064138,4.740791]},"properties":{"id":"osm:n2140786086","type":"pharmacy","name":"Drogueria Acuña","source":"osm","osmId":"node/2140786086"}},{"type":"Feature","geometry":{"type":"Point","coordinates":[-74.064802,4.734334]},"properties":{"id":"osm:n2141044363","type":"atm","name":"Bancolombia","source":"osm","osmId":"node/2141044363","operator":"Bancolombia"}},{"type":"Feature","geometry":{"type":"Point","coordinates":[-74.064548,4.643989]},"properties":{"id":"osm:n2178479897","type":"pharmacy","name":"Drogas La Economía","source":"osm","osmId":"node/2178479897"}},{"type":"Feature","geometry":{"type":"Point","coordinates":[-74.415302,4.272059]},"properties":{"id":"osm:n2195228633","type":"pharmacy","name":"Droguería Arbeláez","source":"osm","osmId":"node/2195228633"}},{"type":"Feature","geometry":{"type":"Point","coordinates":[-74.422048,4.179097]},"properties":{"id":"osm:n2195232366","type":"pharmacy","source":"osm","osmId":"node/2195232366"}},{"type":"Feature","geometry":{"type":"Point","coordinates":[-74.082525,4.637414]},"properties":{"id":"osm:n2217936793","type":"bike_parking","source":"osm","osmId":"node/2217936793","capacity":"26","covered":"no"}},{"type":"Feature","geometry":{"type":"Point","coordinates":[-74.12164,4.557986]},"properties":{"id":"osm:n2281751667","type":"pharmacy","name":"Drogas Corpisalud","source":"osm","osmId":"node/2281751667"}},{"type":"Feature","geometry":{"type":"Point","coordinates":[-74.120732,4.558957]},"properties":{"id":"osm:n2281752061","type":"pharmacy","name":"Coorpidrogas","source":"osm","osmId":"node/2281752061"}},{"type":"Feature","geometry":{"type":"Point","coordinates":[-74.121961,4.558]},"properties":{"id":"osm:n2283631779","type":"atm","name":"Cajero","source":"osm","osmId":"node/2283631779"}},{"type":"Feature","geometry":{"type":"Point","coordinates":[-74.163503,4.602864]},"properties":{"id":"osm:n2306516209","type":"pharmacy","source":"osm","osmId":"node/2306516209"}},{"type":"Feature","geometry":{"type":"Point","coordinates":[-74.078858,4.635971]},"properties":{"id":"osm:n2315535486","type":"health","name":"Salud Total","source":"osm","osmId":"node/2315535486"}},{"type":"Feature","geometry":{"type":"Point","coordinates":[-74.060616,4.652364]},"properties":{"id":"osm:n2317810652","type":"health","name":"Compensar","source":"osm","osmId":"node/2317810652","openingHours":"24/7"}},{"type":"Feature","geometry":{"type":"Point","coordinates":[-74.042421,4.78305]},"properties":{"id":"osm:n2327709659","type":"atm","source":"osm","osmId":"node/2327709659"}},{"type":"Feature","geometry":{"type":"Point","coordinates":[-74.096984,4.712635]},"properties":{"id":"osm:n2334849941","type":"pharmacy","name":"Asodrogas","source":"osm","osmId":"node/2334849941","operator":"Asodrogas"}},{"type":"Feature","geometry":{"type":"Point","coordinates":[-74.096827,4.712476]},"properties":{"id":"osm:n2334849943","type":"health","name":"Unidad Médica Ortegon","source":"osm","osmId":"node/2334849943"}},{"type":"Feature","geometry":{"type":"Point","coordinates":[-74.104425,4.708366]},"properties":{"id":"osm:n2334971468","type":"atm","name":"Servibanca","source":"osm","osmId":"node/2334971468","operator":"Servibanca"}},{"type":"Feature","geometry":{"type":"Point","coordinates":[-74.103608,4.7049]},"properties":{"id":"osm:n2335451846","type":"atm","name":"CityBank","source":"osm","osmId":"node/2335451846","operator":"CityBank"}},{"type":"Feature","geometry":{"type":"Point","coordinates":[-74.094352,4.709713]},"properties":{"id":"osm:n2335451847","type":"atm","name":"Servibanca","source":"osm","osmId":"node/2335451847","operator":"Servibanca"}},{"type":"Feature","geometry":{"type":"Point","coordinates":[-74.080897,4.634835]},"properties":{"id":"osm:n2348766331","type":"bike_parking","source":"osm","osmId":"node/2348766331"}},{"type":"Feature","geometry":{"type":"Point","coordinates":[-74.074215,4.639183]},"properties":{"id":"osm:n2374397659","type":"health","name":"IMEVI sede Galerias","source":"osm","osmId":"node/2374397659","operator":"Compensar"}},{"type":"Feature","geometry":{"type":"Point","coordinates":[-74.136899,4.64743]},"properties":{"id":"osm:n2377574010","type":"pharmacy","name":"Droguería San Felipe","source":"osm","osmId":"node/2377574010","operator":"Copidrogas"}},{"type":"Feature","geometry":{"type":"Point","coordinates":[-74.13704,4.648149]},"properties":{"id":"osm:n2377574011","type":"pharmacy","name":"Droguería del Parque","source":"osm","osmId":"node/2377574011"}},{"type":"Feature","geometry":{"type":"Point","coordinates":[-74.075052,4.691225]},"properties":{"id":"osm:n2399625435","type":"atm","name":"Banco de Bogotá","source":"osm","osmId":"node/2399625435","operator":"Banco de Bogotá"}},{"type":"Feature","geometry":{"type":"Point","coordinates":[-74.068969,4.686547]},"properties":{"id":"osm:n2494278316","type":"pharmacy","name":"Drogueria Suleal","source":"osm","osmId":"node/2494278316"}},{"type":"Feature","geometry":{"type":"Point","coordinates":[-74.155597,4.624679]},"properties":{"id":"osm:n2518808256","type":"pharmacy","source":"osm","osmId":"node/2518808256"}},{"type":"Feature","geometry":{"type":"Point","coordinates":[-74.108788,4.662027]},"properties":{"id":"osm:n2549891870","type":"bike_parking","name":"Cicloparqueadero Avenida Rojas","source":"osm","osmId":"node/2549891870","operator":"TransMilenio","capacity":"104","fee":"no","covered":"no"}},{"type":"Feature","geometry":{"type":"Point","coordinates":[-74.123444,4.619807]},"properties":{"id":"osm:n2576361382","type":"pharmacy","name":"Drogueria Hipercomunal","source":"osm","osmId":"node/2576361382"}},{"type":"Feature","geometry":{"type":"Point","coordinates":[-74.365204,4.341181]},"properties":{"id":"osm:n2596027671","type":"pharmacy","name":"Copifam","source":"osm","osmId":"node/2596027671","operator":"Copifam"}},{"type":"Feature","geometry":{"type":"Point","coordinates":[-74.363505,4.341906]},"properties":{"id":"osm:n2596027672","type":"pharmacy","name":"La Rebaja","source":"osm","osmId":"node/2596027672","operator":"Drogas La Rebaja"}},{"type":"Feature","geometry":{"type":"Point","coordinates":[-74.216748,4.580152]},"properties":{"id":"osm:n2596107220","type":"atm","name":"Bancolombia","source":"osm","osmId":"node/2596107220","operator":"Bancolombia","fee":"Bancolombia"}},{"type":"Feature","geometry":{"type":"Point","coordinates":[-74.087455,4.628827]},"properties":{"id":"osm:n2609365592","type":"atm","name":"Servibanca","source":"osm","osmId":"node/2609365592"}},{"type":"Feature","geometry":{"type":"Point","coordinates":[-74.082868,4.630473]},"properties":{"id":"osm:n2609377117","type":"atm","name":"Banco Popular","source":"osm","osmId":"node/2609377117","operator":"Grupo AVAL"}},{"type":"Feature","geometry":{"type":"Point","coordinates":[-74.101817,4.644239]},"properties":{"id":"osm:n2609931160","type":"atm","name":"Davivienda","source":"osm","osmId":"node/2609931160","operator":"Davivienda"}},{"type":"Feature","geometry":{"type":"Point","coordinates":[-74.087437,4.629081]},"properties":{"id":"osm:n2609961443","type":"pharmacy","name":"La 35","source":"osm","osmId":"node/2609961443"}},{"type":"Feature","geometry":{"type":"Point","coordinates":[-74.083557,4.629294]},"properties":{"id":"osm:n2610372353","type":"atm","name":"Banco Popular","source":"osm","osmId":"node/2610372353","operator":"Banco Popular","openingHours":"Mo-Su 07:00-21:00"}},{"type":"Feature","geometry":{"type":"Point","coordinates":[-74.13883,4.571512]},"properties":{"id":"osm:n2633039348","type":"police","name":"Policia Nacional","source":"osm","osmId":"node/2633039348","operator":"Policia Nacional"}},{"type":"Feature","geometry":{"type":"Point","coordinates":[-74.129981,4.647503]},"properties":{"id":"osm:n2636164500","type":"atm","name":"Servibanca","source":"osm","osmId":"node/2636164500","operator":"Servibanca"}},{"type":"Feature","geometry":{"type":"Point","coordinates":[-74.107927,4.582199]},"properties":{"id":"osm:n2661443800","type":"health","name":"San Jose Ocupacional","source":"osm","osmId":"node/2661443800"}},{"type":"Feature","geometry":{"type":"Point","coordinates":[-74.057191,4.684406]},"properties":{"id":"osm:n2692959016","type":"health","name":"Saludcoop","source":"osm","osmId":"node/2692959016"}},{"type":"Feature","geometry":{"type":"Point","coordinates":[-74.116811,4.668918]},"properties":{"id":"osm:n2692960148","type":"pharmacy","source":"osm","osmId":"node/2692960148"}},{"type":"Feature","geometry":{"type":"Point","coordinates":[-74.096249,4.581338]},"properties":{"id":"osm:n2692985123","type":"pharmacy","name":"CityFarma LMRA","source":"osm","osmId":"node/2692985123"}},{"type":"Feature","geometry":{"type":"Point","coordinates":[-74.091044,4.627485]},"properties":{"id":"osm:n2693008481","type":"pharmacy","name":"Drogueria","source":"osm","osmId":"node/2693008481"}},{"type":"Feature","geometry":{"type":"Point","coordinates":[-74.091008,4.627639]},"properties":{"id":"osm:n2693008513","type":"atm","name":"Servibanca","source":"osm","osmId":"node/2693008513"}},{"type":"Feature","geometry":{"type":"Point","coordinates":[-74.030556,4.730123]},"properties":{"id":"osm:n2693020867","type":"pharmacy","name":"Farmacia","source":"osm","osmId":"node/2693020867"}},{"type":"Feature","geometry":{"type":"Point","coordinates":[-74.118699,4.660512]},"properties":{"id":"osm:n2693059590","type":"atm","name":"cajero davivienda","source":"osm","osmId":"node/2693059590","operator":"cajero davivienda"}},{"type":"Feature","geometry":{"type":"Point","coordinates":[-74.074557,4.641706]},"properties":{"id":"osm:n2693093833","type":"police","name":"CAI Galerías","source":"osm","osmId":"node/2693093833"}},{"type":"Feature","geometry":{"type":"Point","coordinates":[-74.123558,4.621269]},"properties":{"id":"osm:n2710153596","type":"pharmacy","name":"Drogueria Buganviles","source":"osm","osmId":"node/2710153596"}},{"type":"Feature","geometry":{"type":"Point","coordinates":[-74.142631,4.698072]},"properties":{"id":"osm:n2710238549","type":"atm","name":"Davivienda, BBVA","source":"osm","osmId":"node/2710238549","operator":"Davivienda"}},{"type":"Feature","geometry":{"type":"Point","coordinates":[-74.141165,4.698677]},"properties":{"id":"osm:n2710238558","type":"atm","name":"Bancolombia","source":"osm","osmId":"node/2710238558","operator":"Bancolombia"}},{"type":"Feature","geometry":{"type":"Point","coordinates":[-74.145291,4.678081]},"properties":{"id":"osm:n2768796731","type":"atm","name":"ServiBanca","source":"osm","osmId":"node/2768796731","operator":"ServiBanca"}},{"type":"Feature","geometry":{"type":"Point","coordinates":[-74.1877,4.605481]},"properties":{"id":"osm:n2819032330","type":"health","name":"Policlínico Bosa","source":"osm","osmId":"node/2819032330","openingHours":"24/7"}},{"type":"Feature","geometry":{"type":"Point","coordinates":[-74.18975,4.603488]},"properties":{"id":"osm:n2824612217","type":"pharmacy","name":"Farmacity","source":"osm","osmId":"node/2824612217","operator":"droguerias la rebaja"}},{"type":"Feature","geometry":{"type":"Point","coordinates":[-74.077472,4.634462]},"properties":{"id":"osm:n2851651568","type":"pharmacy","name":"Farmacia","source":"osm","osmId":"node/2851651568"}},{"type":"Feature","geometry":{"type":"Point","coordinates":[-74.085212,4.633711]},"properties":{"id":"osm:n2854357346","type":"bike_parking","source":"osm","osmId":"node/2854357346"}},{"type":"Feature","geometry":{"type":"Point","coordinates":[-74.08165,4.631122]},"properties":{"id":"osm:n2856621315","type":"pharmacy","name":"Pharmatodo","source":"osm","osmId":"node/2856621315"}},{"type":"Feature","geometry":{"type":"Point","coordinates":[-74.051384,4.655252]},"properties":{"id":"osm:n2863240119","type":"pharmacy","name":"Drogueria El Castillo de Rosales","source":"osm","osmId":"node/2863240119"}},{"type":"Feature","geometry":{"type":"Point","coordinates":[-74.033914,4.712636]},"properties":{"id":"osm:n2892177695","type":"atm","name":"Davivienda","source":"osm","osmId":"node/2892177695"}},{"type":"Feature","geometry":{"type":"Point","coordinates":[-74.07008,4.798797]},"properties":{"id":"osm:n3010341597","type":"toilets","source":"osm","osmId":"node/3010341597","fee":"no"}},{"type":"Feature","geometry":{"type":"Point","coordinates":[-74.085015,4.742337]},"properties":{"id":"osm:n3046649148","type":"pharmacy","name":"El Dorado","source":"osm","osmId":"node/3046649148","operator":"Copidrogas"}},{"type":"Feature","geometry":{"type":"Point","coordinates":[-74.084406,4.740686]},"properties":{"id":"osm:n3046649169","type":"pharmacy","name":"Audifarma","source":"osm","osmId":"node/3046649169","operator":"Audifarma"}},{"type":"Feature","geometry":{"type":"Point","coordinates":[-74.112659,4.595134]},"properties":{"id":"osm:n3099813210","type":"bike_parking","source":"osm","osmId":"node/3099813210"}},{"type":"Feature","geometry":{"type":"Point","coordinates":[-74.112088,4.595168]},"properties":{"id":"osm:n3099813218","type":"library","source":"osm","osmId":"node/3099813218"}},{"type":"Feature","geometry":{"type":"Point","coordinates":[-74.087379,4.744888]},"properties":{"id":"osm:n3165850872","type":"pharmacy","name":"Farmacenter","source":"osm","osmId":"node/3165850872","operator":"Farmacenter"}},{"type":"Feature","geometry":{"type":"Point","coordinates":[-74.146984,4.631462]},"properties":{"id":"osm:n3176992961","type":"bike_parking","name":"Cicloparqueadero Estación Banderas 1","source":"osm","osmId":"node/3176992961","operator":"TransMilenio","capacity":"164","fee":"no","covered":"yes"}},{"type":"Feature","geometry":{"type":"Point","coordinates":[-74.129997,4.629709]},"properties":{"id":"osm:n3176994614","type":"bike_parking","name":"TransMilenio","source":"osm","osmId":"node/3176994614","operator":"TransMilenio","capacity":"32","fee":"no","covered":"yes"}},{"type":"Feature","geometry":{"type":"Point","coordinates":[-74.118867,4.62857]},"properties":{"id":"osm:n3176996461","type":"bike_parking","name":"Cicloparqueadero estación Pradera - Plaza Central","source":"osm","osmId":"node/3176996461","operator":"TransMilenio","capacity":"32","fee":"no","covered":"yes"}},{"type":"Feature","geometry":{"type":"Point","coordinates":[-73.968541,4.72014]},"properties":{"id":"osm:n3200879659","type":"pharmacy","name":"Olímpica","source":"osm","osmId":"node/3200879659","operator":"Olímpica"}},{"type":"Feature","geometry":{"type":"Point","coordinates":[-74.140941,4.640129]},"properties":{"id":"osm:n3273100913","type":"atm","name":"Bancolombia","source":"osm","osmId":"node/3273100913"}},{"type":"Feature","geometry":{"type":"Point","coordinates":[-74.140891,4.640142]},"properties":{"id":"osm:n3273100914","type":"atm","name":"Citibank","source":"osm","osmId":"node/3273100914"}},{"type":"Feature","geometry":{"type":"Point","coordinates":[-74.140865,4.640196]},"properties":{"id":"osm:n3273100915","type":"atm","name":"Davivienda","source":"osm","osmId":"node/3273100915"}},{"type":"Feature","geometry":{"type":"Point","coordinates":[-74.060269,4.681565]},"properties":{"id":"osm:n3291646352","type":"police","name":"Region de Policia No.1","source":"osm","osmId":"node/3291646352","operator":"Policia Nacional"}},{"type":"Feature","geometry":{"type":"Point","coordinates":[-74.094717,4.553794]},"properties":{"id":"osm:n3315072911","type":"library","name":"Biblioteca Pública Local La Victoria","source":"osm","osmId":"node/3315072911","operator":"Biblo Red","openingHours":"Tu-Sa 08:00-17:00"}},{"type":"Feature","geometry":{"type":"Point","coordinates":[-74.091816,4.553905]},"properties":{"id":"osm:n3317114281","type":"pharmacy","name":"Punto Farma","source":"osm","osmId":"node/3317114281"}},{"type":"Feature","geometry":{"type":"Point","coordinates":[-74.091917,4.553926]},"properties":{"id":"osm:n3317114282","type":"pharmacy","name":"Paguemenos","source":"osm","osmId":"node/3317114282"}},{"type":"Feature","geometry":{"type":"Point","coordinates":[-74.09179,4.552303]},"properties":{"id":"osm:n3317157023","type":"pharmacy","name":"Comunal","source":"osm","osmId":"node/3317157023"}},{"type":"Feature","geometry":{"type":"Point","coordinates":[-74.0922,4.551325]},"properties":{"id":"osm:n3317162169","type":"pharmacy","name":"Comunal","source":"osm","osmId":"node/3317162169"}},{"type":"Feature","geometry":{"type":"Point","coordinates":[-74.09208,4.551277]},"properties":{"id":"osm:n3317164992","type":"pharmacy","name":"Sfarma","source":"osm","osmId":"node/3317164992"}},{"type":"Feature","geometry":{"type":"Point","coordinates":[-74.086343,4.672905]},"properties":{"id":"osm:n3334616468","type":"pharmacy","name":"Drogueria Lisboa","source":"osm","osmId":"node/3334616468","openingHours":"Mo-Fr 08:00-22:00; Su 09:00-21:00"}},{"type":"Feature","geometry":{"type":"Point","coordinates":[-74.075483,4.631549]},"properties":{"id":"osm:n3391355007","type":"atm","name":"Bancolombia","source":"osm","osmId":"node/3391355007","operator":"Bancolombia"}},{"type":"Feature","geometry":{"type":"Point","coordinates":[-74.067786,4.625246]},"properties":{"id":"osm:n3392760909","type":"atm","source":"osm","osmId":"node/3392760909"}},{"type":"Feature","geometry":{"type":"Point","coordinates":[-74.065467,4.626624]},"properties":{"id":"osm:n3392760911","type":"atm","source":"osm","osmId":"node/3392760911"}},{"type":"Feature","geometry":{"type":"Point","coordinates":[-74.064841,4.626597]},"properties":{"id":"osm:n3392760912","type":"atm","source":"osm","osmId":"node/3392760912"}},{"type":"Feature","geometry":{"type":"Point","coordinates":[-74.06731,4.62744]},"properties":{"id":"osm:n3392760913","type":"atm","source":"osm","osmId":"node/3392760913"}},{"type":"Feature","geometry":{"type":"Point","coordinates":[-74.06748,4.619536]},"properties":{"id":"osm:n3392782164","type":"atm","name":"Cajero Automatico Bancolombia, Exito San Martin","source":"osm","osmId":"node/3392782164","operator":"Bancolombia"}},{"type":"Feature","geometry":{"type":"Point","coordinates":[-74.066147,4.625799]},"properties":{"id":"osm:n3392782868","type":"atm","name":"Av Villas","source":"osm","osmId":"node/3392782868","operator":"Av Villas"}},{"type":"Feature","geometry":{"type":"Point","coordinates":[-74.069337,4.626909]},"properties":{"id":"osm:n3392782870","type":"atm","name":"Av Villas","source":"osm","osmId":"node/3392782870","operator":"Av Villas"}},{"type":"Feature","geometry":{"type":"Point","coordinates":[-74.064008,4.631558]},"properties":{"id":"osm:n3392782873","type":"atm","name":"Av Villas","source":"osm","osmId":"node/3392782873","operator":"Av Villas"}},{"type":"Feature","geometry":{"type":"Point","coordinates":[-74.067192,4.632583]},"properties":{"id":"osm:n3392782875","type":"atm","name":"Av Villas","source":"osm","osmId":"node/3392782875","operator":"Av Villas"}},{"type":"Feature","geometry":{"type":"Point","coordinates":[-74.087883,4.611176]},"properties":{"id":"osm:n3392787605","type":"atm","source":"osm","osmId":"node/3392787605"}},{"type":"Feature","geometry":{"type":"Point","coordinates":[-74.069272,4.613673]},"properties":{"id":"osm:n3392787606","type":"atm","source":"osm","osmId":"node/3392787606"}},{"type":"Feature","geometry":{"type":"Point","coordinates":[-74.097455,4.614679]},"properties":{"id":"osm:n3392787607","type":"atm","source":"osm","osmId":"node/3392787607"}},{"type":"Feature","geometry":{"type":"Point","coordinates":[-74.064337,4.628232]},"properties":{"id":"osm:n3392787608","type":"atm","name":"Davivienda","source":"osm","osmId":"node/3392787608","operator":"Davivienda"}},{"type":"Feature","geometry":{"type":"Point","coordinates":[-74.052995,4.666028]},"properties":{"id":"osm:n3392787610","type":"atm","source":"osm","osmId":"node/3392787610"}},{"type":"Feature","geometry":{"type":"Point","coordinates":[-74.047209,4.68416]},"properties":{"id":"osm:n3392787613","type":"atm","source":"osm","osmId":"node/3392787613"}},{"type":"Feature","geometry":{"type":"Point","coordinates":[-74.070146,4.610763]},"properties":{"id":"osm:n3392794486","type":"atm","name":"DAVIbank","source":"osm","osmId":"node/3392794486","operator":"Davivienda Group"}},{"type":"Feature","geometry":{"type":"Point","coordinates":[-74.067188,4.626573]},"properties":{"id":"osm:n3392794488","type":"atm","source":"osm","osmId":"node/3392794488"}},{"type":"Feature","geometry":{"type":"Point","coordinates":[-74.063863,4.643881]},"properties":{"id":"osm:n3392794489","type":"atm","name":"Colpatria","source":"osm","osmId":"node/3392794489","operator":"Colpatria"}},{"type":"Feature","geometry":{"type":"Point","coordinates":[-74.058926,4.650236]},"properties":{"id":"osm:n3392794490","type":"atm","source":"osm","osmId":"node/3392794490"}},{"type":"Feature","geometry":{"type":"Point","coordinates":[-74.063209,4.650597]},"properties":{"id":"osm:n3392794491","type":"atm","source":"osm","osmId":"node/3392794491"}},{"type":"Feature","geometry":{"type":"Point","coordinates":[-74.057917,4.657131]},"properties":{"id":"osm:n3392796693","type":"atm","source":"osm","osmId":"node/3392796693"}},{"type":"Feature","geometry":{"type":"Point","coordinates":[-74.055717,4.657595]},"properties":{"id":"osm:n3392796694","type":"atm","source":"osm","osmId":"node/3392796694"}},{"type":"Feature","geometry":{"type":"Point","coordinates":[-74.125991,4.67183]},"properties":{"id":"osm:n3412127522","type":"bike_parking","source":"osm","osmId":"node/3412127522","capacity":"7","covered":"yes"}},{"type":"Feature","geometry":{"type":"Point","coordinates":[-74.13606,4.71079]},"properties":{"id":"osm:n3413698302","type":"pharmacy","name":"Super éxito de drogas Alvarez","source":"osm","osmId":"node/3413698302"}},{"type":"Feature","geometry":{"type":"Point","coordinates":[-74.066775,4.629225]},"properties":{"id":"osm:n3417619898","type":"atm","name":"Bancolombia","source":"osm","osmId":"node/3417619898"}},{"type":"Feature","geometry":{"type":"Point","coordinates":[-74.066917,4.629873]},"properties":{"id":"osm:n3417633239","type":"pharmacy","name":"Colombia Farma","source":"osm","osmId":"node/3417633239"}},{"type":"Feature","geometry":{"type":"Point","coordinates":[-74.155258,4.600031]},"properties":{"id":"osm:n3417860944","type":"atm","name":"Servibanca","source":"osm","osmId":"node/3417860944"}},{"type":"Feature","geometry":{"type":"Point","coordinates":[-74.107806,4.744623]},"properties":{"id":"osm:n3417948414","type":"atm","name":"Colpatria","source":"osm","osmId":"node/3417948414"}},{"type":"Feature","geometry":{"type":"Point","coordinates":[-74.108969,4.744689]},"properties":{"id":"osm:n3418565699","type":"atm","name":"Banco Popular","source":"osm","osmId":"node/3418565699"}},{"type":"Feature","geometry":{"type":"Point","coordinates":[-74.067629,4.625786]},"properties":{"id":"osm:n3418713803","type":"atm","name":"Davivienda","source":"osm","osmId":"node/3418713803","operator":"Davivienda"}},{"type":"Feature","geometry":{"type":"Point","coordinates":[-74.064344,4.631847]},"properties":{"id":"osm:n3418789703","type":"pharmacy","name":"Farma Positiva","source":"osm","osmId":"node/3418789703"}},{"type":"Feature","geometry":{"type":"Point","coordinates":[-74.068791,4.632854]},"properties":{"id":"osm:n3418869702","type":"atm","name":"Av Villas","source":"osm","osmId":"node/3418869702","operator":"AV Villas"}},{"type":"Feature","geometry":{"type":"Point","coordinates":[-74.128656,4.582713]},"properties":{"id":"osm:n3418877627","type":"pharmacy","name":"Copifarma","source":"osm","osmId":"node/3418877627"}},{"type":"Feature","geometry":{"type":"Point","coordinates":[-74.135498,4.596019]},"properties":{"id":"osm:n3418895901","type":"atm","name":"BBVA","source":"osm","osmId":"node/3418895901"}},{"type":"Feature","geometry":{"type":"Point","coordinates":[-74.155176,4.599749]},"properties":{"id":"osm:n3418907090","type":"pharmacy","name":"Farmacenter","source":"osm","osmId":"node/3418907090"}},{"type":"Feature","geometry":{"type":"Point","coordinates":[-74.156228,4.599998]},"properties":{"id":"osm:n3418907224","type":"pharmacy","name":"Villa Rous","source":"osm","osmId":"node/3418907224"}},{"type":"Feature","geometry":{"type":"Point","coordinates":[-74.09874,4.583561]},"properties":{"id":"osm:n3418924296","type":"pharmacy","name":"Drogas Superbaratas","source":"osm","osmId":"node/3418924296"}},{"type":"Feature","geometry":{"type":"Point","coordinates":[-74.132597,4.599477]},"properties":{"id":"osm:n3419842531","type":"health","name":"Odontología","source":"osm","osmId":"node/3419842531"}},{"type":"Feature","geometry":{"type":"Point","coordinates":[-74.067012,4.625976]},"properties":{"id":"osm:n3419846101","type":"health","name":"Instituto Laboratorio Clinico","source":"osm","osmId":"node/3419846101"}},{"type":"Feature","geometry":{"type":"Point","coordinates":[-74.094677,4.671931]},"properties":{"id":"osm:n3419982406","type":"pharmacy","name":"Pharmacenter","source":"osm","osmId":"node/3419982406"}},{"type":"Feature","geometry":{"type":"Point","coordinates":[-74.094728,4.672642]},"properties":{"id":"osm:n3420009699","type":"pharmacy","name":"Servifarma L.F","source":"osm","osmId":"node/3420009699"}},{"type":"Feature","geometry":{"type":"Point","coordinates":[-74.102894,4.756838]},"properties":{"id":"osm:n3420358943","type":"pharmacy","name":"Drogueria Compartir","source":"osm","osmId":"node/3420358943"}},{"type":"Feature","geometry":{"type":"Point","coordinates":[-74.108676,4.752533]},"properties":{"id":"osm:n3420486325","type":"atm","name":"Davivienda","source":"osm","osmId":"node/3420486325"}},{"type":"Feature","geometry":{"type":"Point","coordinates":[-74.108434,4.752617]},"properties":{"id":"osm:n3420532330","type":"atm","name":"Bancolombia","source":"osm","osmId":"node/3420532330"}},{"type":"Feature","geometry":{"type":"Point","coordinates":[-74.048481,4.757327]},"properties":{"id":"osm:n3420570894","type":"pharmacy","name":"Pescaderia Anguimar","source":"osm","osmId":"node/3420570894"}},{"type":"Feature","geometry":{"type":"Point","coordinates":[-74.112372,4.613481]},"properties":{"id":"osm:n3420879675","type":"pharmacy","source":"osm","osmId":"node/3420879675"}},{"type":"Feature","geometry":{"type":"Point","coordinates":[-74.106845,4.677619]},"properties":{"id":"osm:n3428155437","type":"health","name":"Colsubsidio Clinic","source":"osm","osmId":"node/3428155437"}},{"type":"Feature","geometry":{"type":"Point","coordinates":[-74.084814,4.632851]},"properties":{"id":"osm:n3454994061","type":"atm","name":"Banco Popular ATH","source":"osm","osmId":"node/3454994061","operator":"ATH"}},{"type":"Feature","geometry":{"type":"Point","coordinates":[-74.083511,4.62933]},"properties":{"id":"osm:n3454995131","type":"atm","name":"Servibanca","source":"osm","osmId":"node/3454995131","operator":"Servibanca"}},{"type":"Feature","geometry":{"type":"Point","coordinates":[-74.095999,4.750684]},"properties":{"id":"osm:n3460632571","type":"bike_parking","name":"Cicloparqueadero","source":"osm","osmId":"node/3460632571","operator":"Plaza Imperial","capacity":"100","fee":"yes","covered":"yes"}},{"type":"Feature","geometry":{"type":"Point","coordinates":[-74.097248,4.747888]},"properties":{"id":"osm:n3460894556","type":"bike_parking","name":"Cicloparqueadero","source":"osm","osmId":"node/3460894556","operator":"Éxito Suba","capacity":"100","fee":"yes","covered":"yes"}},{"type":"Feature","geometry":{"type":"Point","coordinates":[-74.085861,4.6951]},"properties":{"id":"osm:n3460894557","type":"bike_parking","name":"Cicloparqueadero","source":"osm","osmId":"node/3460894557","operator":"Titán Plaza","capacity":"50","fee":"yes","covered":"yes"}},{"type":"Feature","geometry":{"type":"Point","coordinates":[-74.13101,4.663486]},"properties":{"id":"osm:n3460905810","type":"bike_parking","name":"Cicloparqueadero","source":"osm","osmId":"node/3460905810","operator":"Hayuelos","capacity":"50","fee":"yes","covered":"no"}},{"type":"Feature","geometry":{"type":"Point","coordinates":[-74.097538,4.657145]},"properties":{"id":"osm:n3460945580","type":"bike_parking","name":"Cicloparqueadero","source":"osm","osmId":"node/3460945580","operator":"Pq. Simón Bolivar","capacity":"10","fee":"no","covered":"no"}},{"type":"Feature","geometry":{"type":"Point","coordinates":[-74.154611,4.63839]},"properties":{"id":"osm:n3465606070","type":"pharmacy","source":"osm","osmId":"node/3465606070"}},{"type":"Feature","geometry":{"type":"Point","coordinates":[-74.061735,4.694664]},"properties":{"id":"osm:n3498348459","type":"pharmacy","name":"Super Tienda Lisboa","source":"osm","osmId":"node/3498348459","operator":"Lisboa-Copidrogas","openingHours":"Mo-Fr 08:00-22:00; Su, PH 09:00-21:00"}},{"type":"Feature","geometry":{"type":"Point","coordinates":[-74.133811,4.691042]},"properties":{"id":"osm:n3519071155","type":"atm","name":"Davivienda","source":"osm","osmId":"node/3519071155","operator":"Davivienda"}},{"type":"Feature","geometry":{"type":"Point","coordinates":[-74.141184,4.698471]},"properties":{"id":"osm:n3519071277","type":"atm","name":"Citibank","source":"osm","osmId":"node/3519071277","operator":"Citibank"}},{"type":"Feature","geometry":{"type":"Point","coordinates":[-74.141227,4.698709]},"properties":{"id":"osm:n3519071283","type":"atm","name":"BBVA","source":"osm","osmId":"node/3519071283","operator":"BBVA"}},{"type":"Feature","geometry":{"type":"Point","coordinates":[-74.097555,4.662182]},"properties":{"id":"osm:n3520237061","type":"toilets","source":"osm","osmId":"node/3520237061"}},{"type":"Feature","geometry":{"type":"Point","coordinates":[-74.096748,4.666343]},"properties":{"id":"osm:n3520251075","type":"toilets","source":"osm","osmId":"node/3520251075"}},{"type":"Feature","geometry":{"type":"Point","coordinates":[-74.080655,4.608177]},"properties":{"id":"osm:n3544818813","type":"health","name":"Clínica San Francisco de Asis","source":"osm","osmId":"node/3544818813"}},{"type":"Feature","geometry":{"type":"Point","coordinates":[-74.044273,4.681508]},"properties":{"id":"osm:n3552672783","type":"atm","name":"Davivienda","source":"osm","osmId":"node/3552672783","operator":"Davivienda"}},{"type":"Feature","geometry":{"type":"Point","coordinates":[-74.043803,4.682455]},"properties":{"id":"osm:n3552673688","type":"atm","name":"Davivienda","source":"osm","osmId":"node/3552673688","operator":"Davivienda"}},{"type":"Feature","geometry":{"type":"Point","coordinates":[-74.056953,4.699841]},"properties":{"id":"osm:n3552685502","type":"atm","name":"Davivienda","source":"osm","osmId":"node/3552685502"}},{"type":"Feature","geometry":{"type":"Point","coordinates":[-74.082391,4.630644]},"properties":{"id":"osm:n3636086065","type":"atm","name":"Banco de Bogota","source":"osm","osmId":"node/3636086065","operator":"Grupo AVAL"}},{"type":"Feature","geometry":{"type":"Point","coordinates":[-74.070242,4.60098]},"properties":{"id":"osm:n3638154176","type":"atm","name":"BBVA","source":"osm","osmId":"node/3638154176","operator":"BBVA","openingHours":"24/7"}},{"type":"Feature","geometry":{"type":"Point","coordinates":[-74.054907,4.603525]},"properties":{"id":"osm:n3649302952","type":"toilets","source":"osm","osmId":"node/3649302952","fee":"yes"}},{"type":"Feature","geometry":{"type":"Point","coordinates":[-74.054961,4.605844]},"properties":{"id":"osm:n3649459145","type":"police","name":"Estacion Policia de Turismo","source":"osm","osmId":"node/3649459145"}},{"type":"Feature","geometry":{"type":"Point","coordinates":[-74.054995,4.605784]},"properties":{"id":"osm:n3649459146","type":"health","name":"Puesto de la Cruz Roja","source":"osm","osmId":"node/3649459146","operator":"Cruz Roja"}},{"type":"Feature","geometry":{"type":"Point","coordinates":[-74.055258,4.605702]},"properties":{"id":"osm:n3654462014","type":"library","name":"Ediciones Paulinas","source":"osm","osmId":"node/3654462014","wheelchair":"no","openingHours":"08:30-12:30,15:30-20:00"}},{"type":"Feature","geometry":{"type":"Point","coordinates":[-74.055032,4.605506]},"properties":{"id":"osm:n3654462015","type":"toilets","source":"osm","osmId":"node/3654462015","wheelchair":"yes","fee":"yes"}},{"type":"Feature","geometry":{"type":"Point","coordinates":[-74.051059,4.704698]},"properties":{"id":"osm:n3697926116","type":"health","name":"Laboratorio Clínico Gómez Vesga","source":"osm","osmId":"node/3697926116"}},{"type":"Feature","geometry":{"type":"Point","coordinates":[-74.139321,4.587018]},"properties":{"id":"osm:n3698891552","type":"pharmacy","source":"osm","osmId":"node/3698891552"}},{"type":"Feature","geometry":{"type":"Point","coordinates":[-74.272121,4.537578]},"properties":{"id":"osm:n3724887244","type":"toilets","source":"osm","osmId":"node/3724887244"}},{"type":"Feature","geometry":{"type":"Point","coordinates":[-74.0818,4.665946]},"properties":{"id":"osm:n3736804221","type":"pharmacy","name":"Moving Solutions","source":"osm","osmId":"node/3736804221"}},{"type":"Feature","geometry":{"type":"Point","coordinates":[-74.084256,4.66701]},"properties":{"id":"osm:n3736823046","type":"pharmacy","name":"Los Cipreses","source":"osm","osmId":"node/3736823046"}},{"type":"Feature","geometry":{"type":"Point","coordinates":[-74.080048,4.661142]},"properties":{"id":"osm:n3736830879","type":"pharmacy","name":"Salomé","source":"osm","osmId":"node/3736830879"}},{"type":"Feature","geometry":{"type":"Point","coordinates":[-74.079996,4.661117]},"properties":{"id":"osm:n3736830880","type":"pharmacy","name":"Atlanta Plus","source":"osm","osmId":"node/3736830880"}},{"type":"Feature","geometry":{"type":"Point","coordinates":[-74.079639,4.660804]},"properties":{"id":"osm:n3736830884","type":"pharmacy","name":"Hiper-droguería San Miguel","source":"osm","osmId":"node/3736830884"}},{"type":"Feature","geometry":{"type":"Point","coordinates":[-74.138611,4.594385]},"properties":{"id":"osm:n3750742809","type":"atm","name":"Banco Caja Social","source":"osm","osmId":"node/3750742809"}},{"type":"Feature","geometry":{"type":"Point","coordinates":[-74.100548,4.753835]},"properties":{"id":"osm:n3752384417","type":"pharmacy","name":"Farmaketh","source":"osm","osmId":"node/3752384417"}},{"type":"Feature","geometry":{"type":"Point","coordinates":[-74.210467,4.711087]},"properties":{"id":"osm:n3753927052","type":"pharmacy","name":"Farmanatural Garud","source":"osm","osmId":"node/3753927052"}},{"type":"Feature","geometry":{"type":"Point","coordinates":[-74.050037,4.706207]},"properties":{"id":"osm:n3754553226","type":"health","name":"Gastromedicall","source":"osm","osmId":"node/3754553226"}},{"type":"Feature","geometry":{"type":"Point","coordinates":[-74.137961,4.59326]},"properties":{"id":"osm:n3755215920","type":"atm","name":"Colpatria","source":"osm","osmId":"node/3755215920"}},{"type":"Feature","geometry":{"type":"Point","coordinates":[-74.132275,4.61049]},"properties":{"id":"osm:n3755294229","type":"pharmacy","name":"Droguería J.L","source":"osm","osmId":"node/3755294229"}},{"type":"Feature","geometry":{"type":"Point","coordinates":[-74.133847,4.59618]},"properties":{"id":"osm:n3755321342","type":"pharmacy","source":"osm","osmId":"node/3755321342"}},{"type":"Feature","geometry":{"type":"Point","coordinates":[-74.048477,4.758838]},"properties":{"id":"osm:n3755329161","type":"pharmacy","name":"Droguería Edison Farma","source":"osm","osmId":"node/3755329161"}},{"type":"Feature","geometry":{"type":"Point","coordinates":[-74.185145,4.637392]},"properties":{"id":"osm:n3755330411","type":"atm","name":"Servibanca","source":"osm","osmId":"node/3755330411"}},{"type":"Feature","geometry":{"type":"Point","coordinates":[-74.098193,4.753456]},"properties":{"id":"osm:n3755392077","type":"pharmacy","name":"Droguerias Ultra","source":"osm","osmId":"node/3755392077"}},{"type":"Feature","geometry":{"type":"Point","coordinates":[-74.067568,4.638786]},"properties":{"id":"osm:n3755437887","type":"health","name":"Tania Salud","source":"osm","osmId":"node/3755437887"}},{"type":"Feature","geometry":{"type":"Point","coordinates":[-74.183844,4.639236]},"properties":{"id":"osm:n3755795758","type":"atm","name":"Davivienda","source":"osm","osmId":"node/3755795758"}},{"type":"Feature","geometry":{"type":"Point","coordinates":[-74.184249,4.639146]},"properties":{"id":"osm:n3755818103","type":"pharmacy","source":"osm","osmId":"node/3755818103"}},{"type":"Feature","geometry":{"type":"Point","coordinates":[-74.090374,4.732524]},"properties":{"id":"osm:n3756683530","type":"pharmacy","name":"Drogueria","source":"osm","osmId":"node/3756683530"}},{"type":"Feature","geometry":{"type":"Point","coordinates":[-74.063001,4.640126]},"properties":{"id":"osm:n3756798242","type":"pharmacy","name":"Droguería Montreal","source":"osm","osmId":"node/3756798242"}},{"type":"Feature","geometry":{"type":"Point","coordinates":[-74.10966,4.654587]},"properties":{"id":"osm:n3757478967","type":"atm","name":"Banco AV Villas","source":"osm","osmId":"node/3757478967","operator":"Banco AV Villas"}},{"type":"Feature","geometry":{"type":"Point","coordinates":[-74.109609,4.652748]},"properties":{"id":"osm:n3757479378","type":"toilets","source":"osm","osmId":"node/3757479378","fee":"no"}},{"type":"Feature","geometry":{"type":"Point","coordinates":[-74.109387,4.654046]},"properties":{"id":"osm:n3757489138","type":"library","name":"Papeleria Diagrama","source":"osm","osmId":"node/3757489138"}},{"type":"Feature","geometry":{"type":"Point","coordinates":[-74.084909,4.736728]},"properties":{"id":"osm:n3759785805","type":"pharmacy","name":"Farmacenter","source":"osm","osmId":"node/3759785805"}},{"type":"Feature","geometry":{"type":"Point","coordinates":[-74.217348,4.581993]},"properties":{"id":"osm:n3899061706","type":"library","name":"Biblioteca Pública Joaquin Piñeros","source":"osm","osmId":"node/3899061706","operator":"Secretaria de Educación y Cultura de Soacha"}},{"type":"Feature","geometry":{"type":"Point","coordinates":[-74.094389,4.710321]},"properties":{"id":"osm:n3942685092","type":"atm","name":"ATH","source":"osm","osmId":"node/3942685092","wheelchair":"yes","operator":"ATH"}},{"type":"Feature","geometry":{"type":"Point","coordinates":[-74.053732,4.672763]},"properties":{"id":"osm:n4054818489","type":"bike_parking","source":"osm","osmId":"node/4054818489","capacity":"4","covered":"no"}},{"type":"Feature","geometry":{"type":"Point","coordinates":[-74.063689,4.649638]},"properties":{"id":"osm:n4056991817","type":"health","source":"osm","osmId":"node/4056991817"}},{"type":"Feature","geometry":{"type":"Point","coordinates":[-74.062903,4.649177]},"properties":{"id":"osm:n4056991819","type":"pharmacy","name":"Droguería Alemana","source":"osm","osmId":"node/4056991819","operator":"Droguería Alemana","openingHours":"24/7"}},{"type":"Feature","geometry":{"type":"Point","coordinates":[-74.140984,4.676889]},"properties":{"id":"osm:n4069975395","type":"pharmacy","source":"osm","osmId":"node/4069975395"}},{"type":"Feature","geometry":{"type":"Point","coordinates":[-74.114792,4.603045]},"properties":{"id":"osm:n4073427073","type":"toilets","source":"osm","osmId":"node/4073427073"}},{"type":"Feature","geometry":{"type":"Point","coordinates":[-74.131646,4.581671]},"properties":{"id":"osm:n4080171685","type":"pharmacy","source":"osm","osmId":"node/4080171685"}},{"type":"Feature","geometry":{"type":"Point","coordinates":[-74.052297,4.674397]},"properties":{"id":"osm:n4084220710","type":"atm","name":"Cajero Automático Bancolombia","source":"osm","osmId":"node/4084220710"}},{"type":"Feature","geometry":{"type":"Point","coordinates":[-74.052301,4.673875]},"properties":{"id":"osm:n4084223745","type":"atm","name":"Cajero Banco de Bogota","source":"osm","osmId":"node/4084223745"}},{"type":"Feature","geometry":{"type":"Point","coordinates":[-74.058968,4.683831]},"properties":{"id":"osm:n4088724199","type":"health","name":"Vidamedical IPS","source":"osm","osmId":"node/4088724199","wheelchair":"yes"}},{"type":"Feature","geometry":{"type":"Point","coordinates":[-74.08675,4.566333]},"properties":{"id":"osm:n4089387782","type":"library","name":"La Biblioteca Nacional","source":"osm","osmId":"node/4089387782"}},{"type":"Feature","geometry":{"type":"Point","coordinates":[-73.971474,4.72137]},"properties":{"id":"osm:n4095599613","type":"library","name":"Biblioteca Pública La Calera","source":"osm","osmId":"node/4095599613"}},{"type":"Feature","geometry":{"type":"Point","coordinates":[-74.065516,4.63667]},"properties":{"id":"osm:n4095700071","type":"pharmacy","name":"Droguería Marly","source":"osm","osmId":"node/4095700071"}},{"type":"Feature","geometry":{"type":"Point","coordinates":[-74.065485,4.636812]},"properties":{"id":"osm:n4095700074","type":"atm","name":"Cajero ATH Banco de Bogotá","source":"osm","osmId":"node/4095700074"}},{"type":"Feature","geometry":{"type":"Point","coordinates":[-73.969456,4.833467]},"properties":{"id":"osm:n4100566023","type":"library","name":"Biblioteca San Gabriel","source":"osm","osmId":"node/4100566023"}},{"type":"Feature","geometry":{"type":"Point","coordinates":[-74.067456,4.634938]},"properties":{"id":"osm:n4101111353","type":"health","name":"Nueva Esps","source":"osm","osmId":"node/4101111353"}},{"type":"Feature","geometry":{"type":"Point","coordinates":[-74.130522,4.611735]},"properties":{"id":"osm:n4101226241","type":"pharmacy","name":"invicta","source":"osm","osmId":"node/4101226241"}},{"type":"Feature","geometry":{"type":"Point","coordinates":[-74.067076,4.634491]},"properties":{"id":"osm:n4103672157","type":"pharmacy","name":"Super Andina","source":"osm","osmId":"node/4103672157"}},{"type":"Feature","geometry":{"type":"Point","coordinates":[-74.066879,4.634444]},"properties":{"id":"osm:n4103672161","type":"atm","name":"Caja Social","source":"osm","osmId":"node/4103672161"}},{"type":"Feature","geometry":{"type":"Point","coordinates":[-74.066213,4.629239]},"properties":{"id":"osm:n4103735736","type":"health","name":"IPS CRC Valoramos","source":"osm","osmId":"node/4103735736"}},{"type":"Feature","geometry":{"type":"Point","coordinates":[-74.066307,4.629168]},"properties":{"id":"osm:n4103735737","type":"toilets","source":"osm","osmId":"node/4103735737"}},{"type":"Feature","geometry":{"type":"Point","coordinates":[-74.065789,4.632092]},"properties":{"id":"osm:n4103811703","type":"health","name":"Salud Ocupacional Colcan","source":"osm","osmId":"node/4103811703"}},{"type":"Feature","geometry":{"type":"Point","coordinates":[-74.065475,4.636969]},"properties":{"id":"osm:n4103906450","type":"health","name":"Colmedica","source":"osm","osmId":"node/4103906450"}},{"type":"Feature","geometry":{"type":"Point","coordinates":[-74.065527,4.636612]},"properties":{"id":"osm:n4103906451","type":"health","name":"EPS Sanitas","source":"osm","osmId":"node/4103906451"}},{"type":"Feature","geometry":{"type":"Point","coordinates":[-74.065432,4.636113]},"properties":{"id":"osm:n4104058990","type":"pharmacy","name":"Mundo Med K","source":"osm","osmId":"node/4104058990"}},{"type":"Feature","geometry":{"type":"Point","coordinates":[-74.066781,4.629185]},"properties":{"id":"osm:n4105304521","type":"health","name":"Led dent","source":"osm","osmId":"node/4105304521"}},{"type":"Feature","geometry":{"type":"Point","coordinates":[-74.196826,4.593357]},"properties":{"id":"osm:n4108834829","type":"pharmacy","name":"Hiperdrogueria Kamifarma","source":"osm","osmId":"node/4108834829"}},{"type":"Feature","geometry":{"type":"Point","coordinates":[-74.066655,4.633385]},"properties":{"id":"osm:n4110474975","type":"pharmacy","name":"Piel & Vida","source":"osm","osmId":"node/4110474975"}},{"type":"Feature","geometry":{"type":"Point","coordinates":[-74.067097,4.636956]},"properties":{"id":"osm:n4112240940","type":"pharmacy","name":"Audifarma","source":"osm","osmId":"node/4112240940"}},{"type":"Feature","geometry":{"type":"Point","coordinates":[-74.066401,4.636427]},"properties":{"id":"osm:n4112420003","type":"pharmacy","name":"Ortopédicos Olaya","source":"osm","osmId":"node/4112420003"}},{"type":"Feature","geometry":{"type":"Point","coordinates":[-74.080338,4.754774]},"properties":{"id":"osm:n4113127522","type":"atm","source":"osm","osmId":"node/4113127522"}},{"type":"Feature","geometry":{"type":"Point","coordinates":[-74.065084,4.638921]},"properties":{"id":"osm:n4113440293","type":"health","name":"Atención Psicológica USTA","source":"osm","osmId":"node/4113440293"}},{"type":"Feature","geometry":{"type":"Point","coordinates":[-74.038227,4.742205]},"properties":{"id":"osm:n4115069403","type":"health","name":"clínica orquídeas materno infantil colsubsidio","source":"osm","osmId":"node/4115069403"}},{"type":"Feature","geometry":{"type":"Point","coordinates":[-74.211147,4.611691]},"properties":{"id":"osm:n4115686529","type":"pharmacy","name":"Pharmadrog","source":"osm","osmId":"node/4115686529"}},{"type":"Feature","geometry":{"type":"Point","coordinates":[-74.067173,4.628433]},"properties":{"id":"osm:n4117589314","type":"health","name":"Fundemos I.p.s.","source":"osm","osmId":"node/4117589314"}},{"type":"Feature","geometry":{"type":"Point","coordinates":[-74.098641,4.747853]},"properties":{"id":"osm:n4120469186","type":"pharmacy","name":"Superfarma 108","source":"osm","osmId":"node/4120469186"}},{"type":"Feature","geometry":{"type":"Point","coordinates":[-74.066417,4.637316]},"properties":{"id":"osm:n4124935696","type":"health","name":"Clínica De Marly Archivo 50","source":"osm","osmId":"node/4124935696"}},{"type":"Feature","geometry":{"type":"Point","coordinates":[-74.065529,4.638401]},"properties":{"id":"osm:n4127072807","type":"pharmacy","name":"Medicos Asociados","source":"osm","osmId":"node/4127072807"}},{"type":"Feature","geometry":{"type":"Point","coordinates":[-74.082831,4.638128]},"properties":{"id":"osm:n4128432061","type":"bike_parking","name":"Parqueadero Bicicletas instituto de extensión de investigación","source":"osm","osmId":"node/4128432061"}},{"type":"Feature","geometry":{"type":"Point","coordinates":[-74.108334,4.551323]},"properties":{"id":"osm:n4130733192","type":"pharmacy","name":"drogueria","source":"osm","osmId":"node/4130733192"}},{"type":"Feature","geometry":{"type":"Point","coordinates":[-74.143165,4.606802]},"properties":{"id":"osm:n4130802635","type":"pharmacy","source":"osm","osmId":"node/4130802635"}},{"type":"Feature","geometry":{"type":"Point","coordinates":[-74.059319,4.749871]},"properties":{"id":"osm:n4139560683","type":"atm","name":"ATH","source":"osm","osmId":"node/4139560683"}},{"type":"Feature","geometry":{"type":"Point","coordinates":[-74.09116,4.629055]},"properties":{"id":"osm:n4141878779","type":"toilets","source":"osm","osmId":"node/4141878779"}},{"type":"Feature","geometry":{"type":"Point","coordinates":[-74.089147,4.630419]},"properties":{"id":"osm:n4141878780","type":"toilets","source":"osm","osmId":"node/4141878780"}},{"type":"Feature","geometry":{"type":"Point","coordinates":[-74.091476,4.630381]},"properties":{"id":"osm:n4141878781","type":"toilets","source":"osm","osmId":"node/4141878781"}},{"type":"Feature","geometry":{"type":"Point","coordinates":[-74.091222,4.63022]},"properties":{"id":"osm:n4141878782","type":"toilets","source":"osm","osmId":"node/4141878782","fee":"no"}},{"type":"Feature","geometry":{"type":"Point","coordinates":[-74.091351,4.630884]},"properties":{"id":"osm:n4141878783","type":"toilets","source":"osm","osmId":"node/4141878783","fee":"no"}},{"type":"Feature","geometry":{"type":"Point","coordinates":[-74.090885,4.631225]},"properties":{"id":"osm:n4141878784","type":"toilets","source":"osm","osmId":"node/4141878784"}},{"type":"Feature","geometry":{"type":"Point","coordinates":[-74.091973,4.63049]},"properties":{"id":"osm:n4141878785","type":"toilets","source":"osm","osmId":"node/4141878785"}},{"type":"Feature","geometry":{"type":"Point","coordinates":[-74.035393,4.687415]},"properties":{"id":"osm:n4141894023","type":"atm","name":"Bancolombia","source":"osm","osmId":"node/4141894023","wheelchair":"limited","operator":"Bancolombia"}},{"type":"Feature","geometry":{"type":"Point","coordinates":[-74.097722,4.646741]},"properties":{"id":"osm:n4154592989","type":"police","name":"DIPON","source":"osm","osmId":"node/4154592989"}},{"type":"Feature","geometry":{"type":"Point","coordinates":[-74.031537,4.695861]},"properties":{"id":"osm:n4171958304","type":"health","name":"Radionuclear","source":"osm","osmId":"node/4171958304"}},{"type":"Feature","geometry":{"type":"Point","coordinates":[-74.031436,4.694873]},"properties":{"id":"osm:n4173926570","type":"pharmacy","name":"Cruz Verde","source":"osm","osmId":"node/4173926570"}},{"type":"Feature","geometry":{"type":"Point","coordinates":[-74.055179,4.696256]},"properties":{"id":"osm:n4180931990","type":"atm","source":"osm","osmId":"node/4180931990"}},{"type":"Feature","geometry":{"type":"Point","coordinates":[-74.055214,4.696109]},"properties":{"id":"osm:n4180963090","type":"atm","source":"osm","osmId":"node/4180963090"}},{"type":"Feature","geometry":{"type":"Point","coordinates":[-74.040746,4.704303]},"properties":{"id":"osm:n4181066190","type":"pharmacy","name":"Olímpica","source":"osm","osmId":"node/4181066190"}},{"type":"Feature","geometry":{"type":"Point","coordinates":[-74.055236,4.696019]},"properties":{"id":"osm:n4181177189","type":"pharmacy","source":"osm","osmId":"node/4181177189"}},{"type":"Feature","geometry":{"type":"Point","coordinates":[-74.064407,4.68787]},"properties":{"id":"osm:n4225447695","type":"atm","name":"Bancolombia","source":"osm","osmId":"node/4225447695","operator":"Bancolombia"}},{"type":"Feature","geometry":{"type":"Point","coordinates":[-74.064424,4.687698]},"properties":{"id":"osm:n4225454692","type":"atm","name":"Bancolombia","source":"osm","osmId":"node/4225454692","operator":"Bancolombia"}},{"type":"Feature","geometry":{"type":"Point","coordinates":[-74.062544,4.683049]},"properties":{"id":"osm:n4225467089","type":"atm","name":"Bancolombia","source":"osm","osmId":"node/4225467089","operator":"Bancolombia"}},{"type":"Feature","geometry":{"type":"Point","coordinates":[-74.311528,4.614626]},"properties":{"id":"osm:n4226054418","type":"toilets","source":"osm","osmId":"node/4226054418"}},{"type":"Feature","geometry":{"type":"Point","coordinates":[-74.064688,4.74052]},"properties":{"id":"osm:n4226794437","type":"atm","name":"Carulla Multridrive Bancolombia","source":"osm","osmId":"node/4226794437","operator":"Bancolombia"}},{"type":"Feature","geometry":{"type":"Point","coordinates":[-74.092121,4.748391]},"properties":{"id":"osm:n4226861915","type":"pharmacy","source":"osm","osmId":"node/4226861915"}},{"type":"Feature","geometry":{"type":"Point","coordinates":[-74.028767,4.85421]},"properties":{"id":"osm:n4227197760","type":"atm","name":"Bancolombia Rumbos","source":"osm","osmId":"node/4227197760","operator":"Bancolombia"}},{"type":"Feature","geometry":{"type":"Point","coordinates":[-74.074838,4.6277]},"properties":{"id":"osm:n4230329693","type":"health","name":"Goleman Teusaquillo","source":"osm","osmId":"node/4230329693"}},{"type":"Feature","geometry":{"type":"Point","coordinates":[-74.131737,4.630428]},"properties":{"id":"osm:n4230798790","type":"health","name":"Orthohand","source":"osm","osmId":"node/4230798790"}},{"type":"Feature","geometry":{"type":"Point","coordinates":[-74.076891,4.637338]},"properties":{"id":"osm:n4232060989","type":"health","name":"Goleman LA Soledad","source":"osm","osmId":"node/4232060989"}},{"type":"Feature","geometry":{"type":"Point","coordinates":[-74.059002,4.669674]},"properties":{"id":"osm:n4236749589","type":"health","name":"Country Medical Center","source":"osm","osmId":"node/4236749589"}},{"type":"Feature","geometry":{"type":"Point","coordinates":[-74.112824,4.634805]},"properties":{"id":"osm:n4247722294","type":"police","name":"DIPRO","source":"osm","osmId":"node/4247722294"}},{"type":"Feature","geometry":{"type":"Point","coordinates":[-74.052093,4.652181]},"properties":{"id":"osm:n4267146497","type":"health","name":"kekerkre","source":"osm","osmId":"node/4267146497"}},{"type":"Feature","geometry":{"type":"Point","coordinates":[-74.093333,4.599389]},"properties":{"id":"osm:n4268281526","type":"pharmacy","name":"Viteco-Blisteco S.A.","source":"osm","osmId":"node/4268281526"}},{"type":"Feature","geometry":{"type":"Point","coordinates":[-74.118266,4.606264]},"properties":{"id":"osm:n4268427599","type":"toilets","name":"ASINAL","source":"osm","osmId":"node/4268427599","operator":"ASINAL"}},{"type":"Feature","geometry":{"type":"Point","coordinates":[-74.112553,4.502166]},"properties":{"id":"osm:n4281322894","type":"pharmacy","source":"osm","osmId":"node/4281322894"}},{"type":"Feature","geometry":{"type":"Point","coordinates":[-74.112331,4.502012]},"properties":{"id":"osm:n4281334889","type":"pharmacy","source":"osm","osmId":"node/4281334889"}},{"type":"Feature","geometry":{"type":"Point","coordinates":[-74.111613,4.501663]},"properties":{"id":"osm:n4281336090","type":"pharmacy","source":"osm","osmId":"node/4281336090"}},{"type":"Feature","geometry":{"type":"Point","coordinates":[-74.034124,4.687466]},"properties":{"id":"osm:n4298163290","type":"atm","name":"Davivienda","source":"osm","osmId":"node/4298163290","operator":"Davivienda","openingHours":"24/7"}},{"type":"Feature","geometry":{"type":"Point","coordinates":[-74.046923,4.722911]},"properties":{"id":"osm:n4301444889","type":"health","name":"Consultorio Médico Dr. Pinzón Barreto","source":"osm","osmId":"node/4301444889"}},{"type":"Feature","geometry":{"type":"Point","coordinates":[-74.071442,4.606058]},"properties":{"id":"osm:n4313654837","type":"health","name":"Drogueria Cafam","source":"osm","osmId":"node/4313654837"}},{"type":"Feature","geometry":{"type":"Point","coordinates":[-74.046889,4.72062]},"properties":{"id":"osm:n4316953096","type":"police","name":"Cai contador","source":"osm","osmId":"node/4316953096"}},{"type":"Feature","geometry":{"type":"Point","coordinates":[-74.031357,4.693128]},"properties":{"id":"osm:n4316978694","type":"police","name":"Cai santa barbara","source":"osm","osmId":"node/4316978694"}},{"type":"Feature","geometry":{"type":"Point","coordinates":[-74.041116,4.70215]},"properties":{"id":"osm:n4323827262","type":"toilets","source":"osm","osmId":"node/4323827262"}},{"type":"Feature","geometry":{"type":"Point","coordinates":[-74.058917,4.650989]},"properties":{"id":"osm:n4327038594","type":"pharmacy","name":"Drogería Colsubsidio Quinta Camacho","source":"osm","osmId":"node/4327038594","wheelchair":"no"}},{"type":"Feature","geometry":{"type":"Point","coordinates":[-74.101687,4.61664]},"properties":{"id":"osm:n4349872507","type":"police","name":"Unidad Permanente de Justicia","source":"osm","osmId":"node/4349872507"}},{"type":"Feature","geometry":{"type":"Point","coordinates":[-74.058667,4.742763]},"properties":{"id":"osm:n4356215173","type":"pharmacy","source":"osm","osmId":"node/4356215173"}},{"type":"Feature","geometry":{"type":"Point","coordinates":[-74.038805,4.760402]},"properties":{"id":"osm:n4356215178","type":"pharmacy","source":"osm","osmId":"node/4356215178"}},{"type":"Feature","geometry":{"type":"Point","coordinates":[-74.058171,4.741775]},"properties":{"id":"osm:n4356245320","type":"pharmacy","name":"Cataluña Norte","source":"osm","osmId":"node/4356245320"}},{"type":"Feature","geometry":{"type":"Point","coordinates":[-74.058068,4.742807]},"properties":{"id":"osm:n4356335026","type":"pharmacy","source":"osm","osmId":"node/4356335026"}},{"type":"Feature","geometry":{"type":"Point","coordinates":[-74.032419,4.760391]},"properties":{"id":"osm:n4357838396","type":"pharmacy","source":"osm","osmId":"node/4357838396"}},{"type":"Feature","geometry":{"type":"Point","coordinates":[-74.055767,4.656679]},"properties":{"id":"osm:n4361688490","type":"atm","source":"osm","osmId":"node/4361688490"}},{"type":"Feature","geometry":{"type":"Point","coordinates":[-74.058029,4.658488]},"properties":{"id":"osm:n4361743089","type":"pharmacy","name":"Farmatodo","source":"osm","osmId":"node/4361743089"}},{"type":"Feature","geometry":{"type":"Point","coordinates":[-74.044163,4.761562]},"properties":{"id":"osm:n4362319989","type":"atm","name":"Banco de Bogota","source":"osm","osmId":"node/4362319989","operator":"Banco de Bogota"}},{"type":"Feature","geometry":{"type":"Point","coordinates":[-74.049189,4.676591]},"properties":{"id":"osm:n4363553091","type":"pharmacy","name":"Farmatodo","source":"osm","osmId":"node/4363553091","openingHours":"Mo-Su,PH 07:30-20:00+"}},{"type":"Feature","geometry":{"type":"Point","coordinates":[-74.05627,4.655881]},"properties":{"id":"osm:n4364870691","type":"atm","name":"Bancolombia","source":"osm","osmId":"node/4364870691","operator":"Bancolombia"}},{"type":"Feature","geometry":{"type":"Point","coordinates":[-74.056433,4.65605]},"properties":{"id":"osm:n4364870692","type":"atm","name":"Bancolombia","source":"osm","osmId":"node/4364870692","operator":"Bancolombia"}},{"type":"Feature","geometry":{"type":"Point","coordinates":[-74.052624,4.67944]},"properties":{"id":"osm:n4366360695","type":"health","name":"Medicentro 93","source":"osm","osmId":"node/4366360695"}},{"type":"Feature","geometry":{"type":"Point","coordinates":[-74.043879,4.753088]},"properties":{"id":"osm:n4379979992","type":"pharmacy","source":"osm","osmId":"node/4379979992"}},{"type":"Feature","geometry":{"type":"Point","coordinates":[-74.043935,4.761528]},"properties":{"id":"osm:n4416615890","type":"pharmacy","source":"osm","osmId":"node/4416615890"}},{"type":"Feature","geometry":{"type":"Point","coordinates":[-74.054629,4.698555]},"properties":{"id":"osm:n4420472192","type":"pharmacy","name":"Locatel","source":"osm","osmId":"node/4420472192"}},{"type":"Feature","geometry":{"type":"Point","coordinates":[-74.077131,4.573823]},"properties":{"id":"osm:n4424264889","type":"atm","name":"casa","source":"osm","osmId":"node/4424264889","operator":"casa"}},{"type":"Feature","geometry":{"type":"Point","coordinates":[-74.044538,4.681928]},"properties":{"id":"osm:n4433520789","type":"police","name":"Edificio punto 99","source":"osm","osmId":"node/4433520789"}},{"type":"Feature","geometry":{"type":"Point","coordinates":[-74.100106,4.500113]},"properties":{"id":"osm:n4462537590","type":"atm","name":"ola","source":"osm","osmId":"node/4462537590","operator":"ola","openingHours":"24/7"}},{"type":"Feature","geometry":{"type":"Point","coordinates":[-74.064097,4.680204]},"properties":{"id":"osm:n4473512999","type":"health","name":"Innovar Salud","source":"osm","osmId":"node/4473512999","openingHours":"Mo-Fr 07:00-17:00"}},{"type":"Feature","geometry":{"type":"Point","coordinates":[-74.026732,4.741546]},"properties":{"id":"osm:n4482080597","type":"police","name":"Estacion Policia Usaquen","source":"osm","osmId":"node/4482080597"}},{"type":"Feature","geometry":{"type":"Point","coordinates":[-74.0552,4.696232]},"properties":{"id":"osm:n4484179545","type":"pharmacy","name":"Cruz Verde","source":"osm","osmId":"node/4484179545","operator":"Cruz Verde"}},{"type":"Feature","geometry":{"type":"Point","coordinates":[-74.122088,4.68596]},"properties":{"id":"osm:n4511222997","type":"atm","name":"centro empresarial puerta del sol","source":"osm","osmId":"node/4511222997","operator":"centro empresarial puerta del sol"}},{"type":"Feature","geometry":{"type":"Point","coordinates":[-74.178886,4.62371]},"properties":{"id":"osm:n4535046690","type":"health","name":"Centro Médico Chicalá","source":"osm","osmId":"node/4535046690"}},{"type":"Feature","geometry":{"type":"Point","coordinates":[-74.445267,4.581595]},"properties":{"id":"osm:n4547369968","type":"health","name":"Hospital Nuestra Señora del Carmen","source":"osm","osmId":"node/4547369968"}},{"type":"Feature","geometry":{"type":"Point","coordinates":[-74.445211,4.57952]},"properties":{"id":"osm:n4547394427","type":"library","name":"Casa de la Cultura","source":"osm","osmId":"node/4547394427"}},{"type":"Feature","geometry":{"type":"Point","coordinates":[-74.060822,4.668205]},"properties":{"id":"osm:n4549292213","type":"health","name":"Centro Nacional de La Salud - Medlucara Ltda","source":"osm","osmId":"node/4549292213","openingHours":"Mo-Fr 06:00-16:30; Sa 07:00-11:30"}},{"type":"Feature","geometry":{"type":"Point","coordinates":[-74.045826,4.682197]},"properties":{"id":"osm:n4564102289","type":"health","name":"Cayre","source":"osm","osmId":"node/4564102289","openingHours":"24/7"}},{"type":"Feature","geometry":{"type":"Point","coordinates":[-74.108383,4.551014]},"properties":{"id":"osm:n4570843195","type":"atm","name":"casa destino","source":"osm","osmId":"node/4570843195","operator":"casa destino"}},{"type":"Feature","geometry":{"type":"Point","coordinates":[-74.08709,4.64968]},"properties":{"id":"osm:n4571619190","type":"pharmacy","source":"osm","osmId":"node/4571619190"}},{"type":"Feature","geometry":{"type":"Point","coordinates":[-74.100385,4.645181]},"properties":{"id":"osm:n4580050103","type":"atm","name":"Chubb","source":"osm","osmId":"node/4580050103","operator":"Chubb"}},{"type":"Feature","geometry":{"type":"Point","coordinates":[-74.321841,4.717371]},"properties":{"id":"osm:n4585815090","type":"bike_parking","name":"Piedras de Chivo Negro","source":"osm","osmId":"node/4585815090","operator":"Piedras de Chivo Negro"}},{"type":"Feature","geometry":{"type":"Point","coordinates":[-74.115185,4.685209]},"properties":{"id":"osm:n4585823855","type":"bike_parking","source":"osm","osmId":"node/4585823855"}},{"type":"Feature","geometry":{"type":"Point","coordinates":[-74.212567,4.717642]},"properties":{"id":"osm:n4586391689","type":"atm","name":"Banco Bancolombia","source":"osm","osmId":"node/4586391689","operator":"Bancolombia","openingHours":"Mo-Fr 09:00-16:00"}},{"type":"Feature","geometry":{"type":"Point","coordinates":[-74.244562,4.544919]},"properties":{"id":"osm:n4587740041","type":"atm","name":"Bancolombia","source":"osm","osmId":"node/4587740041","operator":"Bancolombia"}},{"type":"Feature","geometry":{"type":"Point","coordinates":[-74.244742,4.544878]},"properties":{"id":"osm:n4587740043","type":"atm","name":"Servibanca","source":"osm","osmId":"node/4587740043","operator":"Servibanca","fee":"Servibanca"}},{"type":"Feature","geometry":{"type":"Point","coordinates":[-74.085692,4.738951]},"properties":{"id":"osm:n4590744790","type":"health","name":"Cmf Corpas Suba","source":"osm","osmId":"node/4590744790","openingHours":"Mo-Sa 06:00-20:00"}},{"type":"Feature","geometry":{"type":"Point","coordinates":[-74.128642,4.676301]},"properties":{"id":"osm:n4590759089","type":"atm","name":"Nipro","source":"osm","osmId":"node/4590759089","operator":"Nipro"}},{"type":"Feature","geometry":{"type":"Point","coordinates":[-74.067351,4.627882]},"properties":{"id":"osm:n4594351491","type":"atm","name":"oficina","source":"osm","osmId":"node/4594351491","operator":"oficina"}},{"type":"Feature","geometry":{"type":"Point","coordinates":[-74.104504,4.708264]},"properties":{"id":"osm:n4596421290","type":"health","name":"Eps Cafam","source":"osm","osmId":"node/4596421290"}},{"type":"Feature","geometry":{"type":"Point","coordinates":[-74.208043,4.709089]},"properties":{"id":"osm:n4610653691","type":"pharmacy","name":"Droguería","source":"osm","osmId":"node/4610653691"}},{"type":"Feature","geometry":{"type":"Point","coordinates":[-74.141084,4.588939]},"properties":{"id":"osm:n4616144091","type":"atm","source":"osm","osmId":"node/4616144091"}},{"type":"Feature","geometry":{"type":"Point","coordinates":[-74.261615,4.853409]},"properties":{"id":"osm:n4621598595","type":"health","name":"Puesto De Salud","source":"osm","osmId":"node/4621598595"}},{"type":"Feature","geometry":{"type":"Point","coordinates":[-74.146872,4.626209]},"properties":{"id":"osm:n4630858300","type":"atm","name":"Servibanca","source":"osm","osmId":"node/4630858300","operator":"Servibanca"}},{"type":"Feature","geometry":{"type":"Point","coordinates":[-74.064247,4.687511]},"properties":{"id":"osm:n4644473327","type":"bike_parking","name":"Biciparqueadero Iserra 100","source":"osm","osmId":"node/4644473327"}},{"type":"Feature","geometry":{"type":"Point","coordinates":[-74.10651,4.655922]},"properties":{"id":"osm:n4654955289","type":"pharmacy","name":"Cruz Verde","source":"osm","osmId":"node/4654955289"}},{"type":"Feature","geometry":{"type":"Point","coordinates":[-74.063308,4.744967]},"properties":{"id":"osm:n4664497289","type":"atm","source":"osm","osmId":"node/4664497289"}},{"type":"Feature","geometry":{"type":"Point","coordinates":[-74.09159,4.662275]},"properties":{"id":"osm:n4689646867","type":"toilets","source":"osm","osmId":"node/4689646867","fee":"no"}},{"type":"Feature","geometry":{"type":"Point","coordinates":[-74.073769,4.633536]},"properties":{"id":"osm:n4699963291","type":"pharmacy","name":"Farmacia Homeopatic Mercy","source":"osm","osmId":"node/4699963291","openingHours":"Mo-Fr 09:00-18:30"}},{"type":"Feature","geometry":{"type":"Point","coordinates":[-74.057702,4.671877]},"properties":{"id":"osm:n4701904491","type":"health","name":"Horus","source":"osm","osmId":"node/4701904491"}},{"type":"Feature","geometry":{"type":"Point","coordinates":[-74.155154,4.588892]},"properties":{"id":"osm:n4724376290","type":"health","source":"osm","osmId":"node/4724376290"}},{"type":"Feature","geometry":{"type":"Point","coordinates":[-74.057538,4.669341]},"properties":{"id":"osm:n4731462022","type":"health","name":"MEDICARTE","source":"osm","osmId":"node/4731462022"}},{"type":"Feature","geometry":{"type":"Point","coordinates":[-74.131225,4.622228]},"properties":{"id":"osm:n4734901222","type":"pharmacy","name":"Novoa Alarcón farmacéuticos ltda - novalfarm - fábrica","source":"osm","osmId":"node/4734901222","openingHours":"Mo-Fr 07:00-17:30; Sa 07:00-12:00"}},{"type":"Feature","geometry":{"type":"Point","coordinates":[-74.093892,4.619598]},"properties":{"id":"osm:n4734901227","type":"pharmacy","name":"Compañía California s.a. - MEMPHIS","source":"osm","osmId":"node/4734901227"}},{"type":"Feature","geometry":{"type":"Point","coordinates":[-74.090877,4.632638]},"properties":{"id":"osm:n4734901229","type":"pharmacy","name":"American veterinaria ltda - fabrica","source":"osm","osmId":"node/4734901229"}},{"type":"Feature","geometry":{"type":"Point","coordinates":[-74.066555,4.659986]},"properties":{"id":"osm:n4734901230","type":"pharmacy","name":"Icofarma","source":"osm","osmId":"node/4734901230"}},{"type":"Feature","geometry":{"type":"Point","coordinates":[-74.113423,4.638664]},"properties":{"id":"osm:n4734902022","type":"pharmacy","name":"KYROVET - FARMABIO S.A.S","source":"osm","osmId":"node/4734902022"}},{"type":"Feature","geometry":{"type":"Point","coordinates":[-74.073181,4.672958]},"properties":{"id":"osm:n4734902023","type":"pharmacy","name":"Virbac","source":"osm","osmId":"node/4734902023"}},{"type":"Feature","geometry":{"type":"Point","coordinates":[-74.106488,4.672321]},"properties":{"id":"osm:n4741769404","type":"atm","name":"ATM Servibanca","source":"osm","osmId":"node/4741769404"}},{"type":"Feature","geometry":{"type":"Point","coordinates":[-74.096858,4.669704]},"properties":{"id":"osm:n4745778568","type":"pharmacy","name":"MutualFarma","source":"osm","osmId":"node/4745778568"}},{"type":"Feature","geometry":{"type":"Point","coordinates":[-74.09627,4.6706]},"properties":{"id":"osm:n4745778588","type":"pharmacy","name":"Pharmad 70","source":"osm","osmId":"node/4745778588"}},{"type":"Feature","geometry":{"type":"Point","coordinates":[-74.096467,4.670224]},"properties":{"id":"osm:n4745778595","type":"pharmacy","source":"osm","osmId":"node/4745778595"}},{"type":"Feature","geometry":{"type":"Point","coordinates":[-74.176975,4.622572]},"properties":{"id":"osm:n4746121716","type":"pharmacy","name":"Drogueria Villa Andrea","source":"osm","osmId":"node/4746121716"}},{"type":"Feature","geometry":{"type":"Point","coordinates":[-74.222275,4.610803]},"properties":{"id":"osm:n4749942079","type":"pharmacy","source":"osm","osmId":"node/4749942079"}},{"type":"Feature","geometry":{"type":"Point","coordinates":[-74.09135,4.576258]},"properties":{"id":"osm:n4753302623","type":"health","name":"Hospital Universitario Clínica San Rafael Urgencias","source":"osm","osmId":"node/4753302623"}},{"type":"Feature","geometry":{"type":"Point","coordinates":[-74.100667,4.672534]},"properties":{"id":"osm:n4753302624","type":"pharmacy","name":"Espectrofarma","source":"osm","osmId":"node/4753302624"}},{"type":"Feature","geometry":{"type":"Point","coordinates":[-74.06972,4.734599]},"properties":{"id":"osm:n4755016326","type":"atm","name":"cespo","source":"osm","osmId":"node/4755016326","operator":"cespo"}},{"type":"Feature","geometry":{"type":"Point","coordinates":[-74.070397,4.735103]},"properties":{"id":"osm:n4755031630","type":"atm","name":"cespo","source":"osm","osmId":"node/4755031630","operator":"cespo"}},{"type":"Feature","geometry":{"type":"Point","coordinates":[-74.055815,4.685812]},"properties":{"id":"osm:n4758460748","type":"atm","name":"Davivienda","source":"osm","osmId":"node/4758460748","operator":"Davivienda","openingHours":"Mo-Fr 06:00-20:00; Sa 06:00-14:00; Su 09:00-12:00"}},{"type":"Feature","geometry":{"type":"Point","coordinates":[-74.109411,4.67525]},"properties":{"id":"osm:n4764580221","type":"pharmacy","name":"Centro Naturista El Trebol","source":"osm","osmId":"node/4764580221"}},{"type":"Feature","geometry":{"type":"Point","coordinates":[-74.088161,4.693525]},"properties":{"id":"osm:n4781881821","type":"pharmacy","name":"Luz duarte","source":"osm","osmId":"node/4781881821"}},{"type":"Feature","geometry":{"type":"Point","coordinates":[-74.163133,4.57395]},"properties":{"id":"osm:n4799929224","type":"pharmacy","source":"osm","osmId":"node/4799929224"}},{"type":"Feature","geometry":{"type":"Point","coordinates":[-74.162807,4.575489]},"properties":{"id":"osm:n4799947721","type":"pharmacy","source":"osm","osmId":"node/4799947721"}},{"type":"Feature","geometry":{"type":"Point","coordinates":[-74.15828,4.622736]},"properties":{"id":"osm:n4805973822","type":"atm","name":"Sala cuna Kenedy","source":"osm","osmId":"node/4805973822","operator":"Sala cuna Kenedy"}},{"type":"Feature","geometry":{"type":"Point","coordinates":[-74.032133,4.709968]},"properties":{"id":"osm:n4806539469","type":"library","name":"Biblioteca Juan Roa Vásquez","source":"osm","osmId":"node/4806539469"}},{"type":"Feature","geometry":{"type":"Point","coordinates":[-74.078608,4.693829]},"properties":{"id":"osm:n4823420321","type":"pharmacy","name":"Drogueria farma shaio","source":"osm","osmId":"node/4823420321"}},{"type":"Feature","geometry":{"type":"Point","coordinates":[-74.11432,4.65235]},"properties":{"id":"osm:n4829091621","type":"toilets","name":"Baños Publicos","source":"osm","osmId":"node/4829091621","operator":"Baños Publicos"}},{"type":"Feature","geometry":{"type":"Point","coordinates":[-74.071984,4.698977]},"properties":{"id":"osm:n4831147422","type":"health","name":"E.P.S. Sanitas","source":"osm","osmId":"node/4831147422"}},{"type":"Feature","geometry":{"type":"Point","coordinates":[-74.07655,4.641329]},"properties":{"id":"osm:n4832914021","type":"health","name":"Centro Odontologíco Fuerza Aérea","source":"osm","osmId":"node/4832914021"}},{"type":"Feature","geometry":{"type":"Point","coordinates":[-74.06649,4.650953]},"properties":{"id":"osm:n4838493827","type":"pharmacy","source":"osm","osmId":"node/4838493827"}},{"type":"Feature","geometry":{"type":"Point","coordinates":[-74.0702,4.604292]},"properties":{"id":"osm:n4846075122","type":"health","source":"osm","osmId":"node/4846075122"}},{"type":"Feature","geometry":{"type":"Point","coordinates":[-74.064648,4.628648]},"properties":{"id":"osm:n4870778493","type":"atm","name":"Banco Caja Social","source":"osm","osmId":"node/4870778493"}},{"type":"Feature","geometry":{"type":"Point","coordinates":[-74.144055,4.676681]},"properties":{"id":"osm:n4874901222","type":"pharmacy","name":"Drogas Centauro's Uno A1","source":"osm","osmId":"node/4874901222","openingHours":"Mo-Su 08:00-21:00"}},{"type":"Feature","geometry":{"type":"Point","coordinates":[-74.076742,4.675807]},"properties":{"id":"osm:n4885440721","type":"atm","name":"city ambulancias","source":"osm","osmId":"node/4885440721","operator":"city ambulancias","openingHours":"Mo-Sa"}},{"type":"Feature","geometry":{"type":"Point","coordinates":[-74.124624,4.710935]},"properties":{"id":"osm:n4895703924","type":"atm","name":"cajero automatico ATH","source":"osm","osmId":"node/4895703924","operator":"cajero automatico ATH","openingHours":"24/7"}},{"type":"Feature","geometry":{"type":"Point","coordinates":[-74.029612,4.700001]},"properties":{"id":"osm:n4900326921","type":"health","name":"Alan González Cirugía Plástica y Salud Estética","source":"osm","osmId":"node/4900326921","openingHours":"Mo-Fr 07:00-19:00; Sa 07:00-13:00"}},{"type":"Feature","geometry":{"type":"Point","coordinates":[-74.122649,4.558065]},"properties":{"id":"osm:n4913734921","type":"atm","name":"gchc","source":"osm","osmId":"node/4913734921","operator":"gchc"}},{"type":"Feature","geometry":{"type":"Point","coordinates":[-74.071449,4.641123]},"properties":{"id":"osm:n4913901421","type":"pharmacy","name":"Farmatodo","source":"osm","osmId":"node/4913901421"}},{"type":"Feature","geometry":{"type":"Point","coordinates":[-74.078437,4.594752]},"properties":{"id":"osm:n4913963321","type":"atm","name":"ATH","source":"osm","osmId":"node/4913963321","operator":"ATH"}},{"type":"Feature","geometry":{"type":"Point","coordinates":[-74.168742,4.587179]},"properties":{"id":"osm:n4919935921","type":"pharmacy","name":"Droguería Multimarcas","source":"osm","osmId":"node/4919935921"}},{"type":"Feature","geometry":{"type":"Point","coordinates":[-74.056432,4.668902]},"properties":{"id":"osm:n4927508727","type":"pharmacy","name":"Farmatodo","source":"osm","osmId":"node/4927508727"}},{"type":"Feature","geometry":{"type":"Point","coordinates":[-74.148455,4.608836]},"properties":{"id":"osm:n4931183966","type":"pharmacy","name":"Farmadrogas Éxito","source":"osm","osmId":"node/4931183966"}},{"type":"Feature","geometry":{"type":"Point","coordinates":[-74.192148,4.636598]},"properties":{"id":"osm:n4931475522","type":"pharmacy","source":"osm","osmId":"node/4931475522"}},{"type":"Feature","geometry":{"type":"Point","coordinates":[-74.191477,4.635518]},"properties":{"id":"osm:n4931482823","type":"pharmacy","source":"osm","osmId":"node/4931482823"}},{"type":"Feature","geometry":{"type":"Point","coordinates":[-74.191151,4.635087]},"properties":{"id":"osm:n4931482922","type":"pharmacy","source":"osm","osmId":"node/4931482922"}},{"type":"Feature","geometry":{"type":"Point","coordinates":[-74.056671,4.668979]},"properties":{"id":"osm:n4946357722","type":"health","name":"Country","source":"osm","osmId":"node/4946357722"}},{"type":"Feature","geometry":{"type":"Point","coordinates":[-74.14769,4.608924]},"properties":{"id":"osm:n4958367938","type":"atm","name":"Cajero Servibanca","source":"osm","osmId":"node/4958367938"}},{"type":"Feature","geometry":{"type":"Point","coordinates":[-74.053351,4.674301]},"properties":{"id":"osm:n4962976523","type":"atm","name":"Servibanca","source":"osm","osmId":"node/4962976523","operator":"Servibanca"}},{"type":"Feature","geometry":{"type":"Point","coordinates":[-74.070825,4.599479]},"properties":{"id":"osm:n5015573943","type":"pharmacy","name":"Droguería","source":"osm","osmId":"node/5015573943"}},{"type":"Feature","geometry":{"type":"Point","coordinates":[-74.071188,4.60076]},"properties":{"id":"osm:n5015574149","type":"library","name":"Universidad La Gran Colombia","source":"osm","osmId":"node/5015574149"}},{"type":"Feature","geometry":{"type":"Point","coordinates":[-74.076585,4.651879]},"properties":{"id":"osm:n5031459221","type":"health","name":"Colmédica calle 63","source":"osm","osmId":"node/5031459221"}},{"type":"Feature","geometry":{"type":"Point","coordinates":[-74.036051,4.723735]},"properties":{"id":"osm:n5041588400","type":"atm","name":"Bancolombia","source":"osm","osmId":"node/5041588400","operator":"Bancolombia"}},{"type":"Feature","geometry":{"type":"Point","coordinates":[-74.035273,4.726603]},"properties":{"id":"osm:n5041588401","type":"atm","name":"Bancolombia","source":"osm","osmId":"node/5041588401","operator":"Bancolombia"}},{"type":"Feature","geometry":{"type":"Point","coordinates":[-74.086791,4.664536]},"properties":{"id":"osm:n5043968226","type":"health","name":"Fundación niñez y desarrollo. FND.","source":"osm","osmId":"node/5043968226"}},{"type":"Feature","geometry":{"type":"Point","coordinates":[-74.422783,4.179296]},"properties":{"id":"osm:n5082184625","type":"pharmacy","source":"osm","osmId":"node/5082184625"}},{"type":"Feature","geometry":{"type":"Point","coordinates":[-74.158364,4.61695]},"properties":{"id":"osm:n5092300523","type":"atm","name":"Casa Kennedy","source":"osm","osmId":"node/5092300523","operator":"Casa Kennedy","openingHours":"24/7"}},{"type":"Feature","geometry":{"type":"Point","coordinates":[-74.105803,4.673353]},"properties":{"id":"osm:n5101490321","type":"atm","name":"Abcontrolingenieria S.A.s","source":"osm","osmId":"node/5101490321","operator":"Abcontrolingenieria S.A.s"}},{"type":"Feature","geometry":{"type":"Point","coordinates":[-74.100165,4.694108]},"properties":{"id":"osm:n5108539321","type":"atm","name":"cede de tabora Ab contro Ingeniería","source":"osm","osmId":"node/5108539321","operator":"cede de tabora Ab contro Ingeniería"}},{"type":"Feature","geometry":{"type":"Point","coordinates":[-74.024019,4.741303]},"properties":{"id":"osm:n5117844559","type":"pharmacy","name":"Farmamoderna","source":"osm","osmId":"node/5117844559"}},{"type":"Feature","geometry":{"type":"Point","coordinates":[-74.049425,4.754033]},"properties":{"id":"osm:n5117965732","type":"pharmacy","name":"Farma Fusion","source":"osm","osmId":"node/5117965732"}},{"type":"Feature","geometry":{"type":"Point","coordinates":[-74.031983,4.696635]},"properties":{"id":"osm:n5118017480","type":"pharmacy","name":"Audifarma","source":"osm","osmId":"node/5118017480"}},{"type":"Feature","geometry":{"type":"Point","coordinates":[-74.049864,4.753126]},"properties":{"id":"osm:n5118035687","type":"pharmacy","name":"Zohet","source":"osm","osmId":"node/5118035687"}},{"type":"Feature","geometry":{"type":"Point","coordinates":[-74.062907,4.746916]},"properties":{"id":"osm:n5118128203","type":"pharmacy","name":"Droguería Unifamiliar","source":"osm","osmId":"node/5118128203"}},{"type":"Feature","geometry":{"type":"Point","coordinates":[-74.063072,4.746931]},"properties":{"id":"osm:n5118128208","type":"pharmacy","name":"Picasso","source":"osm","osmId":"node/5118128208"}},{"type":"Feature","geometry":{"type":"Point","coordinates":[-74.063991,4.750452]},"properties":{"id":"osm:n5118169660","type":"pharmacy","name":"Farmacenter","source":"osm","osmId":"node/5118169660"}},{"type":"Feature","geometry":{"type":"Point","coordinates":[-74.064,4.749353]},"properties":{"id":"osm:n5118190137","type":"pharmacy","name":"Capinorte","source":"osm","osmId":"node/5118190137"}},{"type":"Feature","geometry":{"type":"Point","coordinates":[-74.061636,4.750227]},"properties":{"id":"osm:n5118369400","type":"pharmacy","name":"Sfarma","source":"osm","osmId":"node/5118369400"}},{"type":"Feature","geometry":{"type":"Point","coordinates":[-74.056399,4.749276]},"properties":{"id":"osm:n5118406476","type":"pharmacy","name":"Drogueria","source":"osm","osmId":"node/5118406476"}},{"type":"Feature","geometry":{"type":"Point","coordinates":[-74.056573,4.748331]},"properties":{"id":"osm:n5118417985","type":"pharmacy","name":"Mevid Pharma","source":"osm","osmId":"node/5118417985"}},{"type":"Feature","geometry":{"type":"Point","coordinates":[-74.024241,4.705169]},"properties":{"id":"osm:n5118419960","type":"pharmacy","name":"Drogueria","source":"osm","osmId":"node/5118419960"}},{"type":"Feature","geometry":{"type":"Point","coordinates":[-74.057468,4.749399]},"properties":{"id":"osm:n5118468562","type":"pharmacy","name":"Drogueria Economia","source":"osm","osmId":"node/5118468562"}},{"type":"Feature","geometry":{"type":"Point","coordinates":[-74.057018,4.745991]},"properties":{"id":"osm:n5118468581","type":"pharmacy","name":"San Diego","source":"osm","osmId":"node/5118468581"}},{"type":"Feature","geometry":{"type":"Point","coordinates":[-74.043803,4.73859]},"properties":{"id":"osm:n5119839339","type":"pharmacy","name":"Droguería Confarma TC","source":"osm","osmId":"node/5119839339"}},{"type":"Feature","geometry":{"type":"Point","coordinates":[-74.046693,4.741824]},"properties":{"id":"osm:n5119887909","type":"pharmacy","name":"Farmacenter","source":"osm","osmId":"node/5119887909"}},{"type":"Feature","geometry":{"type":"Point","coordinates":[-74.058675,4.742826]},"properties":{"id":"osm:n5120476106","type":"pharmacy","name":"Mevid Pharma","source":"osm","osmId":"node/5120476106"}},{"type":"Feature","geometry":{"type":"Point","coordinates":[-74.058138,4.742848]},"properties":{"id":"osm:n5120524471","type":"pharmacy","name":"Farmacenter","source":"osm","osmId":"node/5120524471"}},{"type":"Feature","geometry":{"type":"Point","coordinates":[-74.041821,4.738143]},"properties":{"id":"osm:n5120627898","type":"pharmacy","name":"La Esperanza","source":"osm","osmId":"node/5120627898"}},{"type":"Feature","geometry":{"type":"Point","coordinates":[-74.057004,4.743834]},"properties":{"id":"osm:n5120675580","type":"pharmacy","name":"Farma S.O.S.","source":"osm","osmId":"node/5120675580"}},{"type":"Feature","geometry":{"type":"Point","coordinates":[-74.059376,4.862214]},"properties":{"id":"osm:n5122110787","type":"pharmacy","name":"Drogas La Economia","source":"osm","osmId":"node/5122110787"}},{"type":"Feature","geometry":{"type":"Point","coordinates":[-74.048279,4.748296]},"properties":{"id":"osm:n5122191330","type":"pharmacy","name":"Capinorte","source":"osm","osmId":"node/5122191330"}},{"type":"Feature","geometry":{"type":"Point","coordinates":[-74.048586,4.749807]},"properties":{"id":"osm:n5122315066","type":"pharmacy","name":"Capinorte","source":"osm","osmId":"node/5122315066"}},{"type":"Feature","geometry":{"type":"Point","coordinates":[-74.056989,4.744195]},"properties":{"id":"osm:n5122339725","type":"pharmacy","name":"Famisol Droguerias","source":"osm","osmId":"node/5122339725"}},{"type":"Feature","geometry":{"type":"Point","coordinates":[-74.062711,4.746463]},"properties":{"id":"osm:n5122428063","type":"pharmacy","name":"Drogueria Vivir Alkosto","source":"osm","osmId":"node/5122428063"}},{"type":"Feature","geometry":{"type":"Point","coordinates":[-74.062636,4.727277]},"properties":{"id":"osm:n5122455422","type":"pharmacy","name":"Droguería Las Villas","source":"osm","osmId":"node/5122455422"}},{"type":"Feature","geometry":{"type":"Point","coordinates":[-74.063545,4.743918]},"properties":{"id":"osm:n5122482723","type":"pharmacy","name":"Fami Luna","source":"osm","osmId":"node/5122482723"}},{"type":"Feature","geometry":{"type":"Point","coordinates":[-74.06326,4.745373]},"properties":{"id":"osm:n5122544160","type":"pharmacy","name":"Drogueria Gilmar Norte","source":"osm","osmId":"node/5122544160"}},{"type":"Feature","geometry":{"type":"Point","coordinates":[-74.038829,4.728613]},"properties":{"id":"osm:n5122979525","type":"pharmacy","name":"Farmacenter","source":"osm","osmId":"node/5122979525"}},{"type":"Feature","geometry":{"type":"Point","coordinates":[-74.037721,4.761768]},"properties":{"id":"osm:n5128419292","type":"pharmacy","name":"Farma Más","source":"osm","osmId":"node/5128419292"}},{"type":"Feature","geometry":{"type":"Point","coordinates":[-74.062505,4.861751]},"properties":{"id":"osm:n5128756630","type":"pharmacy","name":"Farmaservicios De la Sabana","source":"osm","osmId":"node/5128756630"}},{"type":"Feature","geometry":{"type":"Point","coordinates":[-74.040332,4.729352]},"properties":{"id":"osm:n5128885199","type":"pharmacy","name":"TecnoSalud","source":"osm","osmId":"node/5128885199"}},{"type":"Feature","geometry":{"type":"Point","coordinates":[-74.044373,4.732723]},"properties":{"id":"osm:n5128887263","type":"pharmacy","name":"La Economía","source":"osm","osmId":"node/5128887263"}},{"type":"Feature","geometry":{"type":"Point","coordinates":[-74.038566,4.729304]},"properties":{"id":"osm:n5128887312","type":"pharmacy","name":"Drogueria","source":"osm","osmId":"node/5128887312"}},{"type":"Feature","geometry":{"type":"Point","coordinates":[-74.06115,4.86216]},"properties":{"id":"osm:n5129129261","type":"pharmacy","name":"Farma Sánchez","source":"osm","osmId":"node/5129129261"}},{"type":"Feature","geometry":{"type":"Point","coordinates":[-74.058524,4.866133]},"properties":{"id":"osm:n5129230509","type":"pharmacy","name":"Droguería","source":"osm","osmId":"node/5129230509"}},{"type":"Feature","geometry":{"type":"Point","coordinates":[-74.054433,4.723111]},"properties":{"id":"osm:n5129319650","type":"pharmacy","name":"Farmacenter","source":"osm","osmId":"node/5129319650"}},{"type":"Feature","geometry":{"type":"Point","coordinates":[-74.06216,4.858167]},"properties":{"id":"osm:n5129529930","type":"pharmacy","name":"Drogas la Economa","source":"osm","osmId":"node/5129529930"}},{"type":"Feature","geometry":{"type":"Point","coordinates":[-74.044063,4.734616]},"properties":{"id":"osm:n5129547795","type":"pharmacy","name":"Farma Gigante","source":"osm","osmId":"node/5129547795"}},{"type":"Feature","geometry":{"type":"Point","coordinates":[-74.043531,4.736819]},"properties":{"id":"osm:n5129547804","type":"pharmacy","name":"Droguería Lider","source":"osm","osmId":"node/5129547804"}},{"type":"Feature","geometry":{"type":"Point","coordinates":[-74.044192,4.732685]},"properties":{"id":"osm:n5129547864","type":"pharmacy","name":"Colombia Farma","source":"osm","osmId":"node/5129547864"}},{"type":"Feature","geometry":{"type":"Point","coordinates":[-74.044707,4.7337]},"properties":{"id":"osm:n5129547876","type":"pharmacy","name":"Cruz Verde","source":"osm","osmId":"node/5129547876"}},{"type":"Feature","geometry":{"type":"Point","coordinates":[-74.043555,4.738317]},"properties":{"id":"osm:n5129547942","type":"pharmacy","name":"Hiperdogueria Ramírez","source":"osm","osmId":"node/5129547942"}},{"type":"Feature","geometry":{"type":"Point","coordinates":[-74.060738,4.860155]},"properties":{"id":"osm:n5129549442","type":"pharmacy","name":"La Rebaja Plus","source":"osm","osmId":"node/5129549442"}},{"type":"Feature","geometry":{"type":"Point","coordinates":[-74.048226,4.86353]},"properties":{"id":"osm:n5129622550","type":"pharmacy","name":"Camoz","source":"osm","osmId":"node/5129622550"}},{"type":"Feature","geometry":{"type":"Point","coordinates":[-74.061739,4.857801]},"properties":{"id":"osm:n5129629329","type":"pharmacy","name":"Droguería Super Descuentos","source":"osm","osmId":"node/5129629329"}},{"type":"Feature","geometry":{"type":"Point","coordinates":[-74.05218,4.867205]},"properties":{"id":"osm:n5129685181","type":"pharmacy","name":"Drogueria Super Descuintos","source":"osm","osmId":"node/5129685181","openingHours":"Mo-Sa 08:00-18:00"}},{"type":"Feature","geometry":{"type":"Point","coordinates":[-74.056172,4.862238]},"properties":{"id":"osm:n5129716401","type":"health","name":"Salud Fisico","source":"osm","osmId":"node/5129716401"}},{"type":"Feature","geometry":{"type":"Point","coordinates":[-74.054699,4.862967]},"properties":{"id":"osm:n5129719766","type":"atm","name":"Servibanca","source":"osm","osmId":"node/5129719766"}},{"type":"Feature","geometry":{"type":"Point","coordinates":[-74.050197,4.863558]},"properties":{"id":"osm:n5129736656","type":"pharmacy","name":"Pharma City","source":"osm","osmId":"node/5129736656"}},{"type":"Feature","geometry":{"type":"Point","coordinates":[-74.220336,4.712488]},"properties":{"id":"osm:n5130947836","type":"pharmacy","name":"Farmaunión","source":"osm","osmId":"node/5130947836"}},{"type":"Feature","geometry":{"type":"Point","coordinates":[-74.219351,4.712941]},"properties":{"id":"osm:n5130947854","type":"pharmacy","name":"Drogueria","source":"osm","osmId":"node/5130947854"}},{"type":"Feature","geometry":{"type":"Point","coordinates":[-74.044156,4.865536]},"properties":{"id":"osm:n5131010054","type":"pharmacy","name":"Droguería Healthy Farma","source":"osm","osmId":"node/5131010054"}},{"type":"Feature","geometry":{"type":"Point","coordinates":[-74.029859,4.742677]},"properties":{"id":"osm:n5131063488","type":"pharmacy","name":"Farmamoderna","source":"osm","osmId":"node/5131063488"}},{"type":"Feature","geometry":{"type":"Point","coordinates":[-74.053787,4.862803]},"properties":{"id":"osm:n5131146824","type":"pharmacy","name":"La Rebaja","source":"osm","osmId":"node/5131146824"}},{"type":"Feature","geometry":{"type":"Point","coordinates":[-74.031301,4.742968]},"properties":{"id":"osm:n5131162291","type":"pharmacy","name":"Farma Comunal","source":"osm","osmId":"node/5131162291"}},{"type":"Feature","geometry":{"type":"Point","coordinates":[-74.031414,4.74583]},"properties":{"id":"osm:n5131162296","type":"pharmacy","name":"JR Droguerias","source":"osm","osmId":"node/5131162296"}},{"type":"Feature","geometry":{"type":"Point","coordinates":[-74.030726,4.745396]},"properties":{"id":"osm:n5131162309","type":"pharmacy","name":"Drogueria","source":"osm","osmId":"node/5131162309"}},{"type":"Feature","geometry":{"type":"Point","coordinates":[-74.049921,4.863297]},"properties":{"id":"osm:n5131191196","type":"pharmacy","name":"Bandar","source":"osm","osmId":"node/5131191196"}},{"type":"Feature","geometry":{"type":"Point","coordinates":[-74.054462,4.754342]},"properties":{"id":"osm:n5131259182","type":"pharmacy","name":"Cardiorebajas","source":"osm","osmId":"node/5131259182"}},{"type":"Feature","geometry":{"type":"Point","coordinates":[-74.06101,4.86041]},"properties":{"id":"osm:n5131358500","type":"pharmacy","name":"Camoz","source":"osm","osmId":"node/5131358500"}},{"type":"Feature","geometry":{"type":"Point","coordinates":[-74.04258,4.740836]},"properties":{"id":"osm:n5131474751","type":"pharmacy","name":"Farma Navel","source":"osm","osmId":"node/5131474751"}},{"type":"Feature","geometry":{"type":"Point","coordinates":[-74.04011,4.740286]},"properties":{"id":"osm:n5131474792","type":"pharmacy","name":"Droguería","source":"osm","osmId":"node/5131474792"}},{"type":"Feature","geometry":{"type":"Point","coordinates":[-74.068367,4.729178]},"properties":{"id":"osm:n5131506011","type":"health","name":"Esplen Health","source":"osm","osmId":"node/5131506011"}},{"type":"Feature","geometry":{"type":"Point","coordinates":[-74.044174,4.692435]},"properties":{"id":"osm:n5131518962","type":"health","name":"Eyebix","source":"osm","osmId":"node/5131518962"}},{"type":"Feature","geometry":{"type":"Point","coordinates":[-74.027365,4.736037]},"properties":{"id":"osm:n5131612690","type":"pharmacy","name":"Drogueria","source":"osm","osmId":"node/5131612690"}},{"type":"Feature","geometry":{"type":"Point","coordinates":[-74.027052,4.734553]},"properties":{"id":"osm:n5131651930","type":"pharmacy","name":"Droguería Lib","source":"osm","osmId":"node/5131651930"}},{"type":"Feature","geometry":{"type":"Point","coordinates":[-74.025899,4.732293]},"properties":{"id":"osm:n5131658352","type":"pharmacy","name":"Farmacenter","source":"osm","osmId":"node/5131658352"}},{"type":"Feature","geometry":{"type":"Point","coordinates":[-74.045284,4.691092]},"properties":{"id":"osm:n5131687492","type":"pharmacy","name":"Farmacópolis","source":"osm","osmId":"node/5131687492"}},{"type":"Feature","geometry":{"type":"Point","coordinates":[-74.027397,4.73169]},"properties":{"id":"osm:n5131705507","type":"pharmacy","name":"Farmacenter","source":"osm","osmId":"node/5131705507"}},{"type":"Feature","geometry":{"type":"Point","coordinates":[-74.028831,4.736457]},"properties":{"id":"osm:n5131725874","type":"pharmacy","name":"Servifamilia","source":"osm","osmId":"node/5131725874"}},{"type":"Feature","geometry":{"type":"Point","coordinates":[-74.07205,4.719503]},"properties":{"id":"osm:n5131727636","type":"pharmacy","name":"Droguería Las Villas 1","source":"osm","osmId":"node/5131727636"}},{"type":"Feature","geometry":{"type":"Point","coordinates":[-74.071607,4.725149]},"properties":{"id":"osm:n5131727656","type":"pharmacy","name":"Drogueria Especial","source":"osm","osmId":"node/5131727656"}},{"type":"Feature","geometry":{"type":"Point","coordinates":[-74.065237,4.728152]},"properties":{"id":"osm:n5131727675","type":"pharmacy","name":"Pharmaskin","source":"osm","osmId":"node/5131727675"}},{"type":"Feature","geometry":{"type":"Point","coordinates":[-74.222864,4.711667]},"properties":{"id":"osm:n5131833917","type":"pharmacy","name":"Farma Gómez 5","source":"osm","osmId":"node/5131833917","operator":"Inversiones Construyendo Futuro SAS","openingHours":"24/7"}},{"type":"Feature","geometry":{"type":"Point","coordinates":[-74.04908,4.73234]},"properties":{"id":"osm:n5131876240","type":"health","name":"Centro De Análisis Molecular","source":"osm","osmId":"node/5131876240"}},{"type":"Feature","geometry":{"type":"Point","coordinates":[-74.045527,4.678791]},"properties":{"id":"osm:n5131878721","type":"pharmacy","name":"Cruz Verde","source":"osm","osmId":"node/5131878721"}},{"type":"Feature","geometry":{"type":"Point","coordinates":[-74.044207,4.69707]},"properties":{"id":"osm:n5131891129","type":"health","name":"Colmédica","source":"osm","osmId":"node/5131891129"}},{"type":"Feature","geometry":{"type":"Point","coordinates":[-74.044184,4.76096]},"properties":{"id":"osm:n5131943736","type":"atm","name":"BBVA","source":"osm","osmId":"node/5131943736","operator":"BBVA"}},{"type":"Feature","geometry":{"type":"Point","coordinates":[-74.025373,4.730131]},"properties":{"id":"osm:n5131963863","type":"pharmacy","name":"Central Plus","source":"osm","osmId":"node/5131963863"}},{"type":"Feature","geometry":{"type":"Point","coordinates":[-74.027913,4.729454]},"properties":{"id":"osm:n5131974971","type":"pharmacy","name":"Gran Colombia JC","source":"osm","osmId":"node/5131974971"}},{"type":"Feature","geometry":{"type":"Point","coordinates":[-74.027154,4.73181]},"properties":{"id":"osm:n5131974986","type":"health","name":"Colsanar","source":"osm","osmId":"node/5131974986"}},{"type":"Feature","geometry":{"type":"Point","coordinates":[-74.027163,4.731896]},"properties":{"id":"osm:n5131974990","type":"pharmacy","name":"Droguería Barrancas","source":"osm","osmId":"node/5131974990"}},{"type":"Feature","geometry":{"type":"Point","coordinates":[-74.054366,4.663368]},"properties":{"id":"osm:n5132017625","type":"pharmacy","name":"Drogueria","source":"osm","osmId":"node/5132017625"}},{"type":"Feature","geometry":{"type":"Point","coordinates":[-74.055968,4.661]},"properties":{"id":"osm:n5132017656","type":"atm","name":"Servibanca","source":"osm","osmId":"node/5132017656","operator":"Servibanca"}},{"type":"Feature","geometry":{"type":"Point","coordinates":[-74.058926,4.656618]},"properties":{"id":"osm:n5132051037","type":"pharmacy","name":"Colombia Farma","source":"osm","osmId":"node/5132051037"}},{"type":"Feature","geometry":{"type":"Point","coordinates":[-74.04718,4.675593]},"properties":{"id":"osm:n5132098827","type":"pharmacy","name":"Cruz Verde","source":"osm","osmId":"node/5132098827"}},{"type":"Feature","geometry":{"type":"Point","coordinates":[-74.054443,4.663797]},"properties":{"id":"osm:n5132124384","type":"pharmacy","name":"Colombia Farma","source":"osm","osmId":"node/5132124384"}},{"type":"Feature","geometry":{"type":"Point","coordinates":[-74.057721,4.659022]},"properties":{"id":"osm:n5132141654","type":"pharmacy","name":"MundoFarma","source":"osm","osmId":"node/5132141654"}},{"type":"Feature","geometry":{"type":"Point","coordinates":[-74.060696,4.654637]},"properties":{"id":"osm:n5133179544","type":"health","name":"Vida Salud","source":"osm","osmId":"node/5133179544"}},{"type":"Feature","geometry":{"type":"Point","coordinates":[-74.03162,4.73436]},"properties":{"id":"osm:n5133203936","type":"pharmacy","name":"Droguería","source":"osm","osmId":"node/5133203936"}},{"type":"Feature","geometry":{"type":"Point","coordinates":[-74.02984,4.735079]},"properties":{"id":"osm:n5133220448","type":"pharmacy","name":"Nueva Salud Vida","source":"osm","osmId":"node/5133220448"}},{"type":"Feature","geometry":{"type":"Point","coordinates":[-74.027602,4.73783]},"properties":{"id":"osm:n5133233222","type":"pharmacy","name":"Comunitaria de Salud J.L.","source":"osm","osmId":"node/5133233222"}},{"type":"Feature","geometry":{"type":"Point","coordinates":[-74.026689,4.737937]},"properties":{"id":"osm:n5133245389","type":"pharmacy","name":"Droguería Olmar","source":"osm","osmId":"node/5133245389"}},{"type":"Feature","geometry":{"type":"Point","coordinates":[-74.024896,4.737394]},"properties":{"id":"osm:n5133276340","type":"pharmacy","name":"San Julio","source":"osm","osmId":"node/5133276340"}},{"type":"Feature","geometry":{"type":"Point","coordinates":[-74.060466,4.64891]},"properties":{"id":"osm:n5133412494","type":"health","name":"Espinosa Gómez","source":"osm","osmId":"node/5133412494"}},{"type":"Feature","geometry":{"type":"Point","coordinates":[-74.061023,4.646087]},"properties":{"id":"osm:n5133508404","type":"pharmacy","name":"Sep iFarm","source":"osm","osmId":"node/5133508404"}},{"type":"Feature","geometry":{"type":"Point","coordinates":[-74.062229,4.642881]},"properties":{"id":"osm:n5133523314","type":"pharmacy","name":"Cruz Verde","source":"osm","osmId":"node/5133523314"}},{"type":"Feature","geometry":{"type":"Point","coordinates":[-74.063302,4.638681]},"properties":{"id":"osm:n5133564810","type":"pharmacy","name":"Punto Farma","source":"osm","osmId":"node/5133564810"}},{"type":"Feature","geometry":{"type":"Point","coordinates":[-74.064922,4.629775]},"properties":{"id":"osm:n5133615349","type":"pharmacy","name":"Droguería Mediante","source":"osm","osmId":"node/5133615349"}},{"type":"Feature","geometry":{"type":"Point","coordinates":[-74.061132,4.64541]},"properties":{"id":"osm:n5133715581","type":"pharmacy","name":"La Rebaja","source":"osm","osmId":"node/5133715581"}},{"type":"Feature","geometry":{"type":"Point","coordinates":[-74.211885,4.714405]},"properties":{"id":"osm:n5133744429","type":"pharmacy","name":"Farma Mundi","source":"osm","osmId":"node/5133744429"}},{"type":"Feature","geometry":{"type":"Point","coordinates":[-74.073558,4.698488]},"properties":{"id":"osm:n5133851310","type":"pharmacy","name":"Farmacenter","source":"osm","osmId":"node/5133851310"}},{"type":"Feature","geometry":{"type":"Point","coordinates":[-74.063024,4.6536]},"properties":{"id":"osm:n5133863433","type":"pharmacy","name":"Farmacenter","source":"osm","osmId":"node/5133863433"}},{"type":"Feature","geometry":{"type":"Point","coordinates":[-74.05903,4.663272]},"properties":{"id":"osm:n5134049101","type":"pharmacy","name":"Drogueria","source":"osm","osmId":"node/5134049101"}},{"type":"Feature","geometry":{"type":"Point","coordinates":[-74.05913,4.666758]},"properties":{"id":"osm:n5134049630","type":"pharmacy","name":"Droguerias","source":"osm","osmId":"node/5134049630"}},{"type":"Feature","geometry":{"type":"Point","coordinates":[-74.056619,4.667608]},"properties":{"id":"osm:n5134084700","type":"pharmacy","name":"Farma Lago","source":"osm","osmId":"node/5134084700"}},{"type":"Feature","geometry":{"type":"Point","coordinates":[-74.042793,4.698014]},"properties":{"id":"osm:n5134190076","type":"pharmacy","name":"La Rebaja Plus","source":"osm","osmId":"node/5134190076"}},{"type":"Feature","geometry":{"type":"Point","coordinates":[-74.060091,4.661161]},"properties":{"id":"osm:n5135471914","type":"pharmacy","name":"Droguería","source":"osm","osmId":"node/5135471914"}},{"type":"Feature","geometry":{"type":"Point","coordinates":[-74.059072,4.662628]},"properties":{"id":"osm:n5135541754","type":"pharmacy","name":"Droguería","source":"osm","osmId":"node/5135541754"}},{"type":"Feature","geometry":{"type":"Point","coordinates":[-74.057904,4.664721]},"properties":{"id":"osm:n5135541787","type":"pharmacy","name":"Drogueria","source":"osm","osmId":"node/5135541787"}},{"type":"Feature","geometry":{"type":"Point","coordinates":[-74.058962,4.666146]},"properties":{"id":"osm:n5135573264","type":"pharmacy","name":"Drogería Reages Del Lago","source":"osm","osmId":"node/5135573264"}},{"type":"Feature","geometry":{"type":"Point","coordinates":[-74.077389,4.622257]},"properties":{"id":"osm:n5135627057","type":"pharmacy","name":"Droguería Colsubsidio","source":"osm","osmId":"node/5135627057","operator":"Colsubsidio"}},{"type":"Feature","geometry":{"type":"Point","coordinates":[-74.057525,4.667903]},"properties":{"id":"osm:n5135648674","type":"pharmacy","name":"Salud Hospitalaria","source":"osm","osmId":"node/5135648674"}},{"type":"Feature","geometry":{"type":"Point","coordinates":[-74.057403,4.667831]},"properties":{"id":"osm:n5135648679","type":"pharmacy","name":"Farmacia Institucional","source":"osm","osmId":"node/5135648679"}},{"type":"Feature","geometry":{"type":"Point","coordinates":[-74.075902,4.623973]},"properties":{"id":"osm:n5135677560","type":"pharmacy","name":"Drogueria Dijen","source":"osm","osmId":"node/5135677560"}},{"type":"Feature","geometry":{"type":"Point","coordinates":[-74.073734,4.622716]},"properties":{"id":"osm:n5135752661","type":"pharmacy","name":"Droguería Rex","source":"osm","osmId":"node/5135752661"}},{"type":"Feature","geometry":{"type":"Point","coordinates":[-74.09239,4.682527]},"properties":{"id":"osm:n5135872232","type":"pharmacy","name":"Drogas la Economia","source":"osm","osmId":"node/5135872232"}},{"type":"Feature","geometry":{"type":"Point","coordinates":[-74.091763,4.683924]},"properties":{"id":"osm:n5135885263","type":"pharmacy","name":"Farmacenter","source":"osm","osmId":"node/5135885263"}},{"type":"Feature","geometry":{"type":"Point","coordinates":[-74.069466,4.65908]},"properties":{"id":"osm:n5135991212","type":"pharmacy","name":"Drogas La Economia","source":"osm","osmId":"node/5135991212"}},{"type":"Feature","geometry":{"type":"Point","coordinates":[-74.076219,4.631615]},"properties":{"id":"osm:n5136089085","type":"pharmacy","name":"Droguería Nueva Arlequin","source":"osm","osmId":"node/5136089085"}},{"type":"Feature","geometry":{"type":"Point","coordinates":[-74.085626,4.6858]},"properties":{"id":"osm:n5136092851","type":"pharmacy","name":"Farma Ferias","source":"osm","osmId":"node/5136092851"}},{"type":"Feature","geometry":{"type":"Point","coordinates":[-74.069731,4.622769]},"properties":{"id":"osm:n5136183417","type":"health","name":"Ecografías","source":"osm","osmId":"node/5136183417"}},{"type":"Feature","geometry":{"type":"Point","coordinates":[-74.070165,4.622964]},"properties":{"id":"osm:n5136184122","type":"health","name":"Orienta Familiar","source":"osm","osmId":"node/5136184122"}},{"type":"Feature","geometry":{"type":"Point","coordinates":[-74.071515,4.720064]},"properties":{"id":"osm:n5136264830","type":"health","name":"Asociación San Bartolomé Apostol","source":"osm","osmId":"node/5136264830"}},{"type":"Feature","geometry":{"type":"Point","coordinates":[-74.07046,4.622232]},"properties":{"id":"osm:n5136291456","type":"health","name":"Consultorio Medico Familliar","source":"osm","osmId":"node/5136291456"}},{"type":"Feature","geometry":{"type":"Point","coordinates":[-74.088862,4.688101]},"properties":{"id":"osm:n5136302377","type":"pharmacy","name":"Farmacenter","source":"osm","osmId":"node/5136302377"}},{"type":"Feature","geometry":{"type":"Point","coordinates":[-74.069975,4.62152]},"properties":{"id":"osm:n5136305567","type":"pharmacy","name":"Droguería San Vicente Jr","source":"osm","osmId":"node/5136305567"}},{"type":"Feature","geometry":{"type":"Point","coordinates":[-74.125784,4.583546]},"properties":{"id":"osm:n5136778947","type":"pharmacy","name":"Centro naturista Sonia Lujan","source":"osm","osmId":"node/5136778947"}},{"type":"Feature","geometry":{"type":"Point","coordinates":[-74.075466,4.613684]},"properties":{"id":"osm:n5137637172","type":"pharmacy","name":"Drugueria Hospitalaria","source":"osm","osmId":"node/5137637172"}},{"type":"Feature","geometry":{"type":"Point","coordinates":[-74.092407,4.68514]},"properties":{"id":"osm:n5137954661","type":"health","name":"Unidad Medica","source":"osm","osmId":"node/5137954661"}},{"type":"Feature","geometry":{"type":"Point","coordinates":[-74.092629,4.685364]},"properties":{"id":"osm:n5137967128","type":"health","name":"Doctor José Gregorio Hernández","source":"osm","osmId":"node/5137967128"}},{"type":"Feature","geometry":{"type":"Point","coordinates":[-74.067403,4.668356]},"properties":{"id":"osm:n5138006681","type":"pharmacy","name":"Drogueria","source":"osm","osmId":"node/5138006681"}},{"type":"Feature","geometry":{"type":"Point","coordinates":[-74.075562,4.612169]},"properties":{"id":"osm:n5138280505","type":"pharmacy","name":"Sfarma","source":"osm","osmId":"node/5138280505"}},{"type":"Feature","geometry":{"type":"Point","coordinates":[-74.076244,4.612948]},"properties":{"id":"osm:n5138343577","type":"pharmacy","name":"Medigen R.S.","source":"osm","osmId":"node/5138343577"}},{"type":"Feature","geometry":{"type":"Point","coordinates":[-74.098046,4.671319]},"properties":{"id":"osm:n5138362336","type":"pharmacy","name":"Farma Visión","source":"osm","osmId":"node/5138362336"}},{"type":"Feature","geometry":{"type":"Point","coordinates":[-74.096397,4.672846]},"properties":{"id":"osm:n5138385630","type":"pharmacy","name":"Sofi Pharma","source":"osm","osmId":"node/5138385630"}},{"type":"Feature","geometry":{"type":"Point","coordinates":[-74.114106,4.619595]},"properties":{"id":"osm:n5138924184","type":"pharmacy","name":"Centro Naturista","source":"osm","osmId":"node/5138924184"}},{"type":"Feature","geometry":{"type":"Point","coordinates":[-74.166594,4.633578]},"properties":{"id":"osm:n5141442850","type":"pharmacy","name":"Hiperdrogueria Germany","source":"osm","osmId":"node/5141442850"}},{"type":"Feature","geometry":{"type":"Point","coordinates":[-74.112635,4.655718]},"properties":{"id":"osm:n5141526184","type":"pharmacy","name":"Cruz Verde","source":"osm","osmId":"node/5141526184"}},{"type":"Feature","geometry":{"type":"Point","coordinates":[-74.089678,4.751098]},"properties":{"id":"osm:n5141811765","type":"pharmacy","name":"Drogunibarata","source":"osm","osmId":"node/5141811765"}},{"type":"Feature","geometry":{"type":"Point","coordinates":[-74.125216,4.719579]},"properties":{"id":"osm:n5141828571","type":"pharmacy","name":"Droguería Hipernacional","source":"osm","osmId":"node/5141828571","openingHours":"PH,Mo-Su 07:00-22:00"}},{"type":"Feature","geometry":{"type":"Point","coordinates":[-74.112539,4.696765]},"properties":{"id":"osm:n5141968075","type":"health","name":"Veterinaria Animal's Help","source":"osm","osmId":"node/5141968075"}},{"type":"Feature","geometry":{"type":"Point","coordinates":[-74.123171,4.600519]},"properties":{"id":"osm:n5141986169","type":"health","name":"Clinica Veterinaria Animal Zone","source":"osm","osmId":"node/5141986169"}},{"type":"Feature","geometry":{"type":"Point","coordinates":[-74.121843,4.596254]},"properties":{"id":"osm:n5141986653","type":"pharmacy","name":"Flor Mar","source":"osm","osmId":"node/5141986653"}},{"type":"Feature","geometry":{"type":"Point","coordinates":[-74.024472,4.727161]},"properties":{"id":"osm:n5143223051","type":"health","name":"Col Médica","source":"osm","osmId":"node/5143223051"}},{"type":"Feature","geometry":{"type":"Point","coordinates":[-74.068267,4.657211]},"properties":{"id":"osm:n5143337917","type":"pharmacy","name":"+7 Drugstore","source":"osm","osmId":"node/5143337917"}},{"type":"Feature","geometry":{"type":"Point","coordinates":[-74.07097,4.61838]},"properties":{"id":"osm:n5143392436","type":"pharmacy","name":"Punto Farma","source":"osm","osmId":"node/5143392436"}},{"type":"Feature","geometry":{"type":"Point","coordinates":[-74.07224,4.61831]},"properties":{"id":"osm:n5143434416","type":"pharmacy","name":"Drogueria Suarez","source":"osm","osmId":"node/5143434416"}},{"type":"Feature","geometry":{"type":"Point","coordinates":[-74.068433,4.658022]},"properties":{"id":"osm:n5143539964","type":"pharmacy","name":"Drogas Dalimar","source":"osm","osmId":"node/5143539964"}},{"type":"Feature","geometry":{"type":"Point","coordinates":[-74.060118,4.65783]},"properties":{"id":"osm:n5143632461","type":"pharmacy","name":"Colombia Farma","source":"osm","osmId":"node/5143632461"}},{"type":"Feature","geometry":{"type":"Point","coordinates":[-74.057461,4.655981]},"properties":{"id":"osm:n5143632474","type":"pharmacy","name":"Drogueria Colsubsidio","source":"osm","osmId":"node/5143632474"}},{"type":"Feature","geometry":{"type":"Point","coordinates":[-74.10072,4.810994]},"properties":{"id":"osm:n5143639986","type":"atm","name":"ATH","source":"osm","osmId":"node/5143639986","operator":"ATH"}},{"type":"Feature","geometry":{"type":"Point","coordinates":[-74.06922,4.622764]},"properties":{"id":"osm:n5143649088","type":"health","name":"Ecografias","source":"osm","osmId":"node/5143649088"}},{"type":"Feature","geometry":{"type":"Point","coordinates":[-74.069262,4.622774]},"properties":{"id":"osm:n5143649090","type":"health","name":"Unidad Medica","source":"osm","osmId":"node/5143649090"}},{"type":"Feature","geometry":{"type":"Point","coordinates":[-74.069188,4.623016]},"properties":{"id":"osm:n5143649096","type":"health","name":"Instituto Medico La 34","source":"osm","osmId":"node/5143649096"}},{"type":"Feature","geometry":{"type":"Point","coordinates":[-74.068006,4.659159]},"properties":{"id":"osm:n5143652473","type":"pharmacy","name":"Droguería Colfarma La","source":"osm","osmId":"node/5143652473"}},{"type":"Feature","geometry":{"type":"Point","coordinates":[-74.080531,4.675726]},"properties":{"id":"osm:n5143661559","type":"health","name":"ReviSalud","source":"osm","osmId":"node/5143661559"}},{"type":"Feature","geometry":{"type":"Point","coordinates":[-74.053365,4.699452]},"properties":{"id":"osm:n5143685730","type":"pharmacy","name":"Farmisol","source":"osm","osmId":"node/5143685730"}},{"type":"Feature","geometry":{"type":"Point","coordinates":[-74.100694,4.81221]},"properties":{"id":"osm:n5143759057","type":"pharmacy","name":"Mediplus","source":"osm","osmId":"node/5143759057"}},{"type":"Feature","geometry":{"type":"Point","coordinates":[-74.078948,4.672196]},"properties":{"id":"osm:n5143793467","type":"pharmacy","name":"Drogueria","source":"osm","osmId":"node/5143793467"}},{"type":"Feature","geometry":{"type":"Point","coordinates":[-74.066448,4.661665]},"properties":{"id":"osm:n5143838898","type":"pharmacy","name":"Magnafarma","source":"osm","osmId":"node/5143838898"}},{"type":"Feature","geometry":{"type":"Point","coordinates":[-74.060528,4.663592]},"properties":{"id":"osm:n5143854291","type":"pharmacy","name":"Deogueria La 76","source":"osm","osmId":"node/5143854291"}},{"type":"Feature","geometry":{"type":"Point","coordinates":[-74.063717,4.662358]},"properties":{"id":"osm:n5143900914","type":"pharmacy","name":"Drogueria","source":"osm","osmId":"node/5143900914"}},{"type":"Feature","geometry":{"type":"Point","coordinates":[-74.067725,4.660438]},"properties":{"id":"osm:n5143918858","type":"pharmacy","name":"Total Farma","source":"osm","osmId":"node/5143918858"}},{"type":"Feature","geometry":{"type":"Point","coordinates":[-74.052649,4.733164]},"properties":{"id":"osm:n5143932980","type":"pharmacy","name":"Drogueria","source":"osm","osmId":"node/5143932980"}},{"type":"Feature","geometry":{"type":"Point","coordinates":[-74.051924,4.732183]},"properties":{"id":"osm:n5143937844","type":"pharmacy","name":"Drogueria Michel","source":"osm","osmId":"node/5143937844"}},{"type":"Feature","geometry":{"type":"Point","coordinates":[-74.066222,4.661313]},"properties":{"id":"osm:n5143940360","type":"health","name":"Clínica Del Tapizado","source":"osm","osmId":"node/5143940360"}},{"type":"Feature","geometry":{"type":"Point","coordinates":[-74.053407,4.732449]},"properties":{"id":"osm:n5143953498","type":"pharmacy","name":"Droguería de la 146","source":"osm","osmId":"node/5143953498"}},{"type":"Feature","geometry":{"type":"Point","coordinates":[-74.060282,4.66378]},"properties":{"id":"osm:n5143988756","type":"health","name":"Fresenus Medical Care","source":"osm","osmId":"node/5143988756"}},{"type":"Feature","geometry":{"type":"Point","coordinates":[-74.053066,4.728214]},"properties":{"id":"osm:n5144015608","type":"pharmacy","name":"Droguería Unilafam","source":"osm","osmId":"node/5144015608"}},{"type":"Feature","geometry":{"type":"Point","coordinates":[-74.049907,4.672949]},"properties":{"id":"osm:n5144194547","type":"pharmacy","name":"Droguería Colsubsidio Cl90","source":"osm","osmId":"node/5144194547","operator":"Colsubsidio","openingHours":"Mo-Sa 07:00-19:00"}},{"type":"Feature","geometry":{"type":"Point","coordinates":[-74.080154,4.673544]},"properties":{"id":"osm:n5145206248","type":"pharmacy","name":"Drogueria La Ideal","source":"osm","osmId":"node/5145206248"}},{"type":"Feature","geometry":{"type":"Point","coordinates":[-74.079578,4.674509]},"properties":{"id":"osm:n5145206832","type":"pharmacy","name":"Drogueria Drog & Farma","source":"osm","osmId":"node/5145206832"}},{"type":"Feature","geometry":{"type":"Point","coordinates":[-74.062205,4.659477]},"properties":{"id":"osm:n5145280989","type":"pharmacy","name":"Sfarma","source":"osm","osmId":"node/5145280989"}},{"type":"Feature","geometry":{"type":"Point","coordinates":[-74.097674,4.816293]},"properties":{"id":"osm:n5145341604","type":"pharmacy","name":"Drogas Nelly","source":"osm","osmId":"node/5145341604"}},{"type":"Feature","geometry":{"type":"Point","coordinates":[-74.065997,4.68959]},"properties":{"id":"osm:n5145350934","type":"atm","name":"Cajero Bancolombia","source":"osm","osmId":"node/5145350934","operator":"Bancolombia"}},{"type":"Feature","geometry":{"type":"Point","coordinates":[-74.0722,4.689467]},"properties":{"id":"osm:n5145486829","type":"pharmacy","name":"Farmacenter","source":"osm","osmId":"node/5145486829"}},{"type":"Feature","geometry":{"type":"Point","coordinates":[-74.065806,4.661933]},"properties":{"id":"osm:n5145488331","type":"pharmacy","name":"Droguería Nuevo Siglo","source":"osm","osmId":"node/5145488331"}},{"type":"Feature","geometry":{"type":"Point","coordinates":[-74.056563,4.668641]},"properties":{"id":"osm:n5145508197","type":"health","name":"Centro Médico San Sebastián del Country","source":"osm","osmId":"node/5145508197"}},{"type":"Feature","geometry":{"type":"Point","coordinates":[-74.056707,4.668343]},"properties":{"id":"osm:n5145508205","type":"pharmacy","name":"Drogueria Alemana","source":"osm","osmId":"node/5145508205"}},{"type":"Feature","geometry":{"type":"Point","coordinates":[-74.078804,4.691488]},"properties":{"id":"osm:n5145526452","type":"pharmacy","name":"Aldia Pharma","source":"osm","osmId":"node/5145526452"}},{"type":"Feature","geometry":{"type":"Point","coordinates":[-74.063521,4.660345]},"properties":{"id":"osm:n5145557147","type":"pharmacy","name":"Farmacenter","source":"osm","osmId":"node/5145557147"}},{"type":"Feature","geometry":{"type":"Point","coordinates":[-74.071823,4.698908]},"properties":{"id":"osm:n5145600419","type":"pharmacy","name":"Droguería Colsubsidio","source":"osm","osmId":"node/5145600419"}},{"type":"Feature","geometry":{"type":"Point","coordinates":[-74.065257,4.661915]},"properties":{"id":"osm:n5145689453","type":"library","name":"BooKafe","source":"osm","osmId":"node/5145689453"}},{"type":"Feature","geometry":{"type":"Point","coordinates":[-74.074523,4.689974]},"properties":{"id":"osm:n5145730007","type":"pharmacy","name":"Lava Farma","source":"osm","osmId":"node/5145730007"}},{"type":"Feature","geometry":{"type":"Point","coordinates":[-74.078752,4.689837]},"properties":{"id":"osm:n5145795156","type":"pharmacy","name":"Farmacenter","source":"osm","osmId":"node/5145795156"}},{"type":"Feature","geometry":{"type":"Point","coordinates":[-74.055407,4.670389]},"properties":{"id":"osm:n5146026959","type":"pharmacy","name":"Farma Country","source":"osm","osmId":"node/5146026959"}},{"type":"Feature","geometry":{"type":"Point","coordinates":[-74.072594,4.710661]},"properties":{"id":"osm:n5146089988","type":"pharmacy","name":"Quimica Alemana","source":"osm","osmId":"node/5146089988"}},{"type":"Feature","geometry":{"type":"Point","coordinates":[-74.071839,4.67178]},"properties":{"id":"osm:n5146114609","type":"pharmacy","name":"Calidad de Drogas","source":"osm","osmId":"node/5146114609"}},{"type":"Feature","geometry":{"type":"Point","coordinates":[-74.028688,4.739848]},"properties":{"id":"osm:n5146137935","type":"pharmacy","name":"Droguería La Mejor del Norte","source":"osm","osmId":"node/5146137935"}},{"type":"Feature","geometry":{"type":"Point","coordinates":[-74.056183,4.734045]},"properties":{"id":"osm:n5146197644","type":"pharmacy","name":"Famisol","source":"osm","osmId":"node/5146197644"}},{"type":"Feature","geometry":{"type":"Point","coordinates":[-74.056102,4.733993]},"properties":{"id":"osm:n5146197646","type":"health","name":"Colmédica sede Colina","source":"osm","osmId":"node/5146197646","operator":"Colmédica"}},{"type":"Feature","geometry":{"type":"Point","coordinates":[-74.06453,4.665252]},"properties":{"id":"osm:n5146266671","type":"pharmacy","name":"Farmacia Alemana","source":"osm","osmId":"node/5146266671"}},{"type":"Feature","geometry":{"type":"Point","coordinates":[-74.064445,4.665197]},"properties":{"id":"osm:n5146266674","type":"health","name":"Lacorsalud","source":"osm","osmId":"node/5146266674"}},{"type":"Feature","geometry":{"type":"Point","coordinates":[-74.032961,4.740921]},"properties":{"id":"osm:n5147695976","type":"pharmacy","name":"Cardio Rebajas","source":"osm","osmId":"node/5147695976"}},{"type":"Feature","geometry":{"type":"Point","coordinates":[-74.036399,4.741838]},"properties":{"id":"osm:n5147859162","type":"pharmacy","name":"Cardio Salud","source":"osm","osmId":"node/5147859162"}},{"type":"Feature","geometry":{"type":"Point","coordinates":[-74.074275,4.668666]},"properties":{"id":"osm:n5147923234","type":"pharmacy","name":"Droguerias Galeno","source":"osm","osmId":"node/5147923234"}},{"type":"Feature","geometry":{"type":"Point","coordinates":[-74.09639,4.683452]},"properties":{"id":"osm:n5147953823","type":"pharmacy","name":"Droguería","source":"osm","osmId":"node/5147953823"}},{"type":"Feature","geometry":{"type":"Point","coordinates":[-74.094471,4.679968]},"properties":{"id":"osm:n5147963237","type":"pharmacy","name":"Farmacenter","source":"osm","osmId":"node/5147963237"}},{"type":"Feature","geometry":{"type":"Point","coordinates":[-74.070479,4.66539]},"properties":{"id":"osm:n5147968638","type":"pharmacy","name":"Total Farma","source":"osm","osmId":"node/5147968638"}},{"type":"Feature","geometry":{"type":"Point","coordinates":[-74.094438,4.679296]},"properties":{"id":"osm:n5147970556","type":"pharmacy","name":"Droguería Inverup","source":"osm","osmId":"node/5147970556"}},{"type":"Feature","geometry":{"type":"Point","coordinates":[-74.072863,4.675184]},"properties":{"id":"osm:n5147984029","type":"pharmacy","name":"Drogueria Gaitan","source":"osm","osmId":"node/5147984029"}},{"type":"Feature","geometry":{"type":"Point","coordinates":[-74.065935,4.665233]},"properties":{"id":"osm:n5147985629","type":"pharmacy","name":"Farmacenter","source":"osm","osmId":"node/5147985629"}},{"type":"Feature","geometry":{"type":"Point","coordinates":[-74.04082,4.742185]},"properties":{"id":"osm:n5148003424","type":"pharmacy","name":"Farma Colo","source":"osm","osmId":"node/5148003424"}},{"type":"Feature","geometry":{"type":"Point","coordinates":[-74.071149,4.719902]},"properties":{"id":"osm:n5148107399","type":"pharmacy","name":"Droguería Ciudad Jardin","source":"osm","osmId":"node/5148107399"}},{"type":"Feature","geometry":{"type":"Point","coordinates":[-74.070855,4.720594]},"properties":{"id":"osm:n5148107418","type":"pharmacy","name":"Oviedo","source":"osm","osmId":"node/5148107418"}},{"type":"Feature","geometry":{"type":"Point","coordinates":[-74.098873,4.675557]},"properties":{"id":"osm:n5148168033","type":"pharmacy","name":"Pharmasol","source":"osm","osmId":"node/5148168033"}},{"type":"Feature","geometry":{"type":"Point","coordinates":[-74.094987,4.683196]},"properties":{"id":"osm:n5148280903","type":"pharmacy","name":"Servifarma","source":"osm","osmId":"node/5148280903"}},{"type":"Feature","geometry":{"type":"Point","coordinates":[-74.04778,4.728766]},"properties":{"id":"osm:n5148308497","type":"pharmacy","name":"Formula Uno","source":"osm","osmId":"node/5148308497"}},{"type":"Feature","geometry":{"type":"Point","coordinates":[-74.043637,4.729284]},"properties":{"id":"osm:n5148343835","type":"pharmacy","name":"Formula Uno","source":"osm","osmId":"node/5148343835"}},{"type":"Feature","geometry":{"type":"Point","coordinates":[-74.045728,4.725774]},"properties":{"id":"osm:n5148343845","type":"pharmacy","name":"La Rebaja","source":"osm","osmId":"node/5148343845"}},{"type":"Feature","geometry":{"type":"Point","coordinates":[-74.096112,4.677222]},"properties":{"id":"osm:n5148355088","type":"atm","name":"Banco Popular","source":"osm","osmId":"node/5148355088"}},{"type":"Feature","geometry":{"type":"Point","coordinates":[-74.096395,4.676763]},"properties":{"id":"osm:n5148355092","type":"pharmacy","name":"Farma D.E.","source":"osm","osmId":"node/5148355092"}},{"type":"Feature","geometry":{"type":"Point","coordinates":[-74.083292,4.631222]},"properties":{"id":"osm:n5148470421","type":"health","name":"DaVita Centro de Cuidado Renal","source":"osm","osmId":"node/5148470421"}},{"type":"Feature","geometry":{"type":"Point","coordinates":[-74.09805,4.674362]},"properties":{"id":"osm:n5148484403","type":"pharmacy","name":"El Bosque","source":"osm","osmId":"node/5148484403"}},{"type":"Feature","geometry":{"type":"Point","coordinates":[-74.051911,4.688279]},"properties":{"id":"osm:n5148548245","type":"health","name":"Clínica La Sabana","source":"osm","osmId":"node/5148548245"}},{"type":"Feature","geometry":{"type":"Point","coordinates":[-74.099107,4.672965]},"properties":{"id":"osm:n5148573922","type":"pharmacy","name":"Droguería Don Felix","source":"osm","osmId":"node/5148573922"}},{"type":"Feature","geometry":{"type":"Point","coordinates":[-74.063219,4.668372]},"properties":{"id":"osm:n5148692926","type":"library","name":"Bookstore","source":"osm","osmId":"node/5148692926"}},{"type":"Feature","geometry":{"type":"Point","coordinates":[-74.106636,4.667183]},"properties":{"id":"osm:n5149924596","type":"pharmacy","name":"Norman","source":"osm","osmId":"node/5149924596"}},{"type":"Feature","geometry":{"type":"Point","coordinates":[-74.100343,4.671688]},"properties":{"id":"osm:n5149985002","type":"pharmacy","name":"Drogas la Nacional","source":"osm","osmId":"node/5149985002"}},{"type":"Feature","geometry":{"type":"Point","coordinates":[-74.069103,4.718288]},"properties":{"id":"osm:n5150062132","type":"pharmacy","name":"Farma Avril","source":"osm","osmId":"node/5150062132"}},{"type":"Feature","geometry":{"type":"Point","coordinates":[-74.044762,4.723012]},"properties":{"id":"osm:n5150106105","type":"health","name":"Consultorio Radiologico","source":"osm","osmId":"node/5150106105"}},{"type":"Feature","geometry":{"type":"Point","coordinates":[-74.070974,4.666118]},"properties":{"id":"osm:n5150132281","type":"pharmacy","name":"Global Pharma","source":"osm","osmId":"node/5150132281"}},{"type":"Feature","geometry":{"type":"Point","coordinates":[-74.042756,4.722109]},"properties":{"id":"osm:n5150162994","type":"pharmacy","name":"La Rebaja","source":"osm","osmId":"node/5150162994"}},{"type":"Feature","geometry":{"type":"Point","coordinates":[-74.106122,4.67038]},"properties":{"id":"osm:n5150232101","type":"pharmacy","name":"La Rebaja","source":"osm","osmId":"node/5150232101"}},{"type":"Feature","geometry":{"type":"Point","coordinates":[-74.105329,4.669581]},"properties":{"id":"osm:n5150232114","type":"pharmacy","name":"Droguería Royal","source":"osm","osmId":"node/5150232114"}},{"type":"Feature","geometry":{"type":"Point","coordinates":[-74.109518,4.693024]},"properties":{"id":"osm:n5150245401","type":"pharmacy","name":"Droguería Acevedo V.","source":"osm","osmId":"node/5150245401"}},{"type":"Feature","geometry":{"type":"Point","coordinates":[-74.106016,4.670693]},"properties":{"id":"osm:n5150247125","type":"pharmacy","name":"Sfarma","source":"osm","osmId":"node/5150247125"}},{"type":"Feature","geometry":{"type":"Point","coordinates":[-74.070349,4.714857]},"properties":{"id":"osm:n5150450117","type":"pharmacy","name":"Droguería La Colina","source":"osm","osmId":"node/5150450117"}},{"type":"Feature","geometry":{"type":"Point","coordinates":[-74.069761,4.722841]},"properties":{"id":"osm:n5150490151","type":"pharmacy","name":"Drogueria Especial","source":"osm","osmId":"node/5150490151"}},{"type":"Feature","geometry":{"type":"Point","coordinates":[-74.106925,4.693692]},"properties":{"id":"osm:n5150606716","type":"pharmacy","name":"Droguería La Garantia","source":"osm","osmId":"node/5150606716"}},{"type":"Feature","geometry":{"type":"Point","coordinates":[-74.044684,4.722653]},"properties":{"id":"osm:n5150617506","type":"pharmacy","name":"Rosas","source":"osm","osmId":"node/5150617506"}},{"type":"Feature","geometry":{"type":"Point","coordinates":[-74.0239,4.760402]},"properties":{"id":"osm:n5150638659","type":"pharmacy","name":"Alaska 182","source":"osm","osmId":"node/5150638659"}},{"type":"Feature","geometry":{"type":"Point","coordinates":[-74.107105,4.669838]},"properties":{"id":"osm:n5150653408","type":"pharmacy","name":"Salud Market","source":"osm","osmId":"node/5150653408"}},{"type":"Feature","geometry":{"type":"Point","coordinates":[-74.0236,4.759562]},"properties":{"id":"osm:n5150683956","type":"pharmacy","name":"Farmatome","source":"osm","osmId":"node/5150683956"}},{"type":"Feature","geometry":{"type":"Point","coordinates":[-74.023692,4.759875]},"properties":{"id":"osm:n5150683964","type":"pharmacy","name":"Drogas Éticas Comunal","source":"osm","osmId":"node/5150683964"}},{"type":"Feature","geometry":{"type":"Point","coordinates":[-74.075427,4.671366]},"properties":{"id":"osm:n5150716534","type":"pharmacy","name":"Model Pharma","source":"osm","osmId":"node/5150716534"}},{"type":"Feature","geometry":{"type":"Point","coordinates":[-74.073181,4.676016]},"properties":{"id":"osm:n5150716570","type":"pharmacy","name":"Farmacenter","source":"osm","osmId":"node/5150716570"}},{"type":"Feature","geometry":{"type":"Point","coordinates":[-74.04625,4.717717]},"properties":{"id":"osm:n5150727817","type":"health","name":"Dr. Luis Carlos Osorio","source":"osm","osmId":"node/5150727817"}},{"type":"Feature","geometry":{"type":"Point","coordinates":[-74.046299,4.717737]},"properties":{"id":"osm:n5150727818","type":"health","name":"Dr. Hernando Leuro","source":"osm","osmId":"node/5150727818"}},{"type":"Feature","geometry":{"type":"Point","coordinates":[-74.068338,4.718777]},"properties":{"id":"osm:n5150777513","type":"pharmacy","name":"Droguería Eldorado","source":"osm","osmId":"node/5150777513"}},{"type":"Feature","geometry":{"type":"Point","coordinates":[-74.105168,4.696843]},"properties":{"id":"osm:n5151935339","type":"pharmacy","name":"Droguería Farmacova","source":"osm","osmId":"node/5151935339"}},{"type":"Feature","geometry":{"type":"Point","coordinates":[-74.042577,4.744168]},"properties":{"id":"osm:n5151955022","type":"pharmacy","source":"osm","osmId":"node/5151955022"}},{"type":"Feature","geometry":{"type":"Point","coordinates":[-74.10286,4.700392]},"properties":{"id":"osm:n5151988279","type":"pharmacy","name":"Droguería Tolima No. 2","source":"osm","osmId":"node/5151988279"}},{"type":"Feature","geometry":{"type":"Point","coordinates":[-74.094055,4.709427]},"properties":{"id":"osm:n5152047177","type":"pharmacy","name":"Droguerías Fasa","source":"osm","osmId":"node/5152047177"}},{"type":"Feature","geometry":{"type":"Point","coordinates":[-74.092482,4.707753]},"properties":{"id":"osm:n5152058741","type":"health","name":"Colombian Orthopedic","source":"osm","osmId":"node/5152058741"}},{"type":"Feature","geometry":{"type":"Point","coordinates":[-74.046705,4.693606]},"properties":{"id":"osm:n5152149011","type":"pharmacy","name":"La Rebaja","source":"osm","osmId":"node/5152149011"}},{"type":"Feature","geometry":{"type":"Point","coordinates":[-74.096614,4.706145]},"properties":{"id":"osm:n5152155898","type":"pharmacy","name":"Hiperdroguería Punto 5","source":"osm","osmId":"node/5152155898"}},{"type":"Feature","geometry":{"type":"Point","coordinates":[-74.039226,4.722717]},"properties":{"id":"osm:n5152191784","type":"pharmacy","name":"Hiperdrogueria Ramirez","source":"osm","osmId":"node/5152191784"}},{"type":"Feature","geometry":{"type":"Point","coordinates":[-74.026666,4.738699]},"properties":{"id":"osm:n5152207097","type":"pharmacy","name":"Proca","source":"osm","osmId":"node/5152207097"}},{"type":"Feature","geometry":{"type":"Point","coordinates":[-74.062659,4.716412]},"properties":{"id":"osm:n5152337952","type":"pharmacy","name":"Droguería Atabanza","source":"osm","osmId":"node/5152337952"}},{"type":"Feature","geometry":{"type":"Point","coordinates":[-74.097263,4.702052]},"properties":{"id":"osm:n5152349791","type":"pharmacy","name":"Droguería Dorel","source":"osm","osmId":"node/5152349791"}},{"type":"Feature","geometry":{"type":"Point","coordinates":[-74.093418,4.700962]},"properties":{"id":"osm:n5152386208","type":"pharmacy","name":"La Rivera Droguería","source":"osm","osmId":"node/5152386208"}},{"type":"Feature","geometry":{"type":"Point","coordinates":[-74.091708,4.701437]},"properties":{"id":"osm:n5152396396","type":"pharmacy","name":"Droguería Promedis","source":"osm","osmId":"node/5152396396"}},{"type":"Feature","geometry":{"type":"Point","coordinates":[-74.092174,4.70336]},"properties":{"id":"osm:n5152409864","type":"pharmacy","name":"Multisalud","source":"osm","osmId":"node/5152409864"}},{"type":"Feature","geometry":{"type":"Point","coordinates":[-74.090925,4.703467]},"properties":{"id":"osm:n5152409881","type":"pharmacy","name":"Multipharma","source":"osm","osmId":"node/5152409881"}},{"type":"Feature","geometry":{"type":"Point","coordinates":[-74.097022,4.706739]},"properties":{"id":"osm:n5152483435","type":"pharmacy","name":"Droguería Medixi","source":"osm","osmId":"node/5152483435"}},{"type":"Feature","geometry":{"type":"Point","coordinates":[-74.095553,4.706661]},"properties":{"id":"osm:n5152483445","type":"pharmacy","name":"Droguería AJB","source":"osm","osmId":"node/5152483445"}},{"type":"Feature","geometry":{"type":"Point","coordinates":[-74.09379,4.705903]},"properties":{"id":"osm:n5152483455","type":"pharmacy","name":"Droguería Gran Estacion","source":"osm","osmId":"node/5152483455"}},{"type":"Feature","geometry":{"type":"Point","coordinates":[-74.094739,4.705931]},"properties":{"id":"osm:n5152483479","type":"pharmacy","name":"Farmacia La Española","source":"osm","osmId":"node/5152483479"}},{"type":"Feature","geometry":{"type":"Point","coordinates":[-74.089902,4.7011]},"properties":{"id":"osm:n5152532242","type":"pharmacy","name":"Multisalud","source":"osm","osmId":"node/5152532242"}},{"type":"Feature","geometry":{"type":"Point","coordinates":[-74.043773,4.763126]},"properties":{"id":"osm:n5152535077","type":"pharmacy","name":"FarmAlkosto","source":"osm","osmId":"node/5152535077"}},{"type":"Feature","geometry":{"type":"Point","coordinates":[-74.091599,4.700966]},"properties":{"id":"osm:n5152536157","type":"pharmacy","name":"Droguería Cinero","source":"osm","osmId":"node/5152536157"}},{"type":"Feature","geometry":{"type":"Point","coordinates":[-74.099936,4.702655]},"properties":{"id":"osm:n5152585285","type":"health","name":"Centro Medico Comunitario","source":"osm","osmId":"node/5152585285"}},{"type":"Feature","geometry":{"type":"Point","coordinates":[-74.099938,4.702636]},"properties":{"id":"osm:n5152585286","type":"pharmacy","name":"Droguería y Perfumería","source":"osm","osmId":"node/5152585286"}},{"type":"Feature","geometry":{"type":"Point","coordinates":[-74.097636,4.704004]},"properties":{"id":"osm:n5152625154","type":"pharmacy","name":"Hiperdroguerías LORS","source":"osm","osmId":"node/5152625154"}},{"type":"Feature","geometry":{"type":"Point","coordinates":[-74.095574,4.703948]},"properties":{"id":"osm:n5152625159","type":"pharmacy","name":"Droguería Asarela","source":"osm","osmId":"node/5152625159"}},{"type":"Feature","geometry":{"type":"Point","coordinates":[-74.057153,4.718488]},"properties":{"id":"osm:n5152625363","type":"pharmacy","name":"Droguería Farmaser Prado","source":"osm","osmId":"node/5152625363"}},{"type":"Feature","geometry":{"type":"Point","coordinates":[-74.054259,4.715861]},"properties":{"id":"osm:n5152625390","type":"pharmacy","name":"La Rebaja Drogueria","source":"osm","osmId":"node/5152625390"}},{"type":"Feature","geometry":{"type":"Point","coordinates":[-74.089658,4.700679]},"properties":{"id":"osm:n5157343410","type":"health","name":"Clínica del Vestido Luce","source":"osm","osmId":"node/5157343410"}},{"type":"Feature","geometry":{"type":"Point","coordinates":[-74.045218,4.692155]},"properties":{"id":"osm:n5157346344","type":"pharmacy","name":"Drogueria Colsubsidio","source":"osm","osmId":"node/5157346344"}},{"type":"Feature","geometry":{"type":"Point","coordinates":[-74.08976,4.699866]},"properties":{"id":"osm:n5157363971","type":"pharmacy","name":"Farmacenter","source":"osm","osmId":"node/5157363971"}},{"type":"Feature","geometry":{"type":"Point","coordinates":[-74.058542,4.716306]},"properties":{"id":"osm:n5157407384","type":"pharmacy","name":"Farma Comunal","source":"osm","osmId":"node/5157407384"}},{"type":"Feature","geometry":{"type":"Point","coordinates":[-74.062116,4.713919]},"properties":{"id":"osm:n5157437069","type":"pharmacy","name":"Droguería Guifel","source":"osm","osmId":"node/5157437069"}},{"type":"Feature","geometry":{"type":"Point","coordinates":[-74.060255,4.71646]},"properties":{"id":"osm:n5157525494","type":"pharmacy","name":"FarmaMedic","source":"osm","osmId":"node/5157525494"}},{"type":"Feature","geometry":{"type":"Point","coordinates":[-74.060239,4.71646]},"properties":{"id":"osm:n5157525495","type":"health","name":"Fami Doc","source":"osm","osmId":"node/5157525495"}},{"type":"Feature","geometry":{"type":"Point","coordinates":[-74.097213,4.692319]},"properties":{"id":"osm:n5157532405","type":"pharmacy","name":"Farma Activa","source":"osm","osmId":"node/5157532405"}},{"type":"Feature","geometry":{"type":"Point","coordinates":[-74.097712,4.691766]},"properties":{"id":"osm:n5157532410","type":"pharmacy","name":"Farma Prado","source":"osm","osmId":"node/5157532410"}},{"type":"Feature","geometry":{"type":"Point","coordinates":[-74.059237,4.713778]},"properties":{"id":"osm:n5157551790","type":"pharmacy","name":"Droguería Obdufan","source":"osm","osmId":"node/5157551790"}},{"type":"Feature","geometry":{"type":"Point","coordinates":[-74.062859,4.671838]},"properties":{"id":"osm:n5157557292","type":"pharmacy","name":"Farmacenter","source":"osm","osmId":"node/5157557292"}},{"type":"Feature","geometry":{"type":"Point","coordinates":[-74.061657,4.673329]},"properties":{"id":"osm:n5157557306","type":"health","name":"Reyvelt","source":"osm","osmId":"node/5157557306"}},{"type":"Feature","geometry":{"type":"Point","coordinates":[-74.062364,4.675269]},"properties":{"id":"osm:n5157557318","type":"pharmacy","name":"Cruz Verde","source":"osm","osmId":"node/5157557318"}},{"type":"Feature","geometry":{"type":"Point","coordinates":[-74.096547,4.68898]},"properties":{"id":"osm:n5157673747","type":"pharmacy","name":"Drogfamilia","source":"osm","osmId":"node/5157673747"}},{"type":"Feature","geometry":{"type":"Point","coordinates":[-74.096858,4.688951]},"properties":{"id":"osm:n5157673761","type":"health","name":"Accion Medica","source":"osm","osmId":"node/5157673761"}},{"type":"Feature","geometry":{"type":"Point","coordinates":[-74.038155,4.725989]},"properties":{"id":"osm:n5157768955","type":"pharmacy","name":"Droguería Cedritos J&D","source":"osm","osmId":"node/5157768955"}},{"type":"Feature","geometry":{"type":"Point","coordinates":[-74.029893,4.740019]},"properties":{"id":"osm:n5157776909","type":"pharmacy","name":"Farmacenter","source":"osm","osmId":"node/5157776909"}},{"type":"Feature","geometry":{"type":"Point","coordinates":[-74.03115,4.740344]},"properties":{"id":"osm:n5157777854","type":"pharmacy","name":"Servicomunal 2","source":"osm","osmId":"node/5157777854"}},{"type":"Feature","geometry":{"type":"Point","coordinates":[-74.035813,4.723754]},"properties":{"id":"osm:n5157806696","type":"pharmacy","name":"El Santo Remedio","source":"osm","osmId":"node/5157806696"}},{"type":"Feature","geometry":{"type":"Point","coordinates":[-74.055516,4.725022]},"properties":{"id":"osm:n5157809768","type":"pharmacy","name":"Pharma World","source":"osm","osmId":"node/5157809768"}},{"type":"Feature","geometry":{"type":"Point","coordinates":[-74.054164,4.724569]},"properties":{"id":"osm:n5157832256","type":"pharmacy","name":"La Rebaja","source":"osm","osmId":"node/5157832256"}},{"type":"Feature","geometry":{"type":"Point","coordinates":[-74.039926,4.74486]},"properties":{"id":"osm:n5157916414","type":"bike_parking","source":"osm","osmId":"node/5157916414","fee":"no","covered":"no"}},{"type":"Feature","geometry":{"type":"Point","coordinates":[-74.040308,4.743581]},"properties":{"id":"osm:n5157917622","type":"pharmacy","name":"Pharmajuli","source":"osm","osmId":"node/5157917622"}},{"type":"Feature","geometry":{"type":"Point","coordinates":[-74.075495,4.680691]},"properties":{"id":"osm:n5157933210","type":"pharmacy","name":"Farmacenter","source":"osm","osmId":"node/5157933210"}},{"type":"Feature","geometry":{"type":"Point","coordinates":[-74.057412,4.720731]},"properties":{"id":"osm:n5157952257","type":"pharmacy","name":"Human Pharma","source":"osm","osmId":"node/5157952257"}},{"type":"Feature","geometry":{"type":"Point","coordinates":[-74.045579,4.742192]},"properties":{"id":"osm:n5157989439","type":"pharmacy","name":"Colsubsidio Servicio Farmacéutico","source":"osm","osmId":"node/5157989439"}},{"type":"Feature","geometry":{"type":"Point","coordinates":[-74.039048,4.720614]},"properties":{"id":"osm:n5157993584","type":"pharmacy","name":"Droguería Alemania","source":"osm","osmId":"node/5157993584"}},{"type":"Feature","geometry":{"type":"Point","coordinates":[-74.069562,4.687067]},"properties":{"id":"osm:n5157996510","type":"pharmacy","name":"Mundofarma","source":"osm","osmId":"node/5157996510"}},{"type":"Feature","geometry":{"type":"Point","coordinates":[-74.06542,4.682081]},"properties":{"id":"osm:n5158060776","type":"pharmacy","name":"Droguería","source":"osm","osmId":"node/5158060776"}},{"type":"Feature","geometry":{"type":"Point","coordinates":[-74.043028,4.742935]},"properties":{"id":"osm:n5159136819","type":"pharmacy","name":"Droguería Farmafast","source":"osm","osmId":"node/5159136819"}},{"type":"Feature","geometry":{"type":"Point","coordinates":[-74.036266,4.721702]},"properties":{"id":"osm:n5159353617","type":"pharmacy","name":"Lisboa","source":"osm","osmId":"node/5159353617"}},{"type":"Feature","geometry":{"type":"Point","coordinates":[-74.060574,4.713942]},"properties":{"id":"osm:n5159361784","type":"pharmacy","name":"Droguerias A&G","source":"osm","osmId":"node/5159361784"}},{"type":"Feature","geometry":{"type":"Point","coordinates":[-74.070865,4.657398]},"properties":{"id":"osm:n5159451841","type":"pharmacy","name":"Drogas Súper Economía","source":"osm","osmId":"node/5159451841"}},{"type":"Feature","geometry":{"type":"Point","coordinates":[-74.0716,4.656346]},"properties":{"id":"osm:n5159468203","type":"pharmacy","name":"Drogas La Economia","source":"osm","osmId":"node/5159468203"}},{"type":"Feature","geometry":{"type":"Point","coordinates":[-74.064866,4.685029]},"properties":{"id":"osm:n5159632644","type":"pharmacy","name":"Drogueria Especial","source":"osm","osmId":"node/5159632644"}},{"type":"Feature","geometry":{"type":"Point","coordinates":[-74.06471,4.68632]},"properties":{"id":"osm:n5159632692","type":"pharmacy","name":"Drogueria","source":"osm","osmId":"node/5159632692"}},{"type":"Feature","geometry":{"type":"Point","coordinates":[-74.103649,4.694337]},"properties":{"id":"osm:n5159638476","type":"pharmacy","name":"La Clarita","source":"osm","osmId":"node/5159638476"}},{"type":"Feature","geometry":{"type":"Point","coordinates":[-74.104523,4.695258]},"properties":{"id":"osm:n5159673315","type":"health","name":"Healthy Skin","source":"osm","osmId":"node/5159673315"}},{"type":"Feature","geometry":{"type":"Point","coordinates":[-74.072953,4.658959]},"properties":{"id":"osm:n5159676382","type":"pharmacy","name":"Vicente de Paul Drogueria","source":"osm","osmId":"node/5159676382"}},{"type":"Feature","geometry":{"type":"Point","coordinates":[-74.071438,4.657959]},"properties":{"id":"osm:n5159732387","type":"pharmacy","name":"Drogueria Jen-Dany","source":"osm","osmId":"node/5159732387"}},{"type":"Feature","geometry":{"type":"Point","coordinates":[-74.100662,4.693511]},"properties":{"id":"osm:n5159745205","type":"pharmacy","name":"Drosal D Plus","source":"osm","osmId":"node/5159745205"}},{"type":"Feature","geometry":{"type":"Point","coordinates":[-74.0708,4.657067]},"properties":{"id":"osm:n5159749582","type":"pharmacy","name":"Drogas la Economia","source":"osm","osmId":"node/5159749582"}},{"type":"Feature","geometry":{"type":"Point","coordinates":[-74.037278,4.760033]},"properties":{"id":"osm:n5159787049","type":"pharmacy","name":"Farmacenter","source":"osm","osmId":"node/5159787049"}},{"type":"Feature","geometry":{"type":"Point","coordinates":[-74.100137,4.694471]},"properties":{"id":"osm:n5159818751","type":"pharmacy","name":"Farmacenter","source":"osm","osmId":"node/5159818751"}},{"type":"Feature","geometry":{"type":"Point","coordinates":[-74.076425,4.655351]},"properties":{"id":"osm:n5159830768","type":"pharmacy","name":"Drogueria Benjamin Herrera","source":"osm","osmId":"node/5159830768"}},{"type":"Feature","geometry":{"type":"Point","coordinates":[-74.07659,4.654119]},"properties":{"id":"osm:n5159839078","type":"pharmacy","name":"Audifarma","source":"osm","osmId":"node/5159839078"}},{"type":"Feature","geometry":{"type":"Point","coordinates":[-74.099444,4.700745]},"properties":{"id":"osm:n5159873610","type":"pharmacy","name":"Droguería de la 83","source":"osm","osmId":"node/5159873610"}},{"type":"Feature","geometry":{"type":"Point","coordinates":[-74.065581,4.687319]},"properties":{"id":"osm:n5159935375","type":"pharmacy","name":"Droguería","source":"osm","osmId":"node/5159935375"}},{"type":"Feature","geometry":{"type":"Point","coordinates":[-74.056023,4.726285]},"properties":{"id":"osm:n5160995202","type":"pharmacy","name":"Farma Life","source":"osm","osmId":"node/5160995202"}},{"type":"Feature","geometry":{"type":"Point","coordinates":[-74.102108,4.698635]},"properties":{"id":"osm:n5161039405","type":"pharmacy","name":"Merk-Drogas","source":"osm","osmId":"node/5161039405"}},{"type":"Feature","geometry":{"type":"Point","coordinates":[-74.102939,4.695739]},"properties":{"id":"osm:n5161054662","type":"pharmacy","name":"Droguería San Salud Bogotá","source":"osm","osmId":"node/5161054662"}},{"type":"Feature","geometry":{"type":"Point","coordinates":[-74.096776,4.695699]},"properties":{"id":"osm:n5161089391","type":"pharmacy","name":"Pentafarma","source":"osm","osmId":"node/5161089391"}},{"type":"Feature","geometry":{"type":"Point","coordinates":[-74.097633,4.699633]},"properties":{"id":"osm:n5161106281","type":"pharmacy","name":"Droguería Económicá","source":"osm","osmId":"node/5161106281"}},{"type":"Feature","geometry":{"type":"Point","coordinates":[-74.099037,4.698032]},"properties":{"id":"osm:n5161228790","type":"pharmacy","name":"Droguería Copiesperanza","source":"osm","osmId":"node/5161228790"}},{"type":"Feature","geometry":{"type":"Point","coordinates":[-74.098553,4.698593]},"properties":{"id":"osm:n5161228803","type":"pharmacy","name":"Farmacenter","source":"osm","osmId":"node/5161228803"}},{"type":"Feature","geometry":{"type":"Point","coordinates":[-74.101242,4.695511]},"properties":{"id":"osm:n5161251564","type":"pharmacy","name":"Droguería Delbys","source":"osm","osmId":"node/5161251564"}},{"type":"Feature","geometry":{"type":"Point","coordinates":[-74.10367,4.695084]},"properties":{"id":"osm:n5161251569","type":"pharmacy","name":"Pharma Costa","source":"osm","osmId":"node/5161251569"}},{"type":"Feature","geometry":{"type":"Point","coordinates":[-74.097228,4.701408]},"properties":{"id":"osm:n5161292697","type":"pharmacy","name":"Droguería Danny","source":"osm","osmId":"node/5161292697"}},{"type":"Feature","geometry":{"type":"Point","coordinates":[-74.067623,4.694473]},"properties":{"id":"osm:n5161323142","type":"pharmacy","name":"Cruz Verde","source":"osm","osmId":"node/5161323142","wheelchair":"no"}},{"type":"Feature","geometry":{"type":"Point","coordinates":[-74.092518,4.722296]},"properties":{"id":"osm:n5161383006","type":"pharmacy","name":"Drogueria Drogas Daryan","source":"osm","osmId":"node/5161383006"}},{"type":"Feature","geometry":{"type":"Point","coordinates":[-74.0565,4.712517]},"properties":{"id":"osm:n5161416761","type":"pharmacy","name":"Drogueria Prado Salud","source":"osm","osmId":"node/5161416761"}},{"type":"Feature","geometry":{"type":"Point","coordinates":[-74.068008,4.695134]},"properties":{"id":"osm:n5161417172","type":"pharmacy","name":"Drogueria Eldorado","source":"osm","osmId":"node/5161417172","wheelchair":"no"}},{"type":"Feature","geometry":{"type":"Point","coordinates":[-74.065514,4.69435]},"properties":{"id":"osm:n5161417567","type":"pharmacy","name":"Belle Farma","source":"osm","osmId":"node/5161417567"}},{"type":"Feature","geometry":{"type":"Point","coordinates":[-74.106147,4.707333]},"properties":{"id":"osm:n5161437774","type":"pharmacy","name":"Drogas la Economia","source":"osm","osmId":"node/5161437774"}},{"type":"Feature","geometry":{"type":"Point","coordinates":[-74.105695,4.707572]},"properties":{"id":"osm:n5161451142","type":"health","name":"Quirisalud","source":"osm","osmId":"node/5161451142"}},{"type":"Feature","geometry":{"type":"Point","coordinates":[-74.052826,4.722526]},"properties":{"id":"osm:n5161459091","type":"pharmacy","name":"Sfarma","source":"osm","osmId":"node/5161459091"}},{"type":"Feature","geometry":{"type":"Point","coordinates":[-74.088367,4.723411]},"properties":{"id":"osm:n5161472975","type":"pharmacy","name":"Droguerías Kifam","source":"osm","osmId":"node/5161472975"}},{"type":"Feature","geometry":{"type":"Point","coordinates":[-74.088461,4.725764]},"properties":{"id":"osm:n5161499910","type":"pharmacy","name":"Hiperdroguería","source":"osm","osmId":"node/5161499910"}},{"type":"Feature","geometry":{"type":"Point","coordinates":[-74.10284,4.705101]},"properties":{"id":"osm:n5161581461","type":"pharmacy","name":"Audifarma","source":"osm","osmId":"node/5161581461"}},{"type":"Feature","geometry":{"type":"Point","coordinates":[-74.099223,4.706663]},"properties":{"id":"osm:n5161602205","type":"pharmacy","name":"Farmacenter","source":"osm","osmId":"node/5161602205"}},{"type":"Feature","geometry":{"type":"Point","coordinates":[-74.100337,4.707836]},"properties":{"id":"osm:n5161624525","type":"pharmacy","name":"Farmacenter","source":"osm","osmId":"node/5161624525"}},{"type":"Feature","geometry":{"type":"Point","coordinates":[-74.107344,4.7068]},"properties":{"id":"osm:n5161668462","type":"pharmacy","name":"La Rebaja Plus","source":"osm","osmId":"node/5161668462"}},{"type":"Feature","geometry":{"type":"Point","coordinates":[-74.105941,4.707729]},"properties":{"id":"osm:n5161702901","type":"pharmacy","name":"Droguería","source":"osm","osmId":"node/5161702901"}},{"type":"Feature","geometry":{"type":"Point","coordinates":[-74.103169,4.705783]},"properties":{"id":"osm:n5161827260","type":"pharmacy","name":"Droguería J.F.","source":"osm","osmId":"node/5161827260"}},{"type":"Feature","geometry":{"type":"Point","coordinates":[-74.09738,4.710894]},"properties":{"id":"osm:n5161831050","type":"pharmacy","name":"Droguería Danny No.2","source":"osm","osmId":"node/5161831050"}},{"type":"Feature","geometry":{"type":"Point","coordinates":[-74.065411,4.677186]},"properties":{"id":"osm:n5161897025","type":"pharmacy","name":"Farmacenter","source":"osm","osmId":"node/5161897025"}},{"type":"Feature","geometry":{"type":"Point","coordinates":[-74.097755,4.734462]},"properties":{"id":"osm:n5161914753","type":"pharmacy","name":"Droguería La Paz del Norte","source":"osm","osmId":"node/5161914753"}},{"type":"Feature","geometry":{"type":"Point","coordinates":[-74.082382,4.630288]},"properties":{"id":"osm:n5161927622","type":"pharmacy","name":"Drogueria Unirebajas","source":"osm","osmId":"node/5161927622"}},{"type":"Feature","geometry":{"type":"Point","coordinates":[-74.101989,4.709492]},"properties":{"id":"osm:n5161928572","type":"pharmacy","name":"Farmacenter","source":"osm","osmId":"node/5161928572"}},{"type":"Feature","geometry":{"type":"Point","coordinates":[-74.098509,4.732566]},"properties":{"id":"osm:n5161936013","type":"pharmacy","name":"Droguería Acuariun","source":"osm","osmId":"node/5161936013"}},{"type":"Feature","geometry":{"type":"Point","coordinates":[-74.096914,4.732836]},"properties":{"id":"osm:n5161960561","type":"pharmacy","name":"Droguería Mariher","source":"osm","osmId":"node/5161960561"}},{"type":"Feature","geometry":{"type":"Point","coordinates":[-74.06071,4.684163]},"properties":{"id":"osm:n5161969060","type":"pharmacy","name":"Mundo Farma","source":"osm","osmId":"node/5161969060"}},{"type":"Feature","geometry":{"type":"Point","coordinates":[-74.060752,4.684175]},"properties":{"id":"osm:n5161969061","type":"pharmacy","name":"Fagron","source":"osm","osmId":"node/5161969061"}},{"type":"Feature","geometry":{"type":"Point","coordinates":[-74.078963,4.628989]},"properties":{"id":"osm:n5161992907","type":"health","name":"Centro De Relevo","source":"osm","osmId":"node/5161992907"}},{"type":"Feature","geometry":{"type":"Point","coordinates":[-74.113824,4.695633]},"properties":{"id":"osm:n5162007135","type":"pharmacy","name":"Drogería Patt-Farma","source":"osm","osmId":"node/5162007135"}},{"type":"Feature","geometry":{"type":"Point","coordinates":[-74.093407,4.649143]},"properties":{"id":"osm:n5162977107","type":"pharmacy","name":"Drogas","source":"osm","osmId":"node/5162977107"}},{"type":"Feature","geometry":{"type":"Point","coordinates":[-74.092068,4.645285]},"properties":{"id":"osm:n5163172996","type":"pharmacy","name":"Fami Farma","source":"osm","osmId":"node/5163172996"}},{"type":"Feature","geometry":{"type":"Point","coordinates":[-74.092744,4.646413]},"properties":{"id":"osm:n5163245488","type":"pharmacy","name":"Colsubsidio","source":"osm","osmId":"node/5163245488"}},{"type":"Feature","geometry":{"type":"Point","coordinates":[-74.093794,4.648042]},"properties":{"id":"osm:n5163284563","type":"pharmacy","name":"La Rebaja","source":"osm","osmId":"node/5163284563"}},{"type":"Feature","geometry":{"type":"Point","coordinates":[-74.102179,4.71841]},"properties":{"id":"osm:n5163351503","type":"pharmacy","name":"Droguería Punto Mayor Bachue","source":"osm","osmId":"node/5163351503"}},{"type":"Feature","geometry":{"type":"Point","coordinates":[-74.061666,4.684308]},"properties":{"id":"osm:n5163360464","type":"health","name":"Clínica Del Pie","source":"osm","osmId":"node/5163360464"}},{"type":"Feature","geometry":{"type":"Point","coordinates":[-74.102467,4.720067]},"properties":{"id":"osm:n5163361776","type":"pharmacy","name":"Droguería Unica del Occidente","source":"osm","osmId":"node/5163361776"}},{"type":"Feature","geometry":{"type":"Point","coordinates":[-74.10197,4.719586]},"properties":{"id":"osm:n5163361792","type":"pharmacy","name":"Droguería Farma Orfi","source":"osm","osmId":"node/5163361792"}},{"type":"Feature","geometry":{"type":"Point","coordinates":[-74.098189,4.714896]},"properties":{"id":"osm:n5163453974","type":"pharmacy","name":"Droguería Sarilud","source":"osm","osmId":"node/5163453974"}},{"type":"Feature","geometry":{"type":"Point","coordinates":[-74.097599,4.715504]},"properties":{"id":"osm:n5163454002","type":"pharmacy","name":"Nuestra Droguería El Progreso","source":"osm","osmId":"node/5163454002"}},{"type":"Feature","geometry":{"type":"Point","coordinates":[-74.039613,4.698512]},"properties":{"id":"osm:n5163465787","type":"pharmacy","name":"La Rebaja","source":"osm","osmId":"node/5163465787"}},{"type":"Feature","geometry":{"type":"Point","coordinates":[-74.09455,4.710297]},"properties":{"id":"osm:n5163466976","type":"pharmacy","name":"La Rebaja","source":"osm","osmId":"node/5163466976"}},{"type":"Feature","geometry":{"type":"Point","coordinates":[-74.067664,4.655003]},"properties":{"id":"osm:n5163472286","type":"pharmacy","name":"Hiperdrogueria de la 66","source":"osm","osmId":"node/5163472286"}},{"type":"Feature","geometry":{"type":"Point","coordinates":[-74.094802,4.710509]},"properties":{"id":"osm:n5163472557","type":"pharmacy","name":"Farmacenter","source":"osm","osmId":"node/5163472557"}},{"type":"Feature","geometry":{"type":"Point","coordinates":[-74.098759,4.729808]},"properties":{"id":"osm:n5163487758","type":"pharmacy","name":"Farmacenter","source":"osm","osmId":"node/5163487758"}},{"type":"Feature","geometry":{"type":"Point","coordinates":[-74.097008,4.71263]},"properties":{"id":"osm:n5163508762","type":"pharmacy","name":"Farmacenter","source":"osm","osmId":"node/5163508762"}},{"type":"Feature","geometry":{"type":"Point","coordinates":[-74.099885,4.714068]},"properties":{"id":"osm:n5163526003","type":"pharmacy","name":"Drogas Rodsan","source":"osm","osmId":"node/5163526003"}},{"type":"Feature","geometry":{"type":"Point","coordinates":[-74.101928,4.712617]},"properties":{"id":"osm:n5163532355","type":"pharmacy","name":"Medicfarma","source":"osm","osmId":"node/5163532355"}},{"type":"Feature","geometry":{"type":"Point","coordinates":[-74.104194,4.713267]},"properties":{"id":"osm:n5163538693","type":"pharmacy","name":"Kolfamiliar","source":"osm","osmId":"node/5163538693"}},{"type":"Feature","geometry":{"type":"Point","coordinates":[-74.104729,4.713776]},"properties":{"id":"osm:n5163538704","type":"pharmacy","name":"Dizfarma","source":"osm","osmId":"node/5163538704"}},{"type":"Feature","geometry":{"type":"Point","coordinates":[-74.10508,4.714107]},"properties":{"id":"osm:n5163538710","type":"pharmacy","name":"Farmacia","source":"osm","osmId":"node/5163538710"}},{"type":"Feature","geometry":{"type":"Point","coordinates":[-74.054454,4.714141]},"properties":{"id":"osm:n5163543378","type":"pharmacy","name":"Droguería Farmasel","source":"osm","osmId":"node/5163543378"}},{"type":"Feature","geometry":{"type":"Point","coordinates":[-74.067268,4.650294]},"properties":{"id":"osm:n5163624196","type":"pharmacy","name":"Drogas La Economia","source":"osm","osmId":"node/5163624196"}},{"type":"Feature","geometry":{"type":"Point","coordinates":[-74.068297,4.650473]},"properties":{"id":"osm:n5163624206","type":"health","name":"Cruz Blanco","source":"osm","osmId":"node/5163624206"}},{"type":"Feature","geometry":{"type":"Point","coordinates":[-74.07228,4.651175]},"properties":{"id":"osm:n5163687726","type":"pharmacy","name":"Drogas La Economia","source":"osm","osmId":"node/5163687726"}},{"type":"Feature","geometry":{"type":"Point","coordinates":[-74.072598,4.651247]},"properties":{"id":"osm:n5163687734","type":"pharmacy","name":"Drogueria Soliman","source":"osm","osmId":"node/5163687734"}},{"type":"Feature","geometry":{"type":"Point","coordinates":[-74.055159,4.711536]},"properties":{"id":"osm:n5163754147","type":"pharmacy","name":"Droguería Genflor","source":"osm","osmId":"node/5163754147"}},{"type":"Feature","geometry":{"type":"Point","coordinates":[-74.111667,4.722849]},"properties":{"id":"osm:n5163758713","type":"pharmacy","source":"osm","osmId":"node/5163758713"}},{"type":"Feature","geometry":{"type":"Point","coordinates":[-74.112949,4.716077]},"properties":{"id":"osm:n5163791995","type":"pharmacy","name":"Farmacia","source":"osm","osmId":"node/5163791995"}},{"type":"Feature","geometry":{"type":"Point","coordinates":[-74.071142,4.68904]},"properties":{"id":"osm:n5163812420","type":"pharmacy","source":"osm","osmId":"node/5163812420"}},{"type":"Feature","geometry":{"type":"Point","coordinates":[-74.058544,4.683796]},"properties":{"id":"osm:n5163816889","type":"pharmacy","name":"La Rebaja","source":"osm","osmId":"node/5163816889"}},{"type":"Feature","geometry":{"type":"Point","coordinates":[-74.05942,4.683918]},"properties":{"id":"osm:n5163816901","type":"pharmacy","name":"Drogas La Economia","source":"osm","osmId":"node/5163816901"}},{"type":"Feature","geometry":{"type":"Point","coordinates":[-74.059455,4.683928]},"properties":{"id":"osm:n5163816903","type":"atm","name":"Servibanca","source":"osm","osmId":"node/5163816903"}},{"type":"Feature","geometry":{"type":"Point","coordinates":[-74.069512,4.656467]},"properties":{"id":"osm:n5163833250","type":"pharmacy","name":"Servifarma Droguería","source":"osm","osmId":"node/5163833250"}},{"type":"Feature","geometry":{"type":"Point","coordinates":[-74.064891,4.653685]},"properties":{"id":"osm:n5163860945","type":"pharmacy","name":"La Farmacia","source":"osm","osmId":"node/5163860945"}},{"type":"Feature","geometry":{"type":"Point","coordinates":[-74.067435,4.649937]},"properties":{"id":"osm:n5163892099","type":"pharmacy","name":"Farmacia London","source":"osm","osmId":"node/5163892099"}},{"type":"Feature","geometry":{"type":"Point","coordinates":[-74.110507,4.70391]},"properties":{"id":"osm:n5163921166","type":"pharmacy","name":"Pague A Costo","source":"osm","osmId":"node/5163921166"}},{"type":"Feature","geometry":{"type":"Point","coordinates":[-74.110085,4.703601]},"properties":{"id":"osm:n5163921181","type":"pharmacy","name":"Droguería Super la 75","source":"osm","osmId":"node/5163921181"}},{"type":"Feature","geometry":{"type":"Point","coordinates":[-74.109529,4.704083]},"properties":{"id":"osm:n5163969070","type":"pharmacy","name":"Dizfarma","source":"osm","osmId":"node/5163969070"}},{"type":"Feature","geometry":{"type":"Point","coordinates":[-74.10839,4.705671]},"properties":{"id":"osm:n5164003691","type":"pharmacy","name":"Farmaline","source":"osm","osmId":"node/5164003691"}},{"type":"Feature","geometry":{"type":"Point","coordinates":[-74.107945,4.705893]},"properties":{"id":"osm:n5164024591","type":"pharmacy","name":"Dizfarma","source":"osm","osmId":"node/5164024591"}},{"type":"Feature","geometry":{"type":"Point","coordinates":[-74.109068,4.70109]},"properties":{"id":"osm:n5164037540","type":"pharmacy","name":"Droguería","source":"osm","osmId":"node/5164037540"}},{"type":"Feature","geometry":{"type":"Point","coordinates":[-74.103076,4.693414]},"properties":{"id":"osm:n5165529725","type":"pharmacy","name":"Farmacenter","source":"osm","osmId":"node/5165529725"}},{"type":"Feature","geometry":{"type":"Point","coordinates":[-74.106489,4.691298]},"properties":{"id":"osm:n5165555050","type":"pharmacy","name":"Farmacenter","source":"osm","osmId":"node/5165555050"}},{"type":"Feature","geometry":{"type":"Point","coordinates":[-74.104189,4.685626]},"properties":{"id":"osm:n5165598448","type":"pharmacy","name":"Drogas Difam","source":"osm","osmId":"node/5165598448"}},{"type":"Feature","geometry":{"type":"Point","coordinates":[-74.102737,4.687211]},"properties":{"id":"osm:n5165657540","type":"pharmacy","name":"Hiper Real de Drogas","source":"osm","osmId":"node/5165657540"}},{"type":"Feature","geometry":{"type":"Point","coordinates":[-74.104084,4.689465]},"properties":{"id":"osm:n5165776932","type":"pharmacy","name":"Health Pharma","source":"osm","osmId":"node/5165776932"}},{"type":"Feature","geometry":{"type":"Point","coordinates":[-74.103062,4.690849]},"properties":{"id":"osm:n5165776940","type":"pharmacy","name":"Farmacenter","source":"osm","osmId":"node/5165776940"}},{"type":"Feature","geometry":{"type":"Point","coordinates":[-74.100928,4.691684]},"properties":{"id":"osm:n5165824516","type":"pharmacy","name":"Cruz Verde","source":"osm","osmId":"node/5165824516"}},{"type":"Feature","geometry":{"type":"Point","coordinates":[-74.100583,4.69139]},"properties":{"id":"osm:n5165869846","type":"pharmacy","name":"Farmaeffective","source":"osm","osmId":"node/5165869846"}},{"type":"Feature","geometry":{"type":"Point","coordinates":[-74.101174,4.689621]},"properties":{"id":"osm:n5165895559","type":"pharmacy","name":"Hiperdroguería del Parque","source":"osm","osmId":"node/5165895559"}},{"type":"Feature","geometry":{"type":"Point","coordinates":[-74.101875,4.688693]},"properties":{"id":"osm:n5165895564","type":"pharmacy","source":"osm","osmId":"node/5165895564"}},{"type":"Feature","geometry":{"type":"Point","coordinates":[-74.102327,4.688071]},"properties":{"id":"osm:n5165895591","type":"pharmacy","name":"La Rebaja","source":"osm","osmId":"node/5165895591"}},{"type":"Feature","geometry":{"type":"Point","coordinates":[-74.026888,4.767237]},"properties":{"id":"osm:n5165901910","type":"pharmacy","name":"Drogueria BioPharma No 1","source":"osm","osmId":"node/5165901910"}},{"type":"Feature","geometry":{"type":"Point","coordinates":[-74.02988,4.765947]},"properties":{"id":"osm:n5165905730","type":"pharmacy","name":"Farmacenter","source":"osm","osmId":"node/5165905730"}},{"type":"Feature","geometry":{"type":"Point","coordinates":[-74.02985,4.765551]},"properties":{"id":"osm:n5165905735","type":"pharmacy","name":"Farmanova Plus","source":"osm","osmId":"node/5165905735"}},{"type":"Feature","geometry":{"type":"Point","coordinates":[-74.029998,4.761381]},"properties":{"id":"osm:n5165905786","type":"pharmacy","name":"Drogueria Gamul","source":"osm","osmId":"node/5165905786"}},{"type":"Feature","geometry":{"type":"Point","coordinates":[-74.088878,4.718707]},"properties":{"id":"osm:n5165942081","type":"pharmacy","name":"Eco Farma","source":"osm","osmId":"node/5165942081"}},{"type":"Feature","geometry":{"type":"Point","coordinates":[-74.104832,4.699477]},"properties":{"id":"osm:n5165999141","type":"pharmacy","name":"In Farma","source":"osm","osmId":"node/5165999141"}},{"type":"Feature","geometry":{"type":"Point","coordinates":[-74.101672,4.660323]},"properties":{"id":"osm:n5166058977","type":"pharmacy","name":"Medics Farmia","source":"osm","osmId":"node/5166058977"}},{"type":"Feature","geometry":{"type":"Point","coordinates":[-74.101953,4.692271]},"properties":{"id":"osm:n5166130058","type":"pharmacy","name":"Farma Star","source":"osm","osmId":"node/5166130058"}},{"type":"Feature","geometry":{"type":"Point","coordinates":[-74.100623,4.689953]},"properties":{"id":"osm:n5166160243","type":"pharmacy","source":"osm","osmId":"node/5166160243"}},{"type":"Feature","geometry":{"type":"Point","coordinates":[-74.098719,4.683999]},"properties":{"id":"osm:n5166197384","type":"pharmacy","name":"Globalpharma C.I.","source":"osm","osmId":"node/5166197384"}},{"type":"Feature","geometry":{"type":"Point","coordinates":[-74.025891,4.766615]},"properties":{"id":"osm:n5168217600","type":"pharmacy","name":"Farma Group #2","source":"osm","osmId":"node/5168217600"}},{"type":"Feature","geometry":{"type":"Point","coordinates":[-74.030017,4.764838]},"properties":{"id":"osm:n5168219787","type":"pharmacy","name":"Farmacenter","source":"osm","osmId":"node/5168219787"}},{"type":"Feature","geometry":{"type":"Point","coordinates":[-74.030104,4.762194]},"properties":{"id":"osm:n5168219810","type":"pharmacy","name":"Farmacenter","source":"osm","osmId":"node/5168219810"}},{"type":"Feature","geometry":{"type":"Point","coordinates":[-74.074226,4.653967]},"properties":{"id":"osm:n5171369660","type":"pharmacy","name":"Farmacia Homeopática","source":"osm","osmId":"node/5171369660"}},{"type":"Feature","geometry":{"type":"Point","coordinates":[-74.097814,4.687037]},"properties":{"id":"osm:n5171444930","type":"pharmacy","name":"Portal Fotocopias","source":"osm","osmId":"node/5171444930"}},{"type":"Feature","geometry":{"type":"Point","coordinates":[-74.09944,4.686191]},"properties":{"id":"osm:n5171480352","type":"health","name":"Boyacá Real","source":"osm","osmId":"node/5171480352"}},{"type":"Feature","geometry":{"type":"Point","coordinates":[-74.100722,4.684392]},"properties":{"id":"osm:n5171480369","type":"pharmacy","name":"Drogas Danidescuentos","source":"osm","osmId":"node/5171480369"}},{"type":"Feature","geometry":{"type":"Point","coordinates":[-74.07245,4.713648]},"properties":{"id":"osm:n5171536826","type":"pharmacy","name":"Drogueria Calatrava","source":"osm","osmId":"node/5171536826"}},{"type":"Feature","geometry":{"type":"Point","coordinates":[-74.062476,4.693563]},"properties":{"id":"osm:n5171541467","type":"pharmacy","name":"Drogueria Plenitud","source":"osm","osmId":"node/5171541467"}},{"type":"Feature","geometry":{"type":"Point","coordinates":[-74.06533,4.652279]},"properties":{"id":"osm:n5171561446","type":"pharmacy","name":"Drogas y Drogas Chapinero","source":"osm","osmId":"node/5171561446"}},{"type":"Feature","geometry":{"type":"Point","coordinates":[-74.067148,4.653257]},"properties":{"id":"osm:n5171569019","type":"pharmacy","name":"Drogueria Center","source":"osm","osmId":"node/5171569019"}},{"type":"Feature","geometry":{"type":"Point","coordinates":[-74.103783,4.6798]},"properties":{"id":"osm:n5171621200","type":"pharmacy","name":"Droguería Servifarma RS","source":"osm","osmId":"node/5171621200"}},{"type":"Feature","geometry":{"type":"Point","coordinates":[-74.10063,4.681068]},"properties":{"id":"osm:n5171688464","type":"pharmacy","name":"Farmacenter","source":"osm","osmId":"node/5171688464"}},{"type":"Feature","geometry":{"type":"Point","coordinates":[-74.096126,4.725816]},"properties":{"id":"osm:n5171778892","type":"pharmacy","name":"Droguería Ibero Americana","source":"osm","osmId":"node/5171778892"}},{"type":"Feature","geometry":{"type":"Point","coordinates":[-74.066061,4.643993]},"properties":{"id":"osm:n5171821954","type":"pharmacy","name":"Droguería y Minimarket","source":"osm","osmId":"node/5171821954"}},{"type":"Feature","geometry":{"type":"Point","coordinates":[-74.092558,4.72046]},"properties":{"id":"osm:n5171850729","type":"pharmacy","name":"Farma Palacio","source":"osm","osmId":"node/5171850729"}},{"type":"Feature","geometry":{"type":"Point","coordinates":[-74.225941,4.711798]},"properties":{"id":"osm:n5171852792","type":"pharmacy","source":"osm","osmId":"node/5171852792"}},{"type":"Feature","geometry":{"type":"Point","coordinates":[-74.11259,4.675751]},"properties":{"id":"osm:n5171860116","type":"pharmacy","name":"Droguería","source":"osm","osmId":"node/5171860116"}},{"type":"Feature","geometry":{"type":"Point","coordinates":[-74.068127,4.648098]},"properties":{"id":"osm:n5171871476","type":"pharmacy","name":"Magnofarma","source":"osm","osmId":"node/5171871476"}},{"type":"Feature","geometry":{"type":"Point","coordinates":[-74.10817,4.672914]},"properties":{"id":"osm:n5171895838","type":"health","name":"Certi Salud","source":"osm","osmId":"node/5171895838"}},{"type":"Feature","geometry":{"type":"Point","coordinates":[-74.094665,4.724753]},"properties":{"id":"osm:n5171903149","type":"pharmacy","name":"Droguería Surtifam Rubi","source":"osm","osmId":"node/5171903149"}},{"type":"Feature","geometry":{"type":"Point","coordinates":[-74.093556,4.721297]},"properties":{"id":"osm:n5171903164","type":"pharmacy","name":"Droguería La 93","source":"osm","osmId":"node/5171903164"}},{"type":"Feature","geometry":{"type":"Point","coordinates":[-74.063103,4.650958]},"properties":{"id":"osm:n5171959938","type":"library","name":"Elim","source":"osm","osmId":"node/5171959938"}},{"type":"Feature","geometry":{"type":"Point","coordinates":[-74.063474,4.649081]},"properties":{"id":"osm:n5171979109","type":"pharmacy","name":"Cruz Verde","source":"osm","osmId":"node/5171979109","openingHours":"Mo-Fr 07:30-19:30; PH,Sa,Su 09:00-18:00"}},{"type":"Feature","geometry":{"type":"Point","coordinates":[-74.063645,4.648001]},"properties":{"id":"osm:n5171999938","type":"pharmacy","name":"Colombia Farma","source":"osm","osmId":"node/5171999938"}},{"type":"Feature","geometry":{"type":"Point","coordinates":[-74.097317,4.726464]},"properties":{"id":"osm:n5172019144","type":"pharmacy","name":"Droguería Siloam","source":"osm","osmId":"node/5172019144"}},{"type":"Feature","geometry":{"type":"Point","coordinates":[-74.066057,4.649731]},"properties":{"id":"osm:n5172046944","type":"pharmacy","name":"Drofarma 63","source":"osm","osmId":"node/5172046944"}},{"type":"Feature","geometry":{"type":"Point","coordinates":[-74.088942,4.731666]},"properties":{"id":"osm:n5172066766","type":"pharmacy","name":"Biomed Pharmaceutical","source":"osm","osmId":"node/5172066766"}},{"type":"Feature","geometry":{"type":"Point","coordinates":[-74.089231,4.731825]},"properties":{"id":"osm:n5172066772","type":"pharmacy","name":"Droguería Farmaxima","source":"osm","osmId":"node/5172066772"}},{"type":"Feature","geometry":{"type":"Point","coordinates":[-74.108083,4.673537]},"properties":{"id":"osm:n5172068916","type":"pharmacy","name":"Droguería Guivar M.","source":"osm","osmId":"node/5172068916"}},{"type":"Feature","geometry":{"type":"Point","coordinates":[-74.109075,4.675307]},"properties":{"id":"osm:n5172069621","type":"pharmacy","source":"osm","osmId":"node/5172069621"}},{"type":"Feature","geometry":{"type":"Point","coordinates":[-74.104535,4.680694]},"properties":{"id":"osm:n5173097352","type":"pharmacy","source":"osm","osmId":"node/5173097352"}},{"type":"Feature","geometry":{"type":"Point","coordinates":[-74.111332,4.682441]},"properties":{"id":"osm:n5173149358","type":"pharmacy","name":"Farmacenter","source":"osm","osmId":"node/5173149358"}},{"type":"Feature","geometry":{"type":"Point","coordinates":[-74.070181,4.655167]},"properties":{"id":"osm:n5173160115","type":"health","name":"Ortopedica Comunal","source":"osm","osmId":"node/5173160115"}},{"type":"Feature","geometry":{"type":"Point","coordinates":[-74.113674,4.680029]},"properties":{"id":"osm:n5173330461","type":"pharmacy","name":"Droguería","source":"osm","osmId":"node/5173330461"}},{"type":"Feature","geometry":{"type":"Point","coordinates":[-74.064044,4.646909]},"properties":{"id":"osm:n5173409249","type":"pharmacy","name":"Drogas La Economía","source":"osm","osmId":"node/5173409249"}},{"type":"Feature","geometry":{"type":"Point","coordinates":[-74.064153,4.646944]},"properties":{"id":"osm:n5173409251","type":"pharmacy","name":"Droguería Calle 60","source":"osm","osmId":"node/5173409251"}},{"type":"Feature","geometry":{"type":"Point","coordinates":[-74.063602,4.649736]},"properties":{"id":"osm:n5173515900","type":"pharmacy","name":"Colombia Farma","source":"osm","osmId":"node/5173515900"}},{"type":"Feature","geometry":{"type":"Point","coordinates":[-74.063633,4.649583]},"properties":{"id":"osm:n5173515904","type":"pharmacy","name":"Drogas la Economia","source":"osm","osmId":"node/5173515904"}},{"type":"Feature","geometry":{"type":"Point","coordinates":[-74.064265,4.644354]},"properties":{"id":"osm:n5173588243","type":"health","name":"Gaes","source":"osm","osmId":"node/5173588243","openingHours":"Mo-Fr 07:30-12:00,13:00-17:30; Sa 09:00-12:00"}},{"type":"Feature","geometry":{"type":"Point","coordinates":[-74.06433,4.644067]},"properties":{"id":"osm:n5173588250","type":"pharmacy","name":"Cruz Verde","source":"osm","osmId":"node/5173588250","openingHours":"Mo-Fr 07:00-19:00; Sa 09:00-18:00; PH,Su 09:00-17:00"}},{"type":"Feature","geometry":{"type":"Point","coordinates":[-74.073129,4.641784]},"properties":{"id":"osm:n5173589828","type":"pharmacy","name":"La Rebaja","source":"osm","osmId":"node/5173589828"}},{"type":"Feature","geometry":{"type":"Point","coordinates":[-74.073688,4.642798]},"properties":{"id":"osm:n5173613853","type":"pharmacy","name":"Colsubsidio Droguería","source":"osm","osmId":"node/5173613853"}},{"type":"Feature","geometry":{"type":"Point","coordinates":[-74.064661,4.641968]},"properties":{"id":"osm:n5173657158","type":"pharmacy","name":"Cruz Verde","source":"osm","osmId":"node/5173657158"}},{"type":"Feature","geometry":{"type":"Point","coordinates":[-74.086183,4.733156]},"properties":{"id":"osm:n5173707351","type":"pharmacy","name":"La Rebaja","source":"osm","osmId":"node/5173707351"}},{"type":"Feature","geometry":{"type":"Point","coordinates":[-74.062395,4.645955]},"properties":{"id":"osm:n5173736205","type":"pharmacy","name":"La Rebaja","source":"osm","osmId":"node/5173736205"}},{"type":"Feature","geometry":{"type":"Point","coordinates":[-74.080799,4.678393]},"properties":{"id":"osm:n5173740962","type":"pharmacy","name":"Farmacenter","source":"osm","osmId":"node/5173740962"}},{"type":"Feature","geometry":{"type":"Point","coordinates":[-74.064655,4.643384]},"properties":{"id":"osm:n5173759109","type":"health","name":"Davita","source":"osm","osmId":"node/5173759109"}},{"type":"Feature","geometry":{"type":"Point","coordinates":[-74.060158,4.648292]},"properties":{"id":"osm:n5173811935","type":"pharmacy","name":"Drogas La Economia","source":"osm","osmId":"node/5173811935"}},{"type":"Feature","geometry":{"type":"Point","coordinates":[-74.080651,4.677303]},"properties":{"id":"osm:n5173842772","type":"pharmacy","name":"Orfidrogas","source":"osm","osmId":"node/5173842772"}},{"type":"Feature","geometry":{"type":"Point","coordinates":[-74.079811,4.679655]},"properties":{"id":"osm:n5173842797","type":"pharmacy","name":"Farmacenter","source":"osm","osmId":"node/5173842797"}},{"type":"Feature","geometry":{"type":"Point","coordinates":[-74.078756,4.679848]},"properties":{"id":"osm:n5173842803","type":"pharmacy","name":"Drogueroa Santa Teresita","source":"osm","osmId":"node/5173842803"}},{"type":"Feature","geometry":{"type":"Point","coordinates":[-74.078804,4.676646]},"properties":{"id":"osm:n5173842818","type":"pharmacy","name":"Drogueria","source":"osm","osmId":"node/5173842818"}},{"type":"Feature","geometry":{"type":"Point","coordinates":[-74.061546,4.646859]},"properties":{"id":"osm:n5173857738","type":"health","name":"Medical Shop","source":"osm","osmId":"node/5173857738"}},{"type":"Feature","geometry":{"type":"Point","coordinates":[-74.20461,4.705887]},"properties":{"id":"osm:n5173864524","type":"pharmacy","name":"Farma Funza","source":"osm","osmId":"node/5173864524"}},{"type":"Feature","geometry":{"type":"Point","coordinates":[-74.079431,4.678737]},"properties":{"id":"osm:n5173890288","type":"pharmacy","name":"Drogueria Nva. Metropolis","source":"osm","osmId":"node/5173890288"}},{"type":"Feature","geometry":{"type":"Point","coordinates":[-74.08223,4.675096]},"properties":{"id":"osm:n5173890299","type":"pharmacy","name":"Drogueria Mercasalud Express","source":"osm","osmId":"node/5173890299"}},{"type":"Feature","geometry":{"type":"Point","coordinates":[-74.074452,4.641716]},"properties":{"id":"osm:n5174852127","type":"pharmacy","name":"Drogas la Economia","source":"osm","osmId":"node/5174852127"}},{"type":"Feature","geometry":{"type":"Point","coordinates":[-74.061876,4.646922]},"properties":{"id":"osm:n5174874272","type":"pharmacy","name":"La Economía","source":"osm","osmId":"node/5174874272"}},{"type":"Feature","geometry":{"type":"Point","coordinates":[-74.071519,4.644863]},"properties":{"id":"osm:n5174882231","type":"pharmacy","name":"Drogueria Nueva Ultramar","source":"osm","osmId":"node/5174882231"}},{"type":"Feature","geometry":{"type":"Point","coordinates":[-74.069374,4.644499]},"properties":{"id":"osm:n5174891508","type":"pharmacy","name":"Drogueria Horocary Minimarket","source":"osm","osmId":"node/5174891508"}},{"type":"Feature","geometry":{"type":"Point","coordinates":[-74.063003,4.648699]},"properties":{"id":"osm:n5174917318","type":"health","name":"Ortopedicos","source":"osm","osmId":"node/5174917318"}},{"type":"Feature","geometry":{"type":"Point","coordinates":[-74.123295,4.706579]},"properties":{"id":"osm:n5174967957","type":"pharmacy","name":"Occifarma","source":"osm","osmId":"node/5174967957"}},{"type":"Feature","geometry":{"type":"Point","coordinates":[-74.122858,4.707601]},"properties":{"id":"osm:n5174967986","type":"pharmacy","name":"Medisalud","source":"osm","osmId":"node/5174967986"}},{"type":"Feature","geometry":{"type":"Point","coordinates":[-74.122145,4.708833]},"properties":{"id":"osm:n5174968126","type":"pharmacy","name":"Droguería Pasteur GM","source":"osm","osmId":"node/5174968126"}},{"type":"Feature","geometry":{"type":"Point","coordinates":[-74.123503,4.705791]},"properties":{"id":"osm:n5174968135","type":"pharmacy","name":"Movifarma","source":"osm","osmId":"node/5174968135"}},{"type":"Feature","geometry":{"type":"Point","coordinates":[-74.113884,4.697249]},"properties":{"id":"osm:n5174981530","type":"pharmacy","name":"Farma Florida","source":"osm","osmId":"node/5174981530"}},{"type":"Feature","geometry":{"type":"Point","coordinates":[-74.140817,4.71227]},"properties":{"id":"osm:n5175002487","type":"pharmacy","name":"Sfarma","source":"osm","osmId":"node/5175002487"}},{"type":"Feature","geometry":{"type":"Point","coordinates":[-74.065822,4.636663]},"properties":{"id":"osm:n5175067929","type":"health","name":"Salud Total","source":"osm","osmId":"node/5175067929"}},{"type":"Feature","geometry":{"type":"Point","coordinates":[-74.06585,4.636485]},"properties":{"id":"osm:n5175067931","type":"pharmacy","name":"La Rebaja","source":"osm","osmId":"node/5175067931"}},{"type":"Feature","geometry":{"type":"Point","coordinates":[-74.064314,4.635964]},"properties":{"id":"osm:n5175109953","type":"pharmacy","source":"osm","osmId":"node/5175109953"}},{"type":"Feature","geometry":{"type":"Point","coordinates":[-74.108607,4.702527]},"properties":{"id":"osm:n5175329248","type":"pharmacy","name":"Farma Rosita","source":"osm","osmId":"node/5175329248"}},{"type":"Feature","geometry":{"type":"Point","coordinates":[-74.065936,4.636021]},"properties":{"id":"osm:n5175359813","type":"pharmacy","name":"Futuro","source":"osm","osmId":"node/5175359813"}},{"type":"Feature","geometry":{"type":"Point","coordinates":[-74.109911,4.699879]},"properties":{"id":"osm:n5175395441","type":"pharmacy","name":"Superdroguería Disan","source":"osm","osmId":"node/5175395441"}},{"type":"Feature","geometry":{"type":"Point","coordinates":[-74.109846,4.703196]},"properties":{"id":"osm:n5175468022","type":"pharmacy","name":"Droguería Numar MC","source":"osm","osmId":"node/5175468022"}},{"type":"Feature","geometry":{"type":"Point","coordinates":[-74.0738,4.643354]},"properties":{"id":"osm:n5176597051","type":"pharmacy","name":"Mundo Farma","source":"osm","osmId":"node/5176597051"}},{"type":"Feature","geometry":{"type":"Point","coordinates":[-74.074924,4.635706]},"properties":{"id":"osm:n5176734853","type":"pharmacy","name":"Punto Farma","source":"osm","osmId":"node/5176734853"}},{"type":"Feature","geometry":{"type":"Point","coordinates":[-74.075268,4.635069]},"properties":{"id":"osm:n5177113879","type":"health","name":"Salud Dar","source":"osm","osmId":"node/5177113879"}},{"type":"Feature","geometry":{"type":"Point","coordinates":[-74.075281,4.635]},"properties":{"id":"osm:n5177113881","type":"pharmacy","name":"Farmacia Homeopatica","source":"osm","osmId":"node/5177113881"}},{"type":"Feature","geometry":{"type":"Point","coordinates":[-74.068462,4.639036]},"properties":{"id":"osm:n5177258021","type":"health","name":"CAFAM Centro de Salud","source":"osm","osmId":"node/5177258021"}},{"type":"Feature","geometry":{"type":"Point","coordinates":[-74.074556,4.640919]},"properties":{"id":"osm:n5177258967","type":"pharmacy","name":"Sfarma","source":"osm","osmId":"node/5177258967"}},{"type":"Feature","geometry":{"type":"Point","coordinates":[-74.071932,4.640426]},"properties":{"id":"osm:n5177290944","type":"health","name":"Ortopedicos","source":"osm","osmId":"node/5177290944"}},{"type":"Feature","geometry":{"type":"Point","coordinates":[-74.073008,4.637379]},"properties":{"id":"osm:n5177327001","type":"pharmacy","name":"Farmaitalia","source":"osm","osmId":"node/5177327001"}},{"type":"Feature","geometry":{"type":"Point","coordinates":[-74.0734,4.636048]},"properties":{"id":"osm:n5177364820","type":"pharmacy","name":"Cruz Verde","source":"osm","osmId":"node/5177364820"}},{"type":"Feature","geometry":{"type":"Point","coordinates":[-74.076383,4.640243]},"properties":{"id":"osm:n5178411743","type":"pharmacy","name":"Punto Farma","source":"osm","osmId":"node/5178411743"}},{"type":"Feature","geometry":{"type":"Point","coordinates":[-74.122593,4.703991]},"properties":{"id":"osm:n5178436665","type":"pharmacy","name":"Drogueria La 69","source":"osm","osmId":"node/5178436665"}},{"type":"Feature","geometry":{"type":"Point","coordinates":[-74.122934,4.703165]},"properties":{"id":"osm:n5178436699","type":"pharmacy","name":"Drogueria Pharmanova","source":"osm","osmId":"node/5178436699"}},{"type":"Feature","geometry":{"type":"Point","coordinates":[-74.130263,4.700724]},"properties":{"id":"osm:n5178438276","type":"pharmacy","name":"Drogueria J.L.","source":"osm","osmId":"node/5178438276"}},{"type":"Feature","geometry":{"type":"Point","coordinates":[-74.069801,4.637674]},"properties":{"id":"osm:n5178658153","type":"health","name":"Munera's","source":"osm","osmId":"node/5178658153"}},{"type":"Feature","geometry":{"type":"Point","coordinates":[-74.067749,4.638738]},"properties":{"id":"osm:n5178726291","type":"health","name":"Cafam Clínica","source":"osm","osmId":"node/5178726291"}},{"type":"Feature","geometry":{"type":"Point","coordinates":[-74.067023,4.637346]},"properties":{"id":"osm:n5178726292","type":"health","name":"Virrey Solís IPS","source":"osm","osmId":"node/5178726292","operator":"Salud Total EPS-S"}},{"type":"Feature","geometry":{"type":"Point","coordinates":[-74.078006,4.630417]},"properties":{"id":"osm:n5178855670","type":"health","name":"Zon Medica","source":"osm","osmId":"node/5178855670"}},{"type":"Feature","geometry":{"type":"Point","coordinates":[-74.07879,4.636973]},"properties":{"id":"osm:n5178923446","type":"health","name":"Juan Bautista","source":"osm","osmId":"node/5178923446"}},{"type":"Feature","geometry":{"type":"Point","coordinates":[-74.077792,4.643737]},"properties":{"id":"osm:n5178923491","type":"pharmacy","name":"Mundofarma","source":"osm","osmId":"node/5178923491"}},{"type":"Feature","geometry":{"type":"Point","coordinates":[-74.077436,4.643703]},"properties":{"id":"osm:n5178949538","type":"health","name":"Clínica Estética","source":"osm","osmId":"node/5178949538"}},{"type":"Feature","geometry":{"type":"Point","coordinates":[-74.124724,4.697861]},"properties":{"id":"osm:n5180966683","type":"pharmacy","name":"Drogueria Cardenas","source":"osm","osmId":"node/5180966683"}},{"type":"Feature","geometry":{"type":"Point","coordinates":[-74.12448,4.69716]},"properties":{"id":"osm:n5180966693","type":"pharmacy","name":"El Portal del Muelle","source":"osm","osmId":"node/5180966693"}},{"type":"Feature","geometry":{"type":"Point","coordinates":[-74.133191,4.702815]},"properties":{"id":"osm:n5184007783","type":"pharmacy","name":"La Esmeralda","source":"osm","osmId":"node/5184007783"}},{"type":"Feature","geometry":{"type":"Point","coordinates":[-74.131736,4.702791]},"properties":{"id":"osm:n5184019540","type":"pharmacy","name":"Droguería Jhon F.","source":"osm","osmId":"node/5184019540"}},{"type":"Feature","geometry":{"type":"Point","coordinates":[-74.130695,4.702066]},"properties":{"id":"osm:n5184029035","type":"pharmacy","name":"Farmacenter","source":"osm","osmId":"node/5184029035"}},{"type":"Feature","geometry":{"type":"Point","coordinates":[-74.132532,4.70335]},"properties":{"id":"osm:n5184102762","type":"pharmacy","name":"Drogas Sam Rebajas","source":"osm","osmId":"node/5184102762"}},{"type":"Feature","geometry":{"type":"Point","coordinates":[-74.117362,4.715114]},"properties":{"id":"osm:n5184167004","type":"pharmacy","name":"Farmacenter","source":"osm","osmId":"node/5184167004"}},{"type":"Feature","geometry":{"type":"Point","coordinates":[-74.117763,4.705084]},"properties":{"id":"osm:n5184167580","type":"pharmacy","name":"Fami Doc","source":"osm","osmId":"node/5184167580"}},{"type":"Feature","geometry":{"type":"Point","coordinates":[-74.109229,4.600579]},"properties":{"id":"osm:n5184188056","type":"pharmacy","name":"Farmacenter","source":"osm","osmId":"node/5184188056"}},{"type":"Feature","geometry":{"type":"Point","coordinates":[-74.112882,4.604011]},"properties":{"id":"osm:n5184188089","type":"pharmacy","name":"Farmacenter","source":"osm","osmId":"node/5184188089"}},{"type":"Feature","geometry":{"type":"Point","coordinates":[-74.121077,4.694398]},"properties":{"id":"osm:n5184221402","type":"pharmacy","name":"Droguería Alfaservir","source":"osm","osmId":"node/5184221402"}},{"type":"Feature","geometry":{"type":"Point","coordinates":[-74.115879,4.703485]},"properties":{"id":"osm:n5184227738","type":"pharmacy","name":"Drogueria Farmaliad","source":"osm","osmId":"node/5184227738"}},{"type":"Feature","geometry":{"type":"Point","coordinates":[-74.114422,4.702207]},"properties":{"id":"osm:n5184254395","type":"pharmacy","name":"Drogueria Mayor","source":"osm","osmId":"node/5184254395"}},{"type":"Feature","geometry":{"type":"Point","coordinates":[-74.135311,4.715364]},"properties":{"id":"osm:n5184317973","type":"pharmacy","name":"Farmacenter","source":"osm","osmId":"node/5184317973"}},{"type":"Feature","geometry":{"type":"Point","coordinates":[-74.134691,4.714389]},"properties":{"id":"osm:n5184317998","type":"pharmacy","name":"Farma Real","source":"osm","osmId":"node/5184317998"}},{"type":"Feature","geometry":{"type":"Point","coordinates":[-74.117561,4.714087]},"properties":{"id":"osm:n5184333391","type":"pharmacy","name":"Droguería Canalfarma","source":"osm","osmId":"node/5184333391"}},{"type":"Feature","geometry":{"type":"Point","coordinates":[-74.118697,4.705501]},"properties":{"id":"osm:n5184532744","type":"pharmacy","name":"Farmaline","source":"osm","osmId":"node/5184532744"}},{"type":"Feature","geometry":{"type":"Point","coordinates":[-74.067054,4.614014]},"properties":{"id":"osm:n5184676722","type":"pharmacy","name":"Drogueria Policlinico","source":"osm","osmId":"node/5184676722"}},{"type":"Feature","geometry":{"type":"Point","coordinates":[-74.126077,4.712471]},"properties":{"id":"osm:n5184734610","type":"pharmacy","name":"Drogueria Plenifarma","source":"osm","osmId":"node/5184734610"}},{"type":"Feature","geometry":{"type":"Point","coordinates":[-74.129851,4.709363]},"properties":{"id":"osm:n5184766739","type":"pharmacy","name":"Droguería Torrepharma","source":"osm","osmId":"node/5184766739"}},{"type":"Feature","geometry":{"type":"Point","coordinates":[-74.117193,4.702432]},"properties":{"id":"osm:n5184796803","type":"pharmacy","name":"Farmacenter","source":"osm","osmId":"node/5184796803"}},{"type":"Feature","geometry":{"type":"Point","coordinates":[-74.130251,4.707799]},"properties":{"id":"osm:n5184806671","type":"pharmacy","name":"Drogueria Villas Alamos","source":"osm","osmId":"node/5184806671"}},{"type":"Feature","geometry":{"type":"Point","coordinates":[-74.131179,4.708304]},"properties":{"id":"osm:n5184819980","type":"pharmacy","name":"Farmacia","source":"osm","osmId":"node/5184819980"}},{"type":"Feature","geometry":{"type":"Point","coordinates":[-74.13173,4.706194]},"properties":{"id":"osm:n5184843203","type":"pharmacy","name":"Frogueria Charli'r","source":"osm","osmId":"node/5184843203"}},{"type":"Feature","geometry":{"type":"Point","coordinates":[-74.119236,4.695944]},"properties":{"id":"osm:n5184869364","type":"pharmacy","name":"Droguería Sanus","source":"osm","osmId":"node/5184869364"}},{"type":"Feature","geometry":{"type":"Point","coordinates":[-74.122049,4.695577]},"properties":{"id":"osm:n5184869380","type":"pharmacy","name":"Farmacenter","source":"osm","osmId":"node/5184869380"}},{"type":"Feature","geometry":{"type":"Point","coordinates":[-74.12816,4.715437]},"properties":{"id":"osm:n5186274595","type":"pharmacy","name":"Drogueria","source":"osm","osmId":"node/5186274595"}},{"type":"Feature","geometry":{"type":"Point","coordinates":[-74.126007,4.713539]},"properties":{"id":"osm:n5186309721","type":"pharmacy","name":"Farmacenter","source":"osm","osmId":"node/5186309721"}},{"type":"Feature","geometry":{"type":"Point","coordinates":[-74.125554,4.70517]},"properties":{"id":"osm:n5186387828","type":"pharmacy","name":"Farmamío","source":"osm","osmId":"node/5186387828"}},{"type":"Feature","geometry":{"type":"Point","coordinates":[-74.130653,4.70995]},"properties":{"id":"osm:n5186491393","type":"pharmacy","name":"Drogueria Servidrogas la Riviera","source":"osm","osmId":"node/5186491393"}},{"type":"Feature","geometry":{"type":"Point","coordinates":[-74.13219,4.709118]},"properties":{"id":"osm:n5186491419","type":"pharmacy","name":"Farma Rey","source":"osm","osmId":"node/5186491419"}},{"type":"Feature","geometry":{"type":"Point","coordinates":[-74.13242,4.706772]},"properties":{"id":"osm:n5186491944","type":"pharmacy","name":"Drogueria Fesalud","source":"osm","osmId":"node/5186491944"}},{"type":"Feature","geometry":{"type":"Point","coordinates":[-74.124061,4.712002]},"properties":{"id":"osm:n5186492179","type":"pharmacy","name":"Droguería","source":"osm","osmId":"node/5186492179"}},{"type":"Feature","geometry":{"type":"Point","coordinates":[-74.119402,4.711945]},"properties":{"id":"osm:n5186535847","type":"pharmacy","name":"Drogueria Emanuel M.A.","source":"osm","osmId":"node/5186535847"}},{"type":"Feature","geometry":{"type":"Point","coordinates":[-74.122549,4.709975]},"properties":{"id":"osm:n5186560904","type":"pharmacy","name":"Drogueria Arcangel","source":"osm","osmId":"node/5186560904"}},{"type":"Feature","geometry":{"type":"Point","coordinates":[-74.121038,4.71248]},"properties":{"id":"osm:n5186579085","type":"pharmacy","name":"Droguería Villador II","source":"osm","osmId":"node/5186579085"}},{"type":"Feature","geometry":{"type":"Point","coordinates":[-74.13388,4.720945]},"properties":{"id":"osm:n5186624782","type":"pharmacy","name":"Drogueria Dylanes","source":"osm","osmId":"node/5186624782"}},{"type":"Feature","geometry":{"type":"Point","coordinates":[-74.095983,4.600312]},"properties":{"id":"osm:n5186749965","type":"pharmacy","name":"Farmacos","source":"osm","osmId":"node/5186749965"}},{"type":"Feature","geometry":{"type":"Point","coordinates":[-74.122682,4.715467]},"properties":{"id":"osm:n5186759772","type":"pharmacy","name":"Pharma Alkosto","source":"osm","osmId":"node/5186759772"}},{"type":"Feature","geometry":{"type":"Point","coordinates":[-74.123757,4.716408]},"properties":{"id":"osm:n5186760525","type":"pharmacy","name":"Hiper Villas","source":"osm","osmId":"node/5186760525"}},{"type":"Feature","geometry":{"type":"Point","coordinates":[-74.120699,4.718752]},"properties":{"id":"osm:n5186892384","type":"pharmacy","name":"Droguería S'Amaria","source":"osm","osmId":"node/5186892384"}},{"type":"Feature","geometry":{"type":"Point","coordinates":[-74.121747,4.719765]},"properties":{"id":"osm:n5186954699","type":"pharmacy","name":"Pharma World","source":"osm","osmId":"node/5186954699"}},{"type":"Feature","geometry":{"type":"Point","coordinates":[-74.130706,4.719556]},"properties":{"id":"osm:n5187318164","type":"pharmacy","name":"Drogueria","source":"osm","osmId":"node/5187318164"}},{"type":"Feature","geometry":{"type":"Point","coordinates":[-74.124273,4.704742]},"properties":{"id":"osm:n5187336234","type":"pharmacy","name":"Hiperdrogueria","source":"osm","osmId":"node/5187336234"}},{"type":"Feature","geometry":{"type":"Point","coordinates":[-74.125867,4.709]},"properties":{"id":"osm:n5187360663","type":"pharmacy","name":"Hiperdroguería Ecofarma","source":"osm","osmId":"node/5187360663"}},{"type":"Feature","geometry":{"type":"Point","coordinates":[-74.124325,4.711383]},"properties":{"id":"osm:n5187380805","type":"pharmacy","name":"Droguerias","source":"osm","osmId":"node/5187380805"}},{"type":"Feature","geometry":{"type":"Point","coordinates":[-74.120955,4.714117]},"properties":{"id":"osm:n5187387674","type":"pharmacy","name":"Farmacity","source":"osm","osmId":"node/5187387674"}},{"type":"Feature","geometry":{"type":"Point","coordinates":[-74.118731,4.714719]},"properties":{"id":"osm:n5187437907","type":"pharmacy","name":"Farmacenter","source":"osm","osmId":"node/5187437907"}},{"type":"Feature","geometry":{"type":"Point","coordinates":[-74.119473,4.715253]},"properties":{"id":"osm:n5187438031","type":"pharmacy","name":"Droxi","source":"osm","osmId":"node/5187438031"}},{"type":"Feature","geometry":{"type":"Point","coordinates":[-74.120645,4.715954]},"properties":{"id":"osm:n5187438048","type":"pharmacy","name":"Droguería Especial","source":"osm","osmId":"node/5187438048"}},{"type":"Feature","geometry":{"type":"Point","coordinates":[-74.121092,4.719663]},"properties":{"id":"osm:n5187456543","type":"pharmacy","name":"Emerfarma","source":"osm","osmId":"node/5187456543"}},{"type":"Feature","geometry":{"type":"Point","coordinates":[-74.12339,4.718617]},"properties":{"id":"osm:n5187456569","type":"pharmacy","name":"Droguería Especial","source":"osm","osmId":"node/5187456569","openingHours":"Mo-Su 08:00-21:00"}},{"type":"Feature","geometry":{"type":"Point","coordinates":[-74.124627,4.717594]},"properties":{"id":"osm:n5187472494","type":"pharmacy","name":"Drogueria Oviedo's","source":"osm","osmId":"node/5187472494"}},{"type":"Feature","geometry":{"type":"Point","coordinates":[-74.125856,4.716595]},"properties":{"id":"osm:n5187472513","type":"pharmacy","name":"Drogueria Paramedical","source":"osm","osmId":"node/5187472513"}},{"type":"Feature","geometry":{"type":"Point","coordinates":[-74.132885,4.722878]},"properties":{"id":"osm:n5187472736","type":"pharmacy","name":"Drogueria La 80","source":"osm","osmId":"node/5187472736"}},{"type":"Feature","geometry":{"type":"Point","coordinates":[-74.130844,4.719388]},"properties":{"id":"osm:n5187485673","type":"pharmacy","name":"Droguería Didier 2","source":"osm","osmId":"node/5187485673"}},{"type":"Feature","geometry":{"type":"Point","coordinates":[-74.10282,4.597505]},"properties":{"id":"osm:n5194535573","type":"pharmacy","name":"Sfarma","source":"osm","osmId":"node/5194535573"}},{"type":"Feature","geometry":{"type":"Point","coordinates":[-74.108016,4.599528]},"properties":{"id":"osm:n5194535587","type":"pharmacy","name":"Santa Mathilde","source":"osm","osmId":"node/5194535587"}},{"type":"Feature","geometry":{"type":"Point","coordinates":[-74.105643,4.602334]},"properties":{"id":"osm:n5194535618","type":"pharmacy","name":"Sfarma","source":"osm","osmId":"node/5194535618"}},{"type":"Feature","geometry":{"type":"Point","coordinates":[-74.106114,4.673109]},"properties":{"id":"osm:n5194811725","type":"atm","name":"Empleo","source":"osm","osmId":"node/5194811725","operator":"Empleo","openingHours":"Mo-Fr 07:00-17:30"}},{"type":"Feature","geometry":{"type":"Point","coordinates":[-74.158379,4.616991]},"properties":{"id":"osm:n5194834221","type":"atm","name":"Casa Kennedy","source":"osm","osmId":"node/5194834221","operator":"Casa Kennedy"}},{"type":"Feature","geometry":{"type":"Point","coordinates":[-74.107774,4.603674]},"properties":{"id":"osm:n5200930970","type":"pharmacy","name":"Farmacenter","source":"osm","osmId":"node/5200930970"}},{"type":"Feature","geometry":{"type":"Point","coordinates":[-74.080556,4.589182]},"properties":{"id":"osm:n5200957255","type":"pharmacy","name":"Super Deposito","source":"osm","osmId":"node/5200957255"}},{"type":"Feature","geometry":{"type":"Point","coordinates":[-74.073866,4.605761]},"properties":{"id":"osm:n5202388289","type":"health","name":"Clínica Del Calzado","source":"osm","osmId":"node/5202388289"}},{"type":"Feature","geometry":{"type":"Point","coordinates":[-74.071856,4.605747]},"properties":{"id":"osm:n5202612164","type":"pharmacy","name":"Drogas La Economia","source":"osm","osmId":"node/5202612164"}},{"type":"Feature","geometry":{"type":"Point","coordinates":[-74.07928,4.614074]},"properties":{"id":"osm:n5202865308","type":"pharmacy","name":"Droxi Droguería","source":"osm","osmId":"node/5202865308"}},{"type":"Feature","geometry":{"type":"Point","coordinates":[-74.078558,4.616261]},"properties":{"id":"osm:n5202866339","type":"pharmacy","name":"Droguería Jose A","source":"osm","osmId":"node/5202866339","operator":"Farmaunion"}},{"type":"Feature","geometry":{"type":"Point","coordinates":[-74.088914,4.587664]},"properties":{"id":"osm:n5202960003","type":"pharmacy","name":"Drogueria Al Servicio","source":"osm","osmId":"node/5202960003"}},{"type":"Feature","geometry":{"type":"Point","coordinates":[-74.108768,4.59497]},"properties":{"id":"osm:n5202960018","type":"pharmacy","name":"PuntoFarma","source":"osm","osmId":"node/5202960018"}},{"type":"Feature","geometry":{"type":"Point","coordinates":[-74.102046,4.589637]},"properties":{"id":"osm:n5202960019","type":"pharmacy","name":"Farma Punto","source":"osm","osmId":"node/5202960019"}},{"type":"Feature","geometry":{"type":"Point","coordinates":[-74.071612,4.611103]},"properties":{"id":"osm:n5204579767","type":"pharmacy","name":"Drogas la Economia","source":"osm","osmId":"node/5204579767"}},{"type":"Feature","geometry":{"type":"Point","coordinates":[-74.07488,4.605548]},"properties":{"id":"osm:n5204579818","type":"pharmacy","name":"Columbia Farma","source":"osm","osmId":"node/5204579818"}},{"type":"Feature","geometry":{"type":"Point","coordinates":[-74.075398,4.60464]},"properties":{"id":"osm:n5204579820","type":"atm","name":"Efecty","source":"osm","osmId":"node/5204579820"}},{"type":"Feature","geometry":{"type":"Point","coordinates":[-74.073718,4.60333]},"properties":{"id":"osm:n5204747153","type":"pharmacy","name":"Dragos La Economia","source":"osm","osmId":"node/5204747153"}},{"type":"Feature","geometry":{"type":"Point","coordinates":[-74.074889,4.601214]},"properties":{"id":"osm:n5204747171","type":"atm","source":"osm","osmId":"node/5204747171"}},{"type":"Feature","geometry":{"type":"Point","coordinates":[-74.077466,4.601451]},"properties":{"id":"osm:n5204790580","type":"pharmacy","name":"Cafam Drogueria","source":"osm","osmId":"node/5204790580"}},{"type":"Feature","geometry":{"type":"Point","coordinates":[-74.083486,4.588497]},"properties":{"id":"osm:n5204839617","type":"pharmacy","name":"Sofy Drogas","source":"osm","osmId":"node/5204839617"}},{"type":"Feature","geometry":{"type":"Point","coordinates":[-74.069542,4.603704]},"properties":{"id":"osm:n5204954698","type":"pharmacy","name":"Drogas La Economica","source":"osm","osmId":"node/5204954698"}},{"type":"Feature","geometry":{"type":"Point","coordinates":[-74.098867,4.560275]},"properties":{"id":"osm:n5206742938","type":"pharmacy","name":"Villa de los Alpes Drouería","source":"osm","osmId":"node/5206742938","operator":"Droxi"}},{"type":"Feature","geometry":{"type":"Point","coordinates":[-74.070558,4.614656]},"properties":{"id":"osm:n5206764619","type":"pharmacy","name":"Farmatodo","source":"osm","osmId":"node/5206764619"}},{"type":"Feature","geometry":{"type":"Point","coordinates":[-74.094091,4.565865]},"properties":{"id":"osm:n5206812720","type":"pharmacy","name":"Farma Drogas","source":"osm","osmId":"node/5206812720"}},{"type":"Feature","geometry":{"type":"Point","coordinates":[-74.091608,4.573041]},"properties":{"id":"osm:n5206881412","type":"pharmacy","name":"Pharma Country Droguería","source":"osm","osmId":"node/5206881412"}},{"type":"Feature","geometry":{"type":"Point","coordinates":[-74.086646,4.604395]},"properties":{"id":"osm:n5206922687","type":"pharmacy","name":"Droguería","source":"osm","osmId":"node/5206922687"}},{"type":"Feature","geometry":{"type":"Point","coordinates":[-74.070803,4.591359]},"properties":{"id":"osm:n5206959249","type":"pharmacy","name":"Droguería Yalejo","source":"osm","osmId":"node/5206959249"}},{"type":"Feature","geometry":{"type":"Point","coordinates":[-74.092832,4.571348]},"properties":{"id":"osm:n5207133180","type":"pharmacy","name":"Farmacenter","source":"osm","osmId":"node/5207133180"}},{"type":"Feature","geometry":{"type":"Point","coordinates":[-74.076198,4.61156]},"properties":{"id":"osm:n5207203622","type":"pharmacy","name":"Droguería Suramerica","source":"osm","osmId":"node/5207203622"}},{"type":"Feature","geometry":{"type":"Point","coordinates":[-74.093554,4.584996]},"properties":{"id":"osm:n5207321826","type":"pharmacy","name":"Farmacenter","source":"osm","osmId":"node/5207321826"}},{"type":"Feature","geometry":{"type":"Point","coordinates":[-74.097331,4.582589]},"properties":{"id":"osm:n5207321855","type":"pharmacy","name":"Hiperdroguearìa Jardin","source":"osm","osmId":"node/5207321855"}},{"type":"Feature","geometry":{"type":"Point","coordinates":[-74.10425,4.584397]},"properties":{"id":"osm:n5207321898","type":"health","name":"Sonoria","source":"osm","osmId":"node/5207321898"}},{"type":"Feature","geometry":{"type":"Point","coordinates":[-74.103802,4.584413]},"properties":{"id":"osm:n5207321900","type":"pharmacy","name":"Drogueria","source":"osm","osmId":"node/5207321900"}},{"type":"Feature","geometry":{"type":"Point","coordinates":[-74.090771,4.572143]},"properties":{"id":"osm:n5207383668","type":"health","name":"Policlínico San Cristobal de Sur","source":"osm","osmId":"node/5207383668"}},{"type":"Feature","geometry":{"type":"Point","coordinates":[-74.090946,4.584492]},"properties":{"id":"osm:n5207394357","type":"pharmacy","name":"Droguería Benavides","source":"osm","osmId":"node/5207394357"}},{"type":"Feature","geometry":{"type":"Point","coordinates":[-74.101603,4.583799]},"properties":{"id":"osm:n5207394417","type":"pharmacy","name":"Sfarma Drogueria","source":"osm","osmId":"node/5207394417"}},{"type":"Feature","geometry":{"type":"Point","coordinates":[-74.088388,4.615538]},"properties":{"id":"osm:n5208399388","type":"pharmacy","name":"Drogueria","source":"osm","osmId":"node/5208399388"}},{"type":"Feature","geometry":{"type":"Point","coordinates":[-74.106562,4.586461]},"properties":{"id":"osm:n5208662828","type":"pharmacy","name":"Drogas Servisalud Del Restrepo","source":"osm","osmId":"node/5208662828"}},{"type":"Feature","geometry":{"type":"Point","coordinates":[-74.08867,4.591861]},"properties":{"id":"osm:n5208710842","type":"pharmacy","name":"Hospifarma Drogue Ria","source":"osm","osmId":"node/5208710842"}},{"type":"Feature","geometry":{"type":"Point","coordinates":[-74.092657,4.574775]},"properties":{"id":"osm:n5208892374","type":"pharmacy","name":"Drogas Famysalud","source":"osm","osmId":"node/5208892374"}},{"type":"Feature","geometry":{"type":"Point","coordinates":[-74.092826,4.574637]},"properties":{"id":"osm:n5208892376","type":"pharmacy","name":"Drogueria Motrix","source":"osm","osmId":"node/5208892376"}},{"type":"Feature","geometry":{"type":"Point","coordinates":[-74.108537,4.588914]},"properties":{"id":"osm:n5208928424","type":"health","name":"Clínicas Odontologicas","source":"osm","osmId":"node/5208928424"}},{"type":"Feature","geometry":{"type":"Point","coordinates":[-74.108811,4.589296]},"properties":{"id":"osm:n5208928428","type":"health","name":"OralMedic","source":"osm","osmId":"node/5208928428"}},{"type":"Feature","geometry":{"type":"Point","coordinates":[-74.108595,4.589437]},"properties":{"id":"osm:n5208928432","type":"health","name":"Consulta Medica","source":"osm","osmId":"node/5208928432"}},{"type":"Feature","geometry":{"type":"Point","coordinates":[-74.089088,4.575898]},"properties":{"id":"osm:n5209030812","type":"pharmacy","name":"Droguería","source":"osm","osmId":"node/5209030812"}},{"type":"Feature","geometry":{"type":"Point","coordinates":[-74.078883,4.603472]},"properties":{"id":"osm:n5209062418","type":"pharmacy","name":"distribuciones S.V. droxi","source":"osm","osmId":"node/5209062418"}},{"type":"Feature","geometry":{"type":"Point","coordinates":[-74.096372,4.570954]},"properties":{"id":"osm:n5209110047","type":"pharmacy","name":"Drogueria Nuevo Continente","source":"osm","osmId":"node/5209110047"}},{"type":"Feature","geometry":{"type":"Point","coordinates":[-74.097704,4.572076]},"properties":{"id":"osm:n5209110059","type":"pharmacy","name":"Drogas La Economia","source":"osm","osmId":"node/5209110059"}},{"type":"Feature","geometry":{"type":"Point","coordinates":[-74.071318,4.601741]},"properties":{"id":"osm:n5209142526","type":"atm","name":"Bancolombia","source":"osm","osmId":"node/5209142526","operator":"Bancolombia"}},{"type":"Feature","geometry":{"type":"Point","coordinates":[-74.098619,4.572748]},"properties":{"id":"osm:n5209173444","type":"pharmacy","name":"Eco Farma","source":"osm","osmId":"node/5209173444"}},{"type":"Feature","geometry":{"type":"Point","coordinates":[-74.097747,4.591735]},"properties":{"id":"osm:n5209239675","type":"pharmacy","name":"Droguería Incoldragas G&G","source":"osm","osmId":"node/5209239675"}},{"type":"Feature","geometry":{"type":"Point","coordinates":[-74.102404,4.575716]},"properties":{"id":"osm:n5209247903","type":"pharmacy","name":"Farmacenter","source":"osm","osmId":"node/5209247903"}},{"type":"Feature","geometry":{"type":"Point","coordinates":[-74.085896,4.602603]},"properties":{"id":"osm:n5209290861","type":"pharmacy","name":"Drogueria Para Su Economia","source":"osm","osmId":"node/5209290861"}},{"type":"Feature","geometry":{"type":"Point","coordinates":[-74.074898,4.598727]},"properties":{"id":"osm:n5209302274","type":"atm","name":"Davivienda","source":"osm","osmId":"node/5209302274","operator":"Davivienda","openingHours":"Mo-Sa 08:30-20:30; Su 09:30-19:00"}},{"type":"Feature","geometry":{"type":"Point","coordinates":[-74.074827,4.598689]},"properties":{"id":"osm:n5209302794","type":"atm","name":"Bancolombia","source":"osm","osmId":"node/5209302794","operator":"Bancolombia","openingHours":"Mo-Sa 08:30-20:30; Su 09:30-19:00"}},{"type":"Feature","geometry":{"type":"Point","coordinates":[-74.056999,4.651698]},"properties":{"id":"osm:n5212920829","type":"health","name":"Clínica La Inmaculada","source":"osm","osmId":"node/5212920829","wheelchair":"yes","openingHours":"24/7"}},{"type":"Feature","geometry":{"type":"Point","coordinates":[-74.084744,4.612718]},"properties":{"id":"osm:n5214588299","type":"atm","name":"Banco de Bogatá","source":"osm","osmId":"node/5214588299"}},{"type":"Feature","geometry":{"type":"Point","coordinates":[-74.148043,4.561366]},"properties":{"id":"osm:n5214619522","type":"atm","name":"Servibanca","source":"osm","osmId":"node/5214619522","operator":"Servibanca","openingHours":"24/7"}},{"type":"Feature","geometry":{"type":"Point","coordinates":[-74.074475,4.612688]},"properties":{"id":"osm:n5214751037","type":"pharmacy","name":"Drogueria Centralfarma de la 24","source":"osm","osmId":"node/5214751037"}},{"type":"Feature","geometry":{"type":"Point","coordinates":[-74.073772,4.612174]},"properties":{"id":"osm:n5214751051","type":"pharmacy","name":"Drogueria","source":"osm","osmId":"node/5214751051"}},{"type":"Feature","geometry":{"type":"Point","coordinates":[-74.075477,4.610967]},"properties":{"id":"osm:n5214751092","type":"pharmacy","name":"Sfarma Droguerias","source":"osm","osmId":"node/5214751092"}},{"type":"Feature","geometry":{"type":"Point","coordinates":[-74.111995,4.556093]},"properties":{"id":"osm:n5214759735","type":"pharmacy","name":"Drogas La Economia","source":"osm","osmId":"node/5214759735"}},{"type":"Feature","geometry":{"type":"Point","coordinates":[-74.111746,4.557546]},"properties":{"id":"osm:n5214759759","type":"pharmacy","name":"Cami Farma Droguerias","source":"osm","osmId":"node/5214759759"}},{"type":"Feature","geometry":{"type":"Point","coordinates":[-74.104214,4.577146]},"properties":{"id":"osm:n5214828222","type":"pharmacy","name":"Drogueria Virtud Lorena","source":"osm","osmId":"node/5214828222"}},{"type":"Feature","geometry":{"type":"Point","coordinates":[-74.105609,4.57823]},"properties":{"id":"osm:n5214828244","type":"pharmacy","name":"Drogueria Alca","source":"osm","osmId":"node/5214828244"}},{"type":"Feature","geometry":{"type":"Point","coordinates":[-74.092369,4.578188]},"properties":{"id":"osm:n5214872535","type":"pharmacy","name":"Droguería","source":"osm","osmId":"node/5214872535"}},{"type":"Feature","geometry":{"type":"Point","coordinates":[-74.107201,4.57998]},"properties":{"id":"osm:n5214981511","type":"pharmacy","name":"Droguería Droxi","source":"osm","osmId":"node/5214981511"}},{"type":"Feature","geometry":{"type":"Point","coordinates":[-74.107289,4.580142]},"properties":{"id":"osm:n5214981515","type":"health","name":"Consultorios Medicos DRS. Orjuela","source":"osm","osmId":"node/5214981515"}},{"type":"Feature","geometry":{"type":"Point","coordinates":[-74.107318,4.580236]},"properties":{"id":"osm:n5215015112","type":"health","name":"Medicios Especialistas","source":"osm","osmId":"node/5215015112"}},{"type":"Feature","geometry":{"type":"Point","coordinates":[-74.121997,4.55803]},"properties":{"id":"osm:n5215027363","type":"pharmacy","name":"Centro comercial Caracas","source":"osm","osmId":"node/5215027363"}},{"type":"Feature","geometry":{"type":"Point","coordinates":[-74.125491,4.564834]},"properties":{"id":"osm:n5215027398","type":"pharmacy","source":"osm","osmId":"node/5215027398"}},{"type":"Feature","geometry":{"type":"Point","coordinates":[-74.074946,4.613294]},"properties":{"id":"osm:n5216312107","type":"pharmacy","name":"Sherezade de la Salud Droguerias","source":"osm","osmId":"node/5216312107"}},{"type":"Feature","geometry":{"type":"Point","coordinates":[-74.086956,4.581891]},"properties":{"id":"osm:n5216411155","type":"pharmacy","name":"Drogueria Farma","source":"osm","osmId":"node/5216411155"}},{"type":"Feature","geometry":{"type":"Point","coordinates":[-74.103921,4.576584]},"properties":{"id":"osm:n5216479229","type":"pharmacy","name":"Droguería Maxi Farma J L W","source":"osm","osmId":"node/5216479229"}},{"type":"Feature","geometry":{"type":"Point","coordinates":[-74.102997,4.575853]},"properties":{"id":"osm:n5216479240","type":"pharmacy","name":"Droguerias Comunal","source":"osm","osmId":"node/5216479240"}},{"type":"Feature","geometry":{"type":"Point","coordinates":[-74.100117,4.573613]},"properties":{"id":"osm:n5216479270","type":"pharmacy","name":"Droguería LA 46 JD","source":"osm","osmId":"node/5216479270"}},{"type":"Feature","geometry":{"type":"Point","coordinates":[-74.100506,4.569513]},"properties":{"id":"osm:n5216479277","type":"pharmacy","name":"Droguerias Comunal","source":"osm","osmId":"node/5216479277"}},{"type":"Feature","geometry":{"type":"Point","coordinates":[-74.087987,4.594306]},"properties":{"id":"osm:n5216597055","type":"pharmacy","name":"Drogas Sambert 4","source":"osm","osmId":"node/5216597055"}},{"type":"Feature","geometry":{"type":"Point","coordinates":[-74.086276,4.593244]},"properties":{"id":"osm:n5216597062","type":"pharmacy","name":"Drogas Sambert 2","source":"osm","osmId":"node/5216597062"}},{"type":"Feature","geometry":{"type":"Point","coordinates":[-74.0858,4.600929]},"properties":{"id":"osm:n5216665700","type":"pharmacy","name":"Drogueria Arsa","source":"osm","osmId":"node/5216665700"}},{"type":"Feature","geometry":{"type":"Point","coordinates":[-74.084682,4.600245]},"properties":{"id":"osm:n5216666042","type":"pharmacy","name":"Drogas Salamanca","source":"osm","osmId":"node/5216666042"}},{"type":"Feature","geometry":{"type":"Point","coordinates":[-74.090935,4.576351]},"properties":{"id":"osm:n5216686895","type":"pharmacy","name":"Droguerías Colsubsidio","source":"osm","osmId":"node/5216686895"}},{"type":"Feature","geometry":{"type":"Point","coordinates":[-74.093714,4.573454]},"properties":{"id":"osm:n5216686902","type":"pharmacy","name":"Total Farma","source":"osm","osmId":"node/5216686902"}},{"type":"Feature","geometry":{"type":"Point","coordinates":[-74.095028,4.572108]},"properties":{"id":"osm:n5216863080","type":"pharmacy","name":"Drogas Sambert 3","source":"osm","osmId":"node/5216863080"}},{"type":"Feature","geometry":{"type":"Point","coordinates":[-74.117076,4.60008]},"properties":{"id":"osm:n5216872215","type":"pharmacy","name":"Drogueria el Dispensario","source":"osm","osmId":"node/5216872215"}},{"type":"Feature","geometry":{"type":"Point","coordinates":[-74.088081,4.597052]},"properties":{"id":"osm:n5216886678","type":"pharmacy","name":"Droguería Liberia","source":"osm","osmId":"node/5216886678"}},{"type":"Feature","geometry":{"type":"Point","coordinates":[-74.120153,4.604193]},"properties":{"id":"osm:n5216950666","type":"pharmacy","name":"Drogueria Damardi","source":"osm","osmId":"node/5216950666"}},{"type":"Feature","geometry":{"type":"Point","coordinates":[-74.119548,4.605346]},"properties":{"id":"osm:n5216950707","type":"pharmacy","name":"Drogueria Framar","source":"osm","osmId":"node/5216950707"}},{"type":"Feature","geometry":{"type":"Point","coordinates":[-74.095736,4.596603]},"properties":{"id":"osm:n5217051521","type":"pharmacy","source":"osm","osmId":"node/5217051521"}},{"type":"Feature","geometry":{"type":"Point","coordinates":[-74.113276,4.617853]},"properties":{"id":"osm:n5217110326","type":"pharmacy","name":"Drogueria Servisalud MR","source":"osm","osmId":"node/5217110326"}},{"type":"Feature","geometry":{"type":"Point","coordinates":[-74.089459,4.597251]},"properties":{"id":"osm:n5217213303","type":"pharmacy","name":"Farmacenter","source":"osm","osmId":"node/5217213303"}},{"type":"Feature","geometry":{"type":"Point","coordinates":[-74.091592,4.597335]},"properties":{"id":"osm:n5217213314","type":"pharmacy","name":"Drogas","source":"osm","osmId":"node/5217213314"}},{"type":"Feature","geometry":{"type":"Point","coordinates":[-74.110282,4.619484]},"properties":{"id":"osm:n5218231716","type":"pharmacy","name":"Mundo Salud","source":"osm","osmId":"node/5218231716"}},{"type":"Feature","geometry":{"type":"Point","coordinates":[-74.111276,4.614338]},"properties":{"id":"osm:n5218319902","type":"pharmacy","name":"Droguerias Forest Farma","source":"osm","osmId":"node/5218319902"}},{"type":"Feature","geometry":{"type":"Point","coordinates":[-74.108245,4.581457]},"properties":{"id":"osm:n5218356609","type":"pharmacy","name":"Drogueria La Rebaja","source":"osm","osmId":"node/5218356609"}},{"type":"Feature","geometry":{"type":"Point","coordinates":[-74.108319,4.581561]},"properties":{"id":"osm:n5218356610","type":"pharmacy","name":"Drogueria Hugo's No. 1","source":"osm","osmId":"node/5218356610"}},{"type":"Feature","geometry":{"type":"Point","coordinates":[-74.138215,4.583859]},"properties":{"id":"osm:n5218425805","type":"pharmacy","source":"osm","osmId":"node/5218425805"}},{"type":"Feature","geometry":{"type":"Point","coordinates":[-74.118426,4.608134]},"properties":{"id":"osm:n5218498819","type":"pharmacy","name":"Drogueria Zorfarma","source":"osm","osmId":"node/5218498819"}},{"type":"Feature","geometry":{"type":"Point","coordinates":[-74.137979,4.584031]},"properties":{"id":"osm:n5218582539","type":"pharmacy","name":"Rapisalud Plus","source":"osm","osmId":"node/5218582539"}},{"type":"Feature","geometry":{"type":"Point","coordinates":[-74.136582,4.58479]},"properties":{"id":"osm:n5218582560","type":"pharmacy","name":"Drogae Del Sur","source":"osm","osmId":"node/5218582560"}},{"type":"Feature","geometry":{"type":"Point","coordinates":[-74.136415,4.584809]},"properties":{"id":"osm:n5218582566","type":"pharmacy","name":"Droguería","source":"osm","osmId":"node/5218582566"}},{"type":"Feature","geometry":{"type":"Point","coordinates":[-74.111356,4.620468]},"properties":{"id":"osm:n5218613370","type":"pharmacy","name":"Drogueria New Planet II","source":"osm","osmId":"node/5218613370"}},{"type":"Feature","geometry":{"type":"Point","coordinates":[-74.109843,4.619336]},"properties":{"id":"osm:n5218613414","type":"pharmacy","name":"Hiperdrogueria la Economia A&M","source":"osm","osmId":"node/5218613414"}},{"type":"Feature","geometry":{"type":"Point","coordinates":[-74.108637,4.618404]},"properties":{"id":"osm:n5218613653","type":"pharmacy","name":"Droguería","source":"osm","osmId":"node/5218613653"}},{"type":"Feature","geometry":{"type":"Point","coordinates":[-74.109261,4.583252]},"properties":{"id":"osm:n5218616956","type":"pharmacy","name":"Audifarma","source":"osm","osmId":"node/5218616956"}},{"type":"Feature","geometry":{"type":"Point","coordinates":[-74.137072,4.587418]},"properties":{"id":"osm:n5218643657","type":"pharmacy","source":"osm","osmId":"node/5218643657"}},{"type":"Feature","geometry":{"type":"Point","coordinates":[-74.137415,4.588093]},"properties":{"id":"osm:n5218701061","type":"pharmacy","name":"Droguería","source":"osm","osmId":"node/5218701061"}},{"type":"Feature","geometry":{"type":"Point","coordinates":[-74.053161,4.665153]},"properties":{"id":"osm:n5218821393","type":"pharmacy","name":"Farmacenter","source":"osm","osmId":"node/5218821393","wheelchair":"yes","openingHours":"Mo-Sa 07:00-22:00; Su 09:00-21:00"}},{"type":"Feature","geometry":{"type":"Point","coordinates":[-74.134469,4.585172]},"properties":{"id":"osm:n5218835959","type":"pharmacy","name":"Droguería","source":"osm","osmId":"node/5218835959"}},{"type":"Feature","geometry":{"type":"Point","coordinates":[-74.133203,4.58536]},"properties":{"id":"osm:n5218835977","type":"pharmacy","name":"Droguería","source":"osm","osmId":"node/5218835977"}},{"type":"Feature","geometry":{"type":"Point","coordinates":[-74.061064,4.653119]},"properties":{"id":"osm:n5219979489","type":"pharmacy","name":"Audifarma","source":"osm","osmId":"node/5219979489"}},{"type":"Feature","geometry":{"type":"Point","coordinates":[-74.061371,4.652484]},"properties":{"id":"osm:n5220064831","type":"pharmacy","name":"Tienda & Drogueria","source":"osm","osmId":"node/5220064831"}},{"type":"Feature","geometry":{"type":"Point","coordinates":[-74.128707,4.58277]},"properties":{"id":"osm:n5220205378","type":"pharmacy","name":"Droguería","source":"osm","osmId":"node/5220205378"}},{"type":"Feature","geometry":{"type":"Point","coordinates":[-74.103907,4.582542]},"properties":{"id":"osm:n5220313262","type":"pharmacy","name":"La Rebaja","source":"osm","osmId":"node/5220313262"}},{"type":"Feature","geometry":{"type":"Point","coordinates":[-74.081863,4.61864]},"properties":{"id":"osm:n5220406510","type":"pharmacy","name":"City Pharma","source":"osm","osmId":"node/5220406510","operator":"Droxi"}},{"type":"Feature","geometry":{"type":"Point","coordinates":[-74.069034,4.695197]},"properties":{"id":"osm:n5220574824","type":"atm","source":"osm","osmId":"node/5220574824"}},{"type":"Feature","geometry":{"type":"Point","coordinates":[-74.106505,4.578562]},"properties":{"id":"osm:n5221911164","type":"pharmacy","name":"Servipharma","source":"osm","osmId":"node/5221911164"}},{"type":"Feature","geometry":{"type":"Point","coordinates":[-74.107278,4.579653]},"properties":{"id":"osm:n5221954896","type":"health","name":"Servisalud Ocupacional IPS","source":"osm","osmId":"node/5221954896"}},{"type":"Feature","geometry":{"type":"Point","coordinates":[-74.099473,4.551125]},"properties":{"id":"osm:n5222054376","type":"pharmacy","name":"Drogas B.J. Oriente","source":"osm","osmId":"node/5222054376"}},{"type":"Feature","geometry":{"type":"Point","coordinates":[-74.092604,4.550014]},"properties":{"id":"osm:n5222235793","type":"pharmacy","name":"Comunal","source":"osm","osmId":"node/5222235793"}},{"type":"Feature","geometry":{"type":"Point","coordinates":[-74.10121,4.57474]},"properties":{"id":"osm:n5226627727","type":"pharmacy","name":"Drogas La Trinidad SC","source":"osm","osmId":"node/5226627727"}},{"type":"Feature","geometry":{"type":"Point","coordinates":[-74.107931,4.581354]},"properties":{"id":"osm:n5226899520","type":"health","name":"Servimed","source":"osm","osmId":"node/5226899520"}},{"type":"Feature","geometry":{"type":"Point","coordinates":[-74.061985,4.651233]},"properties":{"id":"osm:n5227145385","type":"pharmacy","name":"Rovira Droguería","source":"osm","osmId":"node/5227145385"}},{"type":"Feature","geometry":{"type":"Point","coordinates":[-74.091085,4.595891]},"properties":{"id":"osm:n5227218779","type":"pharmacy","name":"Droguería","source":"osm","osmId":"node/5227218779","operator":"San Rafael"}},{"type":"Feature","geometry":{"type":"Point","coordinates":[-74.064657,4.681368]},"properties":{"id":"osm:n5227257539","type":"pharmacy","name":"Farmacenter","source":"osm","osmId":"node/5227257539"}},{"type":"Feature","geometry":{"type":"Point","coordinates":[-74.065207,4.685522]},"properties":{"id":"osm:n5227267099","type":"pharmacy","source":"osm","osmId":"node/5227267099"}},{"type":"Feature","geometry":{"type":"Point","coordinates":[-74.089905,4.634048]},"properties":{"id":"osm:n5228462323","type":"pharmacy","name":"Audifarma","source":"osm","osmId":"node/5228462323"}},{"type":"Feature","geometry":{"type":"Point","coordinates":[-74.089865,4.63403]},"properties":{"id":"osm:n5228462324","type":"pharmacy","name":"Drogueria Golfer","source":"osm","osmId":"node/5228462324"}},{"type":"Feature","geometry":{"type":"Point","coordinates":[-74.089664,4.633963]},"properties":{"id":"osm:n5228462325","type":"health","name":"Oral Clinic","source":"osm","osmId":"node/5228462325"}},{"type":"Feature","geometry":{"type":"Point","coordinates":[-74.086794,4.631019]},"properties":{"id":"osm:n5228544737","type":"pharmacy","source":"osm","osmId":"node/5228544737"}},{"type":"Feature","geometry":{"type":"Point","coordinates":[-74.086016,4.631509]},"properties":{"id":"osm:n5228544748","type":"pharmacy","name":"Drogueria Sideral Droxi","source":"osm","osmId":"node/5228544748"}},{"type":"Feature","geometry":{"type":"Point","coordinates":[-74.087657,4.629174]},"properties":{"id":"osm:n5228614512","type":"pharmacy","name":"Drogas Descuentos","source":"osm","osmId":"node/5228614512"}},{"type":"Feature","geometry":{"type":"Point","coordinates":[-74.089785,4.540372]},"properties":{"id":"osm:n5228790710","type":"pharmacy","name":"Drogueria Farmaco Salud S.O","source":"osm","osmId":"node/5228790710"}},{"type":"Feature","geometry":{"type":"Point","coordinates":[-74.093237,4.54146]},"properties":{"id":"osm:n5228866942","type":"pharmacy","name":"Santa Rita Sur Oriental","source":"osm","osmId":"node/5228866942"}},{"type":"Feature","geometry":{"type":"Point","coordinates":[-74.100373,4.565454]},"properties":{"id":"osm:n5228883170","type":"pharmacy","name":"Farmacenter","source":"osm","osmId":"node/5228883170"}},{"type":"Feature","geometry":{"type":"Point","coordinates":[-74.056027,4.661499]},"properties":{"id":"osm:n5228909945","type":"pharmacy","name":"Pasteur","source":"osm","osmId":"node/5228909945","operator":"CAFAM"}},{"type":"Feature","geometry":{"type":"Point","coordinates":[-74.082382,4.620823]},"properties":{"id":"osm:n5229062781","type":"pharmacy","name":"Farmatodo","source":"osm","osmId":"node/5229062781"}},{"type":"Feature","geometry":{"type":"Point","coordinates":[-74.08574,4.536277]},"properties":{"id":"osm:n5229105566","type":"pharmacy","name":"Drogueria Oriental","source":"osm","osmId":"node/5229105566"}},{"type":"Feature","geometry":{"type":"Point","coordinates":[-74.100699,4.588274]},"properties":{"id":"osm:n5229109324","type":"pharmacy","name":"La Rebeja Drogueria","source":"osm","osmId":"node/5229109324"}},{"type":"Feature","geometry":{"type":"Point","coordinates":[-74.098489,4.585463]},"properties":{"id":"osm:n5229109377","type":"pharmacy","name":"Droguería Dualfara S.M.","source":"osm","osmId":"node/5229109377"}},{"type":"Feature","geometry":{"type":"Point","coordinates":[-74.061691,4.652586]},"properties":{"id":"osm:n5229113798","type":"pharmacy","name":"Drogas La Economia","source":"osm","osmId":"node/5229113798"}},{"type":"Feature","geometry":{"type":"Point","coordinates":[-74.06174,4.652501]},"properties":{"id":"osm:n5229113799","type":"pharmacy","name":"Famisanar","source":"osm","osmId":"node/5229113799"}},{"type":"Feature","geometry":{"type":"Point","coordinates":[-74.097552,4.55567]},"properties":{"id":"osm:n5229183374","type":"pharmacy","name":"Droguerías Comunal","source":"osm","osmId":"node/5229183374"}},{"type":"Feature","geometry":{"type":"Point","coordinates":[-74.10108,4.58794]},"properties":{"id":"osm:n5229206856","type":"pharmacy","name":"La Rebaja Drogueria","source":"osm","osmId":"node/5229206856"}},{"type":"Feature","geometry":{"type":"Point","coordinates":[-74.087306,4.532629]},"properties":{"id":"osm:n5229264634","type":"pharmacy","name":"Mac","source":"osm","osmId":"node/5229264634","operator":"Farmaunión"}},{"type":"Feature","geometry":{"type":"Point","coordinates":[-74.06215,4.651454]},"properties":{"id":"osm:n5230656441","type":"pharmacy","name":"La Economia","source":"osm","osmId":"node/5230656441"}},{"type":"Feature","geometry":{"type":"Point","coordinates":[-74.089497,4.633283]},"properties":{"id":"osm:n5230720157","type":"pharmacy","source":"osm","osmId":"node/5230720157"}},{"type":"Feature","geometry":{"type":"Point","coordinates":[-74.096602,4.635983]},"properties":{"id":"osm:n5230736554","type":"pharmacy","name":"Drogueria Av La Esperanza","source":"osm","osmId":"node/5230736554"}},{"type":"Feature","geometry":{"type":"Point","coordinates":[-74.095782,4.634743]},"properties":{"id":"osm:n5230736565","type":"pharmacy","name":"Cruz Verde","source":"osm","osmId":"node/5230736565"}},{"type":"Feature","geometry":{"type":"Point","coordinates":[-74.09573,4.634667]},"properties":{"id":"osm:n5230736566","type":"health","name":"Allianz Centro Medico","source":"osm","osmId":"node/5230736566"}},{"type":"Feature","geometry":{"type":"Point","coordinates":[-74.093718,4.546991]},"properties":{"id":"osm:n5230746309","type":"pharmacy","name":"Droguería","source":"osm","osmId":"node/5230746309","operator":"Santamar"}},{"type":"Feature","geometry":{"type":"Point","coordinates":[-74.094355,4.633325]},"properties":{"id":"osm:n5230803395","type":"pharmacy","name":"Droguería La Emerajada","source":"osm","osmId":"node/5230803395"}},{"type":"Feature","geometry":{"type":"Point","coordinates":[-74.138147,4.546901]},"properties":{"id":"osm:n5230831733","type":"pharmacy","name":"Farma Exito","source":"osm","osmId":"node/5230831733"}},{"type":"Feature","geometry":{"type":"Point","coordinates":[-74.138939,4.546699]},"properties":{"id":"osm:n5230831753","type":"pharmacy","name":"Drogueria","source":"osm","osmId":"node/5230831753"}},{"type":"Feature","geometry":{"type":"Point","coordinates":[-74.108456,4.630983]},"properties":{"id":"osm:n5230864807","type":"pharmacy","name":"Kala","source":"osm","osmId":"node/5230864807"}},{"type":"Feature","geometry":{"type":"Point","coordinates":[-74.096025,4.62873]},"properties":{"id":"osm:n5230992260","type":"police","name":"Departamento de Policía de Bogotá","source":"osm","osmId":"node/5230992260"}},{"type":"Feature","geometry":{"type":"Point","coordinates":[-74.095821,4.628669]},"properties":{"id":"osm:n5230992262","type":"police","name":"Departamento de Policía de Bogotá","source":"osm","osmId":"node/5230992262"}},{"type":"Feature","geometry":{"type":"Point","coordinates":[-74.067011,4.650303]},"properties":{"id":"osm:n5231004065","type":"pharmacy","name":"SAO Olimpica","source":"osm","osmId":"node/5231004065"}},{"type":"Feature","geometry":{"type":"Point","coordinates":[-74.088796,4.543766]},"properties":{"id":"osm:n5231046239","type":"pharmacy","name":"Sfarma","source":"osm","osmId":"node/5231046239"}},{"type":"Feature","geometry":{"type":"Point","coordinates":[-74.101499,4.564478]},"properties":{"id":"osm:n5231332478","type":"pharmacy","name":"Drogueria","source":"osm","osmId":"node/5231332478"}},{"type":"Feature","geometry":{"type":"Point","coordinates":[-74.145397,4.561106]},"properties":{"id":"osm:n5231347390","type":"pharmacy","name":"Dimedica Droguería","source":"osm","osmId":"node/5231347390"}},{"type":"Feature","geometry":{"type":"Point","coordinates":[-74.054289,4.686632]},"properties":{"id":"osm:n5231398166","type":"pharmacy","name":"Drogueria Alemana","source":"osm","osmId":"node/5231398166"}},{"type":"Feature","geometry":{"type":"Point","coordinates":[-74.051469,4.69094]},"properties":{"id":"osm:n5231440949","type":"pharmacy","name":"Drogueria Heel","source":"osm","osmId":"node/5231440949"}},{"type":"Feature","geometry":{"type":"Point","coordinates":[-74.130784,4.56792]},"properties":{"id":"osm:n5231457842","type":"pharmacy","name":"Droguera Copharmilan","source":"osm","osmId":"node/5231457842"}},{"type":"Feature","geometry":{"type":"Point","coordinates":[-74.051998,4.688008]},"properties":{"id":"osm:n5231509271","type":"health","name":"Allianz","source":"osm","osmId":"node/5231509271"}},{"type":"Feature","geometry":{"type":"Point","coordinates":[-74.052498,4.684626]},"properties":{"id":"osm:n5231509282","type":"pharmacy","name":"Pasteur Droguería","source":"osm","osmId":"node/5231509282"}},{"type":"Feature","geometry":{"type":"Point","coordinates":[-74.065189,4.675567]},"properties":{"id":"osm:n5231539894","type":"health","name":"Medical Health Care","source":"osm","osmId":"node/5231539894"}},{"type":"Feature","geometry":{"type":"Point","coordinates":[-74.145318,4.561636]},"properties":{"id":"osm:n5232944677","type":"health","name":"Clinic Stetic Dental","source":"osm","osmId":"node/5232944677"}},{"type":"Feature","geometry":{"type":"Point","coordinates":[-74.135755,4.555679]},"properties":{"id":"osm:n5232967019","type":"pharmacy","name":"Droguería","source":"osm","osmId":"node/5232967019"}},{"type":"Feature","geometry":{"type":"Point","coordinates":[-74.135742,4.554804]},"properties":{"id":"osm:n5232977746","type":"pharmacy","source":"osm","osmId":"node/5232977746"}},{"type":"Feature","geometry":{"type":"Point","coordinates":[-74.139691,4.547455]},"properties":{"id":"osm:n5232989553","type":"pharmacy","name":"Droguttolima D.Y.D.","source":"osm","osmId":"node/5232989553"}},{"type":"Feature","geometry":{"type":"Point","coordinates":[-74.091999,4.674765]},"properties":{"id":"osm:n5233174324","type":"pharmacy","name":"Drogueria Especial","source":"osm","osmId":"node/5233174324"}},{"type":"Feature","geometry":{"type":"Point","coordinates":[-74.093069,4.675562]},"properties":{"id":"osm:n5233174339","type":"pharmacy","name":"Drogueria Droxi","source":"osm","osmId":"node/5233174339"}},{"type":"Feature","geometry":{"type":"Point","coordinates":[-74.109773,4.661649]},"properties":{"id":"osm:n5233379030","type":"atm","name":"Cajero","source":"osm","osmId":"node/5233379030","operator":"Cajero"}},{"type":"Feature","geometry":{"type":"Point","coordinates":[-74.127094,4.561426]},"properties":{"id":"osm:n5233381325","type":"pharmacy","source":"osm","osmId":"node/5233381325"}},{"type":"Feature","geometry":{"type":"Point","coordinates":[-74.126607,4.560429]},"properties":{"id":"osm:n5233381362","type":"pharmacy","name":"Droguería Día a Día","source":"osm","osmId":"node/5233381362","operator":"Droxi"}},{"type":"Feature","geometry":{"type":"Point","coordinates":[-74.011088,4.664103]},"properties":{"id":"osm:n5233462990","type":"atm","name":"Banco de Bogotá","source":"osm","osmId":"node/5233462990","operator":"Davivienda","fee":"Davivienda"}},{"type":"Feature","geometry":{"type":"Point","coordinates":[-74.108861,4.631314]},"properties":{"id":"osm:n5233503133","type":"pharmacy","name":"Pharma Colombia","source":"osm","osmId":"node/5233503133"}},{"type":"Feature","geometry":{"type":"Point","coordinates":[-74.093993,4.676347]},"properties":{"id":"osm:n5233510683","type":"pharmacy","name":"Droguería Atlas","source":"osm","osmId":"node/5233510683"}},{"type":"Feature","geometry":{"type":"Point","coordinates":[-74.121629,4.673058]},"properties":{"id":"osm:n5233538126","type":"pharmacy","name":"Pharmaexpress J. N.","source":"osm","osmId":"node/5233538126"}},{"type":"Feature","geometry":{"type":"Point","coordinates":[-74.120135,4.665663]},"properties":{"id":"osm:n5233551312","type":"pharmacy","name":"Cruz Verde","source":"osm","osmId":"node/5233551312"}},{"type":"Feature","geometry":{"type":"Point","coordinates":[-74.099426,4.621318]},"properties":{"id":"osm:n5233584090","type":"pharmacy","name":"La Rebaja plus","source":"osm","osmId":"node/5233584090"}},{"type":"Feature","geometry":{"type":"Point","coordinates":[-74.115892,4.669552]},"properties":{"id":"osm:n5233673873","type":"pharmacy","name":"Pharma 26","source":"osm","osmId":"node/5233673873"}},{"type":"Feature","geometry":{"type":"Point","coordinates":[-74.123443,4.668699]},"properties":{"id":"osm:n5233739127","type":"pharmacy","name":"Samantina","source":"osm","osmId":"node/5233739127","operator":"Droguería"}},{"type":"Feature","geometry":{"type":"Point","coordinates":[-74.109047,4.669459]},"properties":{"id":"osm:n5233751756","type":"health","name":"Avamed","source":"osm","osmId":"node/5233751756"}},{"type":"Feature","geometry":{"type":"Point","coordinates":[-74.159505,4.62138]},"properties":{"id":"osm:n5234953047","type":"pharmacy","name":"Farmacenter","source":"osm","osmId":"node/5234953047"}},{"type":"Feature","geometry":{"type":"Point","coordinates":[-74.133306,4.611058]},"properties":{"id":"osm:n5235074108","type":"pharmacy","name":"Derogueria Eyeres","source":"osm","osmId":"node/5235074108"}},{"type":"Feature","geometry":{"type":"Point","coordinates":[-74.130732,4.627224]},"properties":{"id":"osm:n5235096509","type":"pharmacy","name":"Drogueria Vimaos","source":"osm","osmId":"node/5235096509"}},{"type":"Feature","geometry":{"type":"Point","coordinates":[-74.120664,4.665514]},"properties":{"id":"osm:n5235161807","type":"pharmacy","name":"Punto Farma","source":"osm","osmId":"node/5235161807"}},{"type":"Feature","geometry":{"type":"Point","coordinates":[-74.050676,4.705321]},"properties":{"id":"osm:n5235177125","type":"toilets","name":"Carulla","source":"osm","osmId":"node/5235177125","operator":"Carulla"}},{"type":"Feature","geometry":{"type":"Point","coordinates":[-74.10591,4.60463]},"properties":{"id":"osm:n5235178328","type":"pharmacy","name":"Drogueria Mercantil De Drogas G","source":"osm","osmId":"node/5235178328"}},{"type":"Feature","geometry":{"type":"Point","coordinates":[-74.120036,4.666053]},"properties":{"id":"osm:n5235209244","type":"pharmacy","name":"Drogas la Rebaja","source":"osm","osmId":"node/5235209244","operator":"La Rebaja"}},{"type":"Feature","geometry":{"type":"Point","coordinates":[-74.140457,4.606451]},"properties":{"id":"osm:n5235242443","type":"pharmacy","name":"Drougeria","source":"osm","osmId":"node/5235242443"}},{"type":"Feature","geometry":{"type":"Point","coordinates":[-74.111431,4.652881]},"properties":{"id":"osm:n5235303654","type":"pharmacy","name":"Heel","source":"osm","osmId":"node/5235303654"}},{"type":"Feature","geometry":{"type":"Point","coordinates":[-74.111154,4.653193]},"properties":{"id":"osm:n5235303660","type":"pharmacy","name":"Cruz Verde","source":"osm","osmId":"node/5235303660"}},{"type":"Feature","geometry":{"type":"Point","coordinates":[-74.121526,4.608904]},"properties":{"id":"osm:n5235331775","type":"pharmacy","name":"Drogueria Torremolinos","source":"osm","osmId":"node/5235331775"}},{"type":"Feature","geometry":{"type":"Point","coordinates":[-74.134474,4.61047]},"properties":{"id":"osm:n5235346584","type":"pharmacy","name":"Droguería Floralia","source":"osm","osmId":"node/5235346584"}},{"type":"Feature","geometry":{"type":"Point","coordinates":[-74.136248,4.628459]},"properties":{"id":"osm:n5235401143","type":"pharmacy","source":"osm","osmId":"node/5235401143"}},{"type":"Feature","geometry":{"type":"Point","coordinates":[-74.135957,4.629519]},"properties":{"id":"osm:n5235401150","type":"atm","name":"Servibanca","source":"osm","osmId":"node/5235401150","operator":"Servibanca"}},{"type":"Feature","geometry":{"type":"Point","coordinates":[-74.13475,4.612916]},"properties":{"id":"osm:n5235553491","type":"pharmacy","name":"Drogueria Dar Salud","source":"osm","osmId":"node/5235553491"}},{"type":"Feature","geometry":{"type":"Point","coordinates":[-74.100499,4.598263]},"properties":{"id":"osm:n5235570109","type":"pharmacy","name":"La Rebaja Plus","source":"osm","osmId":"node/5235570109"}},{"type":"Feature","geometry":{"type":"Point","coordinates":[-74.119494,4.612388]},"properties":{"id":"osm:n5235585673","type":"pharmacy","name":"Piza","source":"osm","osmId":"node/5235585673"}},{"type":"Feature","geometry":{"type":"Point","coordinates":[-74.114943,4.606291]},"properties":{"id":"osm:n5235585693","type":"pharmacy","name":"Total Farma","source":"osm","osmId":"node/5235585693"}},{"type":"Feature","geometry":{"type":"Point","coordinates":[-74.124432,4.606982]},"properties":{"id":"osm:n5235611163","type":"pharmacy","name":"Droguería Farma Nissi","source":"osm","osmId":"node/5235611163"}},{"type":"Feature","geometry":{"type":"Point","coordinates":[-74.125395,4.666733]},"properties":{"id":"osm:n5235639641","type":"pharmacy","name":"Farmacenter","source":"osm","osmId":"node/5235639641"}},{"type":"Feature","geometry":{"type":"Point","coordinates":[-74.107051,4.616227]},"properties":{"id":"osm:n5239553193","type":"pharmacy","name":"Drogueria Trebol","source":"osm","osmId":"node/5239553193"}},{"type":"Feature","geometry":{"type":"Point","coordinates":[-74.108351,4.602556]},"properties":{"id":"osm:n5239638118","type":"pharmacy","name":"Farma Express","source":"osm","osmId":"node/5239638118"}},{"type":"Feature","geometry":{"type":"Point","coordinates":[-74.122047,4.607478]},"properties":{"id":"osm:n5239721086","type":"pharmacy","name":"Droguería","source":"osm","osmId":"node/5239721086"}},{"type":"Feature","geometry":{"type":"Point","coordinates":[-74.106092,4.600738]},"properties":{"id":"osm:n5239885060","type":"pharmacy","name":"Mundo Farma","source":"osm","osmId":"node/5239885060"}},{"type":"Feature","geometry":{"type":"Point","coordinates":[-74.130927,4.596203]},"properties":{"id":"osm:n5239898550","type":"health","name":"Unidad Medica","source":"osm","osmId":"node/5239898550"}},{"type":"Feature","geometry":{"type":"Point","coordinates":[-74.129147,4.629154]},"properties":{"id":"osm:n5240009880","type":"pharmacy","name":"Drogas Marluis","source":"osm","osmId":"node/5240009880"}},{"type":"Feature","geometry":{"type":"Point","coordinates":[-74.130167,4.629234]},"properties":{"id":"osm:n5240009897","type":"health","name":"DERMAINNOVA","source":"osm","osmId":"node/5240009897"}},{"type":"Feature","geometry":{"type":"Point","coordinates":[-74.120976,4.621277]},"properties":{"id":"osm:n5240145427","type":"pharmacy","name":"Droguería Reacer C","source":"osm","osmId":"node/5240145427"}},{"type":"Feature","geometry":{"type":"Point","coordinates":[-74.131367,4.595973]},"properties":{"id":"osm:n5240155751","type":"pharmacy","name":"Drogueria","source":"osm","osmId":"node/5240155751"}},{"type":"Feature","geometry":{"type":"Point","coordinates":[-74.127368,4.602715]},"properties":{"id":"osm:n5240155772","type":"pharmacy","name":"Hiperdrogueria La Gran Cordiliena","source":"osm","osmId":"node/5240155772"}},{"type":"Feature","geometry":{"type":"Point","coordinates":[-74.134973,4.614521]},"properties":{"id":"osm:n5240174957","type":"health","name":"la Primera","source":"osm","osmId":"node/5240174957"}},{"type":"Feature","geometry":{"type":"Point","coordinates":[-74.120667,4.625312]},"properties":{"id":"osm:n5240188727","type":"pharmacy","name":"Drogueria","source":"osm","osmId":"node/5240188727"}},{"type":"Feature","geometry":{"type":"Point","coordinates":[-74.127267,4.605478]},"properties":{"id":"osm:n5240191426","type":"pharmacy","name":"Hiperdrogueria Drofarma Alcala","source":"osm","osmId":"node/5240191426"}},{"type":"Feature","geometry":{"type":"Point","coordinates":[-74.113287,4.621935]},"properties":{"id":"osm:n5240234282","type":"pharmacy","name":"Drogueria Ofer","source":"osm","osmId":"node/5240234282"}},{"type":"Feature","geometry":{"type":"Point","coordinates":[-74.112579,4.621356]},"properties":{"id":"osm:n5240250267","type":"pharmacy","name":"Droguería","source":"osm","osmId":"node/5240250267","operator":"Farmadescuentos JR"}},{"type":"Feature","geometry":{"type":"Point","coordinates":[-74.138054,4.616831]},"properties":{"id":"osm:n5240254453","type":"pharmacy","name":"Rx Panoramico","source":"osm","osmId":"node/5240254453"}},{"type":"Feature","geometry":{"type":"Point","coordinates":[-74.118752,4.620851]},"properties":{"id":"osm:n5241252962","type":"pharmacy","name":"Cafam Droguería","source":"osm","osmId":"node/5241252962"}},{"type":"Feature","geometry":{"type":"Point","coordinates":[-74.120978,4.61825]},"properties":{"id":"osm:n5241269946","type":"pharmacy","name":"Droguería Presalud","source":"osm","osmId":"node/5241269946"}},{"type":"Feature","geometry":{"type":"Point","coordinates":[-74.114102,4.622939]},"properties":{"id":"osm:n5241281783","type":"pharmacy","name":"Drogueria Farmasam","source":"osm","osmId":"node/5241281783"}},{"type":"Feature","geometry":{"type":"Point","coordinates":[-74.113358,4.608662]},"properties":{"id":"osm:n5241460453","type":"pharmacy","name":"Droxi","source":"osm","osmId":"node/5241460453"}},{"type":"Feature","geometry":{"type":"Point","coordinates":[-74.112939,4.610368]},"properties":{"id":"osm:n5241460459","type":"pharmacy","name":"Vive Colombia","source":"osm","osmId":"node/5241460459"}},{"type":"Feature","geometry":{"type":"Point","coordinates":[-74.114122,4.611475]},"properties":{"id":"osm:n5241525346","type":"pharmacy","name":"Farias","source":"osm","osmId":"node/5241525346"}},{"type":"Feature","geometry":{"type":"Point","coordinates":[-74.118989,4.620578]},"properties":{"id":"osm:n5241592782","type":"pharmacy","name":"Droguería","source":"osm","osmId":"node/5241592782"}},{"type":"Feature","geometry":{"type":"Point","coordinates":[-74.142006,4.590476]},"properties":{"id":"osm:n5241614297","type":"pharmacy","name":"Farmadrogas la Botica","source":"osm","osmId":"node/5241614297"}},{"type":"Feature","geometry":{"type":"Point","coordinates":[-74.108191,4.619973]},"properties":{"id":"osm:n5241635475","type":"pharmacy","name":"Drogas Nerrera","source":"osm","osmId":"node/5241635475"}},{"type":"Feature","geometry":{"type":"Point","coordinates":[-74.112053,4.602854]},"properties":{"id":"osm:n5241636915","type":"pharmacy","name":"Drogueria Comunal","source":"osm","osmId":"node/5241636915"}},{"type":"Feature","geometry":{"type":"Point","coordinates":[-74.141102,4.594869]},"properties":{"id":"osm:n5241651633","type":"pharmacy","name":"Hiperdroguería","source":"osm","osmId":"node/5241651633","operator":"Nissi"}},{"type":"Feature","geometry":{"type":"Point","coordinates":[-74.110171,4.608566]},"properties":{"id":"osm:n5241706202","type":"pharmacy","name":"Droxi","source":"osm","osmId":"node/5241706202"}},{"type":"Feature","geometry":{"type":"Point","coordinates":[-74.110925,4.607636]},"properties":{"id":"osm:n5241706207","type":"pharmacy","name":"Ferretodo","source":"osm","osmId":"node/5241706207"}},{"type":"Feature","geometry":{"type":"Point","coordinates":[-74.114557,4.619435]},"properties":{"id":"osm:n5241729177","type":"pharmacy","name":"Droguería","source":"osm","osmId":"node/5241729177","operator":"Bonsanar"}},{"type":"Feature","geometry":{"type":"Point","coordinates":[-74.123294,4.594154]},"properties":{"id":"osm:n5241748295","type":"pharmacy","name":"Pharma Express de la 38","source":"osm","osmId":"node/5241748295"}},{"type":"Feature","geometry":{"type":"Point","coordinates":[-74.114941,4.618769]},"properties":{"id":"osm:n5241789964","type":"pharmacy","name":"Drogueria","source":"osm","osmId":"node/5241789964"}},{"type":"Feature","geometry":{"type":"Point","coordinates":[-74.11744,4.621036]},"properties":{"id":"osm:n5241789984","type":"pharmacy","name":"Droguería Modelia HR","source":"osm","osmId":"node/5241789984"}},{"type":"Feature","geometry":{"type":"Point","coordinates":[-74.165531,4.638074]},"properties":{"id":"osm:n5241832361","type":"pharmacy","name":"Drogueria","source":"osm","osmId":"node/5241832361"}},{"type":"Feature","geometry":{"type":"Point","coordinates":[-74.112555,4.601453]},"properties":{"id":"osm:n5241864916","type":"pharmacy","name":"Hiperfarma Brand","source":"osm","osmId":"node/5241864916"}},{"type":"Feature","geometry":{"type":"Point","coordinates":[-74.113495,4.602166]},"properties":{"id":"osm:n5241865526","type":"pharmacy","name":"Droguería J Jireh","source":"osm","osmId":"node/5241865526"}},{"type":"Feature","geometry":{"type":"Point","coordinates":[-74.166648,4.639184]},"properties":{"id":"osm:n5241931221","type":"pharmacy","name":"Drogueria Farmasalud de la 38","source":"osm","osmId":"node/5241931221"}},{"type":"Feature","geometry":{"type":"Point","coordinates":[-74.119962,4.617838]},"properties":{"id":"osm:n5242880236","type":"health","name":"Consultoria medico","source":"osm","osmId":"node/5242880236","operator":"Dr. Hermes Triana H."}},{"type":"Feature","geometry":{"type":"Point","coordinates":[-74.120632,4.618412]},"properties":{"id":"osm:n5242880243","type":"pharmacy","name":"La Rebaja","source":"osm","osmId":"node/5242880243"}},{"type":"Feature","geometry":{"type":"Point","coordinates":[-74.122276,4.620082]},"properties":{"id":"osm:n5242880254","type":"pharmacy","name":"Farmacenter","source":"osm","osmId":"node/5242880254"}},{"type":"Feature","geometry":{"type":"Point","coordinates":[-74.121958,4.62046]},"properties":{"id":"osm:n5242880266","type":"pharmacy","name":"Nova Farma","source":"osm","osmId":"node/5242880266"}},{"type":"Feature","geometry":{"type":"Point","coordinates":[-74.127504,4.605516]},"properties":{"id":"osm:n5243032267","type":"library","name":"La Casa Estudiantil","source":"osm","osmId":"node/5243032267"}},{"type":"Feature","geometry":{"type":"Point","coordinates":[-74.128169,4.604864]},"properties":{"id":"osm:n5243032278","type":"pharmacy","name":"Droguerias Comunal","source":"osm","osmId":"node/5243032278"}},{"type":"Feature","geometry":{"type":"Point","coordinates":[-74.13,4.603105]},"properties":{"id":"osm:n5243032304","type":"pharmacy","name":"Drogas Yamile","source":"osm","osmId":"node/5243032304"}},{"type":"Feature","geometry":{"type":"Point","coordinates":[-74.128811,4.601509]},"properties":{"id":"osm:n5243032320","type":"pharmacy","name":"Droguería Punto Páez","source":"osm","osmId":"node/5243032320"}},{"type":"Feature","geometry":{"type":"Point","coordinates":[-74.164049,4.635777]},"properties":{"id":"osm:n5243083401","type":"pharmacy","name":"Sfarma","source":"osm","osmId":"node/5243083401"}},{"type":"Feature","geometry":{"type":"Point","coordinates":[-74.16356,4.636019]},"properties":{"id":"osm:n5243083406","type":"pharmacy","name":"Maxi Económica","source":"osm","osmId":"node/5243083406"}},{"type":"Feature","geometry":{"type":"Point","coordinates":[-74.162113,4.637402]},"properties":{"id":"osm:n5243083413","type":"pharmacy","name":"Famigal","source":"osm","osmId":"node/5243083413"}},{"type":"Feature","geometry":{"type":"Point","coordinates":[-74.161361,4.637719]},"properties":{"id":"osm:n5243083418","type":"pharmacy","name":"Pharma Angel","source":"osm","osmId":"node/5243083418"}},{"type":"Feature","geometry":{"type":"Point","coordinates":[-74.128247,4.604505]},"properties":{"id":"osm:n5243085117","type":"pharmacy","name":"La Rebaja Drogueria","source":"osm","osmId":"node/5243085117"}},{"type":"Feature","geometry":{"type":"Point","coordinates":[-74.129446,4.603348]},"properties":{"id":"osm:n5243087426","type":"pharmacy","name":"Drogueria Hiperpharama YG Express","source":"osm","osmId":"node/5243087426"}},{"type":"Feature","geometry":{"type":"Point","coordinates":[-74.131429,4.604276]},"properties":{"id":"osm:n5243154838","type":"pharmacy","name":"Drogueria Y Mini Market M.A.M.","source":"osm","osmId":"node/5243154838"}},{"type":"Feature","geometry":{"type":"Point","coordinates":[-74.131517,4.604371]},"properties":{"id":"osm:n5243315976","type":"pharmacy","name":"Unisanas","source":"osm","osmId":"node/5243315976"}},{"type":"Feature","geometry":{"type":"Point","coordinates":[-74.135404,4.609539]},"properties":{"id":"osm:n5243439971","type":"pharmacy","name":"Farmacia La 58","source":"osm","osmId":"node/5243439971"}},{"type":"Feature","geometry":{"type":"Point","coordinates":[-74.136236,4.603737]},"properties":{"id":"osm:n5243440148","type":"pharmacy","name":"Pharmacia Comedor","source":"osm","osmId":"node/5243440148"}},{"type":"Feature","geometry":{"type":"Point","coordinates":[-74.136355,4.603603]},"properties":{"id":"osm:n5243440153","type":"pharmacy","name":"Farmacia Los Alpinos","source":"osm","osmId":"node/5243440153"}},{"type":"Feature","geometry":{"type":"Point","coordinates":[-74.142107,4.597182]},"properties":{"id":"osm:n5243467116","type":"pharmacy","name":"Farmacenter","source":"osm","osmId":"node/5243467116"}},{"type":"Feature","geometry":{"type":"Point","coordinates":[-74.135636,4.604374]},"properties":{"id":"osm:n5243501005","type":"pharmacy","name":"Farmacia Comunal","source":"osm","osmId":"node/5243501005"}},{"type":"Feature","geometry":{"type":"Point","coordinates":[-74.09187,4.610604]},"properties":{"id":"osm:n5244485121","type":"atm","name":"Dpi diseño","source":"osm","osmId":"node/5244485121","operator":"Dpi diseño","openingHours":"24/7"}},{"type":"Feature","geometry":{"type":"Point","coordinates":[-74.108732,4.669904]},"properties":{"id":"osm:n5244485122","type":"atm","source":"osm","osmId":"node/5244485122","openingHours":"Mo-Fr 00:00-24:00"}},{"type":"Feature","geometry":{"type":"Point","coordinates":[-74.13567,4.586739]},"properties":{"id":"osm:n5250561816","type":"pharmacy","name":"Farmacura","source":"osm","osmId":"node/5250561816"}},{"type":"Feature","geometry":{"type":"Point","coordinates":[-74.136354,4.605359]},"properties":{"id":"osm:n5250621972","type":"pharmacy","name":"Drogas Provipharama","source":"osm","osmId":"node/5250621972"}},{"type":"Feature","geometry":{"type":"Point","coordinates":[-74.137595,4.607712]},"properties":{"id":"osm:n5250635587","type":"pharmacy","name":"Droguería ABM","source":"osm","osmId":"node/5250635587"}},{"type":"Feature","geometry":{"type":"Point","coordinates":[-74.151079,4.626766]},"properties":{"id":"osm:n5250764221","type":"health","name":"Oral Med","source":"osm","osmId":"node/5250764221"}},{"type":"Feature","geometry":{"type":"Point","coordinates":[-74.152343,4.649985]},"properties":{"id":"osm:n5250892023","type":"pharmacy","name":"Drougueria Copisalud","source":"osm","osmId":"node/5250892023"}},{"type":"Feature","geometry":{"type":"Point","coordinates":[-74.152092,4.625239]},"properties":{"id":"osm:n5250907075","type":"pharmacy","name":"Olimpica Supertienda Drogueria","source":"osm","osmId":"node/5250907075"}},{"type":"Feature","geometry":{"type":"Point","coordinates":[-74.165675,4.636401]},"properties":{"id":"osm:n5251002500","type":"pharmacy","name":"Droguería Espifarma","source":"osm","osmId":"node/5251002500"}},{"type":"Feature","geometry":{"type":"Point","coordinates":[-74.166623,4.637695]},"properties":{"id":"osm:n5251002506","type":"pharmacy","name":"Drogueria Hipersalud","source":"osm","osmId":"node/5251002506"}},{"type":"Feature","geometry":{"type":"Point","coordinates":[-74.167252,4.638487]},"properties":{"id":"osm:n5251002507","type":"pharmacy","name":"Farma Ya","source":"osm","osmId":"node/5251002507"}},{"type":"Feature","geometry":{"type":"Point","coordinates":[-74.162344,4.634817]},"properties":{"id":"osm:n5251036309","type":"health","name":"Medicas","source":"osm","osmId":"node/5251036309"}},{"type":"Feature","geometry":{"type":"Point","coordinates":[-74.141918,4.650995]},"properties":{"id":"osm:n5251054605","type":"pharmacy","name":"Drogueria Eliut","source":"osm","osmId":"node/5251054605"}},{"type":"Feature","geometry":{"type":"Point","coordinates":[-74.148052,4.645021]},"properties":{"id":"osm:n5251076255","type":"pharmacy","name":"Farmacenter","source":"osm","osmId":"node/5251076255"}},{"type":"Feature","geometry":{"type":"Point","coordinates":[-74.157821,4.63694]},"properties":{"id":"osm:n5251097334","type":"pharmacy","name":"Drogueria Bios","source":"osm","osmId":"node/5251097334"}},{"type":"Feature","geometry":{"type":"Point","coordinates":[-74.157676,4.637925]},"properties":{"id":"osm:n5251112883","type":"pharmacy","name":"Hiperdroguerias","source":"osm","osmId":"node/5251112883"}},{"type":"Feature","geometry":{"type":"Point","coordinates":[-74.156964,4.63706]},"properties":{"id":"osm:n5251184560","type":"pharmacy","source":"osm","osmId":"node/5251184560"}},{"type":"Feature","geometry":{"type":"Point","coordinates":[-74.157516,4.636626]},"properties":{"id":"osm:n5251184581","type":"pharmacy","name":"Drogueria Marilly","source":"osm","osmId":"node/5251184581"}},{"type":"Feature","geometry":{"type":"Point","coordinates":[-74.145539,4.640418]},"properties":{"id":"osm:n5251233441","type":"pharmacy","name":"Drogueriía Farma Plus","source":"osm","osmId":"node/5251233441"}},{"type":"Feature","geometry":{"type":"Point","coordinates":[-74.112054,4.602169]},"properties":{"id":"osm:n5251234089","type":"pharmacy","name":"My Farmacia","source":"osm","osmId":"node/5251234089"}},{"type":"Feature","geometry":{"type":"Point","coordinates":[-74.139654,4.653029]},"properties":{"id":"osm:n5251248051","type":"pharmacy","name":"Pharma Home's","source":"osm","osmId":"node/5251248051"}},{"type":"Feature","geometry":{"type":"Point","coordinates":[-74.163926,4.639052]},"properties":{"id":"osm:n5251289621","type":"pharmacy","name":"Farmaservir","source":"osm","osmId":"node/5251289621"}},{"type":"Feature","geometry":{"type":"Point","coordinates":[-74.164373,4.638725]},"properties":{"id":"osm:n5251289622","type":"pharmacy","name":"Farmasanos","source":"osm","osmId":"node/5251289622"}},{"type":"Feature","geometry":{"type":"Point","coordinates":[-74.137873,4.587683]},"properties":{"id":"osm:n5252243524","type":"pharmacy","name":"Condor","source":"osm","osmId":"node/5252243524"}},{"type":"Feature","geometry":{"type":"Point","coordinates":[-74.138217,4.609533]},"properties":{"id":"osm:n5252831529","type":"health","name":"Video Office Medi Call","source":"osm","osmId":"node/5252831529"}},{"type":"Feature","geometry":{"type":"Point","coordinates":[-74.13781,4.612691]},"properties":{"id":"osm:n5252831539","type":"pharmacy","name":"Farmacenter","source":"osm","osmId":"node/5252831539"}},{"type":"Feature","geometry":{"type":"Point","coordinates":[-74.054685,4.666678]},"properties":{"id":"osm:n5253033621","type":"atm","name":"Bershka","source":"osm","osmId":"node/5253033621","operator":"Bershka","openingHours":"24/7"}},{"type":"Feature","geometry":{"type":"Point","coordinates":[-74.161962,4.638925]},"properties":{"id":"osm:n5253792001","type":"pharmacy","name":"Drogueria Gran Rebaja","source":"osm","osmId":"node/5253792001"}},{"type":"Feature","geometry":{"type":"Point","coordinates":[-74.161435,4.638445]},"properties":{"id":"osm:n5253792006","type":"pharmacy","name":"Super Economica","source":"osm","osmId":"node/5253792006"}},{"type":"Feature","geometry":{"type":"Point","coordinates":[-74.058588,4.753714]},"properties":{"id":"osm:n5258537878","type":"atm","name":"Bancolombia","source":"osm","osmId":"node/5258537878","operator":"Bancolombia"}},{"type":"Feature","geometry":{"type":"Point","coordinates":[-74.20629,4.586241]},"properties":{"id":"osm:n5294424275","type":"bike_parking","name":"TransMilenio","source":"osm","osmId":"node/5294424275","operator":"TransMilenio","capacity":"1449","fee":"no","covered":"yes"}},{"type":"Feature","geometry":{"type":"Point","coordinates":[-74.167638,4.597015]},"properties":{"id":"osm:n5294424280","type":"toilets","source":"osm","osmId":"node/5294424280","fee":"yes"}},{"type":"Feature","geometry":{"type":"Point","coordinates":[-74.050648,4.692124]},"properties":{"id":"osm:n5312873822","type":"atm","source":"osm","osmId":"node/5312873822"}},{"type":"Feature","geometry":{"type":"Point","coordinates":[-74.02902,4.734212]},"properties":{"id":"osm:n5320431171","type":"health","name":"Cancha Microfutbol Altablanca","source":"osm","osmId":"node/5320431171"}},{"type":"Feature","geometry":{"type":"Point","coordinates":[-74.214614,4.60834]},"properties":{"id":"osm:n5324678965","type":"pharmacy","name":"Farmacia Ciudad Verde","source":"osm","osmId":"node/5324678965"}},{"type":"Feature","geometry":{"type":"Point","coordinates":[-74.364186,4.587022]},"properties":{"id":"osm:n5328039622","type":"atm","source":"osm","osmId":"node/5328039622"}},{"type":"Feature","geometry":{"type":"Point","coordinates":[-74.169065,4.596512]},"properties":{"id":"osm:n5346242940","type":"bike_parking","name":"Cicloparqueadero Portal Sur - JFK Coop. Financ.","source":"osm","osmId":"node/5346242940","operator":"TransMilenio","capacity":"961","fee":"no","covered":"yes"}},{"type":"Feature","geometry":{"type":"Point","coordinates":[-74.124879,4.743472]},"properties":{"id":"osm:n5346963822","type":"library","name":"Asociación Il Nido del Gufo: Biblioteca , Ludoteca y Centro Cultural.","source":"osm","osmId":"node/5346963822","openingHours":"Mo-Su 08:00-18:00"}},{"type":"Feature","geometry":{"type":"Point","coordinates":[-74.109036,4.686242]},"properties":{"id":"osm:n5357245621","type":"pharmacy","name":"Canal medica","source":"osm","osmId":"node/5357245621"}},{"type":"Feature","geometry":{"type":"Point","coordinates":[-73.899764,4.501932]},"properties":{"id":"osm:n5358010411","type":"health","name":"Centro de Salud","source":"osm","osmId":"node/5358010411"}},{"type":"Feature","geometry":{"type":"Point","coordinates":[-74.213489,4.580991]},"properties":{"id":"osm:n5362071725","type":"health","name":"Servir Salud Ltda","source":"osm","osmId":"node/5362071725","openingHours":"Mo-Fr 07:00-17:00; Sa 08:00-12:00"}},{"type":"Feature","geometry":{"type":"Point","coordinates":[-74.071562,4.698648]},"properties":{"id":"osm:n5364323335","type":"health","name":"Electrofisiatría SAS","source":"osm","osmId":"node/5364323335"}},{"type":"Feature","geometry":{"type":"Point","coordinates":[-74.089983,4.603318]},"properties":{"id":"osm:n5366048421","type":"health","name":"odontoarcangel","source":"osm","osmId":"node/5366048421"}},{"type":"Feature","geometry":{"type":"Point","coordinates":[-74.093528,4.749596]},"properties":{"id":"osm:n5378334895","type":"health","name":"Ortodocistas Asociados","source":"osm","osmId":"node/5378334895"}},{"type":"Feature","geometry":{"type":"Point","coordinates":[-74.08378,4.74003]},"properties":{"id":"osm:n5400448165","type":"health","name":"Compensar","source":"osm","osmId":"node/5400448165"}},{"type":"Feature","geometry":{"type":"Point","coordinates":[-74.085063,4.669531]},"properties":{"id":"osm:n5414755138","type":"pharmacy","source":"osm","osmId":"node/5414755138"}},{"type":"Feature","geometry":{"type":"Point","coordinates":[-74.064298,4.636193]},"properties":{"id":"osm:n5415364107","type":"pharmacy","name":"Drogueria Colsubsidio Marly","source":"osm","osmId":"node/5415364107"}},{"type":"Feature","geometry":{"type":"Point","coordinates":[-74.063628,4.635078]},"properties":{"id":"osm:n5415364108","type":"health","name":"Saludvida EPS","source":"osm","osmId":"node/5415364108"}},{"type":"Feature","geometry":{"type":"Point","coordinates":[-74.063845,4.631502]},"properties":{"id":"osm:n5415364112","type":"pharmacy","name":"Drogueria Colsubsidio","source":"osm","osmId":"node/5415364112","openingHours":"08:00-20:45"}},{"type":"Feature","geometry":{"type":"Point","coordinates":[-74.046643,4.719117]},"properties":{"id":"osm:n5443310922","type":"bike_parking","source":"osm","osmId":"node/5443310922"}},{"type":"Feature","geometry":{"type":"Point","coordinates":[-74.047599,4.686249]},"properties":{"id":"osm:n5483005021","type":"pharmacy","name":"Locatel","source":"osm","osmId":"node/5483005021"}},{"type":"Feature","geometry":{"type":"Point","coordinates":[-74.044313,4.69291]},"properties":{"id":"osm:n5483012522","type":"pharmacy","name":"Droguería Alemana","source":"osm","osmId":"node/5483012522"}},{"type":"Feature","geometry":{"type":"Point","coordinates":[-74.042774,4.697835]},"properties":{"id":"osm:n5483052721","type":"pharmacy","name":"Cruz Verde","source":"osm","osmId":"node/5483052721"}},{"type":"Feature","geometry":{"type":"Point","coordinates":[-74.078492,4.618428]},"properties":{"id":"osm:n5492369422","type":"police","name":"CAI Samper Mendoza","source":"osm","osmId":"node/5492369422"}},{"type":"Feature","geometry":{"type":"Point","coordinates":[-74.074768,4.599427]},"properties":{"id":"osm:n5494780323","type":"atm","source":"osm","osmId":"node/5494780323"}},{"type":"Feature","geometry":{"type":"Point","coordinates":[-74.089907,4.698213]},"properties":{"id":"osm:n5495053499","type":"health","name":"Centro de Salud","source":"osm","osmId":"node/5495053499"}},{"type":"Feature","geometry":{"type":"Point","coordinates":[-74.090041,4.696905]},"properties":{"id":"osm:n5495209171","type":"bike_parking","source":"osm","osmId":"node/5495209171"}},{"type":"Feature","geometry":{"type":"Point","coordinates":[-74.090062,4.697631]},"properties":{"id":"osm:n5495209174","type":"bike_parking","source":"osm","osmId":"node/5495209174"}},{"type":"Feature","geometry":{"type":"Point","coordinates":[-74.076914,4.622906]},"properties":{"id":"osm:n5540623487","type":"health","name":"Cirugía Cardiovascular Cardiología Hemodinámia","source":"osm","osmId":"node/5540623487"}},{"type":"Feature","geometry":{"type":"Point","coordinates":[-74.077332,4.623073]},"properties":{"id":"osm:n5540645230","type":"atm","name":"Banco Caja Social","source":"osm","osmId":"node/5540645230","operator":"Banco Caja Social"}},{"type":"Feature","geometry":{"type":"Point","coordinates":[-74.077348,4.6231]},"properties":{"id":"osm:n5540645231","type":"atm","name":"Servibanca","source":"osm","osmId":"node/5540645231","operator":"Servibanca"}},{"type":"Feature","geometry":{"type":"Point","coordinates":[-74.035398,4.68759]},"properties":{"id":"osm:n5545407271","type":"pharmacy","source":"osm","osmId":"node/5545407271"}},{"type":"Feature","geometry":{"type":"Point","coordinates":[-74.106232,4.733367]},"properties":{"id":"osm:n5562896532","type":"pharmacy","name":"Cruz Verde","source":"osm","osmId":"node/5562896532","openingHours":"Mo-Su 09:00-22:00"}},{"type":"Feature","geometry":{"type":"Point","coordinates":[-74.216636,4.607525]},"properties":{"id":"osm:n5569868084","type":"library","name":"Minibiblioteca 1","source":"osm","osmId":"node/5569868084"}},{"type":"Feature","geometry":{"type":"Point","coordinates":[-74.073529,4.597295]},"properties":{"id":"osm:n5594699521","type":"pharmacy","name":"Homeopatica Santa Rita","source":"osm","osmId":"node/5594699521"}},{"type":"Feature","geometry":{"type":"Point","coordinates":[-74.06517,4.602974]},"properties":{"id":"osm:n5614244128","type":"bike_parking","source":"osm","osmId":"node/5614244128","covered":"yes"}},{"type":"Feature","geometry":{"type":"Point","coordinates":[-74.077692,4.619631]},"properties":{"id":"osm:n5614244130","type":"toilets","source":"osm","osmId":"node/5614244130"}},{"type":"Feature","geometry":{"type":"Point","coordinates":[-74.077701,4.618983]},"properties":{"id":"osm:n5614244131","type":"bike_parking","source":"osm","osmId":"node/5614244131"}},{"type":"Feature","geometry":{"type":"Point","coordinates":[-74.05746,4.609611]},"properties":{"id":"osm:n5614244321","type":"toilets","source":"osm","osmId":"node/5614244321"}},{"type":"Feature","geometry":{"type":"Point","coordinates":[-74.076859,4.620239]},"properties":{"id":"osm:n5614245121","type":"bike_parking","source":"osm","osmId":"node/5614245121"}},{"type":"Feature","geometry":{"type":"Point","coordinates":[-74.101162,4.600616]},"properties":{"id":"osm:n5623023632","type":"bike_parking","source":"osm","osmId":"node/5623023632"}},{"type":"Feature","geometry":{"type":"Point","coordinates":[-74.08461,4.634228]},"properties":{"id":"osm:n5631065944","type":"bike_parking","source":"osm","osmId":"node/5631065944","capacity":"8","covered":"no"}},{"type":"Feature","geometry":{"type":"Point","coordinates":[-74.05936,4.667154]},"properties":{"id":"osm:n5631380221","type":"health","name":"Colmedicos","source":"osm","osmId":"node/5631380221","openingHours":"Mo-Fr 06:00-18:00"}},{"type":"Feature","geometry":{"type":"Point","coordinates":[-74.079691,4.662926]},"properties":{"id":"osm:n5631380222","type":"pharmacy","name":"Droguería cafam Barrios unidos","source":"osm","osmId":"node/5631380222"}},{"type":"Feature","geometry":{"type":"Point","coordinates":[-74.035742,4.71405]},"properties":{"id":"osm:n5631380521","type":"pharmacy","name":"Drogeria cafam Lisboa","source":"osm","osmId":"node/5631380521","openingHours":"Mo-Sa 08:00-18:00"}},{"type":"Feature","geometry":{"type":"Point","coordinates":[-74.031569,4.696115]},"properties":{"id":"osm:n5631380522","type":"pharmacy","name":"Droguería Cafam","source":"osm","osmId":"node/5631380522"}},{"type":"Feature","geometry":{"type":"Point","coordinates":[-74.04194,4.698892]},"properties":{"id":"osm:n5631387624","type":"pharmacy","name":"Droguería Cafam","source":"osm","osmId":"node/5631387624"}},{"type":"Feature","geometry":{"type":"Point","coordinates":[-74.073211,4.711671]},"properties":{"id":"osm:n5631387625","type":"pharmacy","name":"Droguería cafam niza","source":"osm","osmId":"node/5631387625"}},{"type":"Feature","geometry":{"type":"Point","coordinates":[-74.059982,4.687219]},"properties":{"id":"osm:n5631409322","type":"pharmacy","name":"Droguería Cafam Castellana","source":"osm","osmId":"node/5631409322"}},{"type":"Feature","geometry":{"type":"Point","coordinates":[-74.062899,4.691469]},"properties":{"id":"osm:n5631428621","type":"pharmacy","name":"Droguería cafam pasadena","source":"osm","osmId":"node/5631428621"}},{"type":"Feature","geometry":{"type":"Point","coordinates":[-74.057067,4.698674]},"properties":{"id":"osm:n5631429321","type":"pharmacy","name":"Droguería cafam Alhambra","source":"osm","osmId":"node/5631429321"}},{"type":"Feature","geometry":{"type":"Point","coordinates":[-74.056682,4.700107]},"properties":{"id":"osm:n5631431121","type":"pharmacy","name":"Cafam Bodega Lago","source":"osm","osmId":"node/5631431121"}},{"type":"Feature","geometry":{"type":"Point","coordinates":[-74.054146,4.702497]},"properties":{"id":"osm:n5647726021","type":"health","source":"osm","osmId":"node/5647726021"}},{"type":"Feature","geometry":{"type":"Point","coordinates":[-74.067933,4.729083]},"properties":{"id":"osm:n5648284921","type":"health","name":"Bienestar I.P.S. Centro Médico Sede Colina","source":"osm","osmId":"node/5648284921"}},{"type":"Feature","geometry":{"type":"Point","coordinates":[-74.155586,4.59675]},"properties":{"id":"osm:n5673530284","type":"atm","name":"A Toda Hora S.A. (Red Aval)","source":"osm","osmId":"node/5673530284","operator":"A Toda Hora S.A. (Red Aval)","fee":"Banco Popular"}},{"type":"Feature","geometry":{"type":"Point","coordinates":[-74.071525,4.600626]},"properties":{"id":"osm:n5726938021","type":"police","source":"osm","osmId":"node/5726938021"}},{"type":"Feature","geometry":{"type":"Point","coordinates":[-74.059321,4.651837]},"properties":{"id":"osm:n5796751153","type":"atm","name":"Cámara de comercio","source":"osm","osmId":"node/5796751153","operator":"Cámara de comercio"}},{"type":"Feature","geometry":{"type":"Point","coordinates":[-74.019663,4.669292]},"properties":{"id":"osm:n5821315053","type":"health","source":"osm","osmId":"node/5821315053"}},{"type":"Feature","geometry":{"type":"Point","coordinates":[-74.077876,4.642315]},"properties":{"id":"osm:n5828484486","type":"pharmacy","name":"Droguería Americana","source":"osm","osmId":"node/5828484486","operator":"Farmaunión"}},{"type":"Feature","geometry":{"type":"Point","coordinates":[-74.069254,4.632934]},"properties":{"id":"osm:n5828496302","type":"pharmacy","name":"Druguería Regente","source":"osm","osmId":"node/5828496302"}},{"type":"Feature","geometry":{"type":"Point","coordinates":[-74.083963,4.623307]},"properties":{"id":"osm:n5837257261","type":"atm","name":"Autoservicios Bancolombia","source":"osm","osmId":"node/5837257261","operator":"Bancolombia"}},{"type":"Feature","geometry":{"type":"Point","coordinates":[-74.066028,4.62421]},"properties":{"id":"osm:n5866573104","type":"bike_parking","source":"osm","osmId":"node/5866573104","covered":"no"}},{"type":"Feature","geometry":{"type":"Point","coordinates":[-74.065982,4.62441]},"properties":{"id":"osm:n5866573105","type":"bike_parking","source":"osm","osmId":"node/5866573105","capacity":"6","covered":"no"}},{"type":"Feature","geometry":{"type":"Point","coordinates":[-74.065954,4.624186]},"properties":{"id":"osm:n5866594577","type":"bike_parking","source":"osm","osmId":"node/5866594577","capacity":"5","covered":"no"}},{"type":"Feature","geometry":{"type":"Point","coordinates":[-74.049548,4.694593]},"properties":{"id":"osm:n5895264943","type":"atm","name":"ATH A Toda Hora","source":"osm","osmId":"node/5895264943","operator":"ATH A Toda Hora"}},{"type":"Feature","geometry":{"type":"Point","coordinates":[-74.055637,4.604611]},"properties":{"id":"osm:n5901971698","type":"toilets","source":"osm","osmId":"node/5901971698"}},{"type":"Feature","geometry":{"type":"Point","coordinates":[-74.130184,4.572486]},"properties":{"id":"osm:n5921780496","type":"library","name":"Distrito Gráfico","source":"osm","osmId":"node/5921780496"}},{"type":"Feature","geometry":{"type":"Point","coordinates":[-74.130007,4.571646]},"properties":{"id":"osm:n5921780541","type":"library","name":"Sala infantil","source":"osm","osmId":"node/5921780541"}},{"type":"Feature","geometry":{"type":"Point","coordinates":[-74.134994,4.61984]},"properties":{"id":"osm:n5923277564","type":"pharmacy","name":"Cruz Verde","source":"osm","osmId":"node/5923277564","operator":"Cruz Verde","openingHours":"Mo-Fr 08:00-22:00; Sa-Su, PH 09:00-21:00"}},{"type":"Feature","geometry":{"type":"Point","coordinates":[-74.175449,4.592676]},"properties":{"id":"osm:n5938141249","type":"pharmacy","name":"Farma Gómez 1","source":"osm","osmId":"node/5938141249","operator":"Inversiones Construyendo Futuro SAS","openingHours":"Mo-Su 08:00-21:00"}},{"type":"Feature","geometry":{"type":"Point","coordinates":[-74.110764,4.718585]},"properties":{"id":"osm:n5938146503","type":"pharmacy","name":"Farma Gómez 4","source":"osm","osmId":"node/5938146503","operator":"Inversiones Construyendo Futuro SAS","openingHours":"Mo-Su 09:00-21:00"}},{"type":"Feature","geometry":{"type":"Point","coordinates":[-74.227197,4.713979]},"properties":{"id":"osm:n5938161666","type":"pharmacy","name":"Farma Gómez 3","source":"osm","osmId":"node/5938161666","operator":"Inversiones Construyendo Futuro SAS","openingHours":"Mo-Su 09:00-21:00"}},{"type":"Feature","geometry":{"type":"Point","coordinates":[-74.227819,4.715426]},"properties":{"id":"osm:n5938161667","type":"pharmacy","name":"Farma Gómez 2","source":"osm","osmId":"node/5938161667","operator":"Inversiones Construyendo Futuro","openingHours":"Mo-Su 09:00-21:00"}},{"type":"Feature","geometry":{"type":"Point","coordinates":[-74.110301,4.672097]},"properties":{"id":"osm:n6008289208","type":"pharmacy","name":"Farmamiga","source":"osm","osmId":"node/6008289208"}},{"type":"Feature","geometry":{"type":"Point","coordinates":[-74.053459,4.674513]},"properties":{"id":"osm:n6008353185","type":"pharmacy","name":"Colsubsidio","source":"osm","osmId":"node/6008353185"}},{"type":"Feature","geometry":{"type":"Point","coordinates":[-74.043276,4.682209]},"properties":{"id":"osm:n6022720321","type":"atm","name":"Davivienda","source":"osm","osmId":"node/6022720321","operator":"Davivienda"}},{"type":"Feature","geometry":{"type":"Point","coordinates":[-74.044455,4.679047]},"properties":{"id":"osm:n6022850323","type":"pharmacy","name":"Blue Apple Pharmacy","source":"osm","osmId":"node/6022850323"}},{"type":"Feature","geometry":{"type":"Point","coordinates":[-74.058059,4.658508]},"properties":{"id":"osm:n6024890094","type":"pharmacy","name":"Farmatodo","source":"osm","osmId":"node/6024890094"}},{"type":"Feature","geometry":{"type":"Point","coordinates":[-74.064723,4.643021]},"properties":{"id":"osm:n6024928691","type":"pharmacy","name":"Farmatodo","source":"osm","osmId":"node/6024928691","openingHours":"Mo-Sa 06:00-21:00; PH,Su 08:00-21:00"}},{"type":"Feature","geometry":{"type":"Point","coordinates":[-74.071405,4.641075]},"properties":{"id":"osm:n6024928692","type":"pharmacy","name":"Farmatodo","source":"osm","osmId":"node/6024928692"}},{"type":"Feature","geometry":{"type":"Point","coordinates":[-74.071946,4.641107]},"properties":{"id":"osm:n6025186341","type":"pharmacy","name":"Mas Droguerias","source":"osm","osmId":"node/6025186341"}},{"type":"Feature","geometry":{"type":"Point","coordinates":[-74.071951,4.641085]},"properties":{"id":"osm:n6025186342","type":"health","name":"Unidad Médica Beta Salud","source":"osm","osmId":"node/6025186342"}},{"type":"Feature","geometry":{"type":"Point","coordinates":[-74.071341,4.620741]},"properties":{"id":"osm:n6026248318","type":"health","name":"Proseguir","source":"osm","osmId":"node/6026248318"}},{"type":"Feature","geometry":{"type":"Point","coordinates":[-74.074114,4.61974]},"properties":{"id":"osm:n6026248343","type":"health","name":"Vital Salud","source":"osm","osmId":"node/6026248343"}},{"type":"Feature","geometry":{"type":"Point","coordinates":[-74.082003,4.628084]},"properties":{"id":"osm:n6027701447","type":"pharmacy","name":"FamiFarma 26","source":"osm","osmId":"node/6027701447"}},{"type":"Feature","geometry":{"type":"Point","coordinates":[-74.080123,4.626458]},"properties":{"id":"osm:n6027734909","type":"health","name":"MedicalEsthetic","source":"osm","osmId":"node/6027734909"}},{"type":"Feature","geometry":{"type":"Point","coordinates":[-74.072467,4.622809]},"properties":{"id":"osm:n6032137073","type":"health","name":"Aleandes","source":"osm","osmId":"node/6032137073"}},{"type":"Feature","geometry":{"type":"Point","coordinates":[-74.073041,4.633609]},"properties":{"id":"osm:n6035016902","type":"atm","name":"Servibanca","source":"osm","osmId":"node/6035016902","operator":"Servibanca"}},{"type":"Feature","geometry":{"type":"Point","coordinates":[-74.208908,4.708831]},"properties":{"id":"osm:n6038219112","type":"pharmacy","source":"osm","osmId":"node/6038219112"}},{"type":"Feature","geometry":{"type":"Point","coordinates":[-74.205514,4.707434]},"properties":{"id":"osm:n6038219137","type":"pharmacy","name":"Droguería Compartir D","source":"osm","osmId":"node/6038219137"}},{"type":"Feature","geometry":{"type":"Point","coordinates":[-74.212243,4.715873]},"properties":{"id":"osm:n6038276143","type":"pharmacy","name":"Drogas La Economía","source":"osm","osmId":"node/6038276143","operator":"Drogas La Economía"}},{"type":"Feature","geometry":{"type":"Point","coordinates":[-74.21184,4.717827]},"properties":{"id":"osm:n6038276148","type":"pharmacy","name":"Hiperdrogueria Funza","source":"osm","osmId":"node/6038276148"}},{"type":"Feature","geometry":{"type":"Point","coordinates":[-74.210915,4.716307]},"properties":{"id":"osm:n6039241402","type":"atm","name":"Servibanca","source":"osm","osmId":"node/6039241402","operator":"Servibanca"}},{"type":"Feature","geometry":{"type":"Point","coordinates":[-74.210625,4.715788]},"properties":{"id":"osm:n6039241412","type":"pharmacy","name":"Punto Farma","source":"osm","osmId":"node/6039241412"}},{"type":"Feature","geometry":{"type":"Point","coordinates":[-74.081599,4.68847]},"properties":{"id":"osm:n6040264204","type":"pharmacy","source":"osm","osmId":"node/6040264204"}},{"type":"Feature","geometry":{"type":"Point","coordinates":[-74.091083,4.696769]},"properties":{"id":"osm:n6040292871","type":"health","name":"Unidad Médica Minuto de Dios","source":"osm","osmId":"node/6040292871"}},{"type":"Feature","geometry":{"type":"Point","coordinates":[-74.073117,4.619154]},"properties":{"id":"osm:n6042679850","type":"health","name":"CRC","source":"osm","osmId":"node/6042679850"}},{"type":"Feature","geometry":{"type":"Point","coordinates":[-74.068508,4.615866]},"properties":{"id":"osm:n6042814241","type":"bike_parking","source":"osm","osmId":"node/6042814241","covered":"no"}},{"type":"Feature","geometry":{"type":"Point","coordinates":[-74.119179,4.628051]},"properties":{"id":"osm:n6065202086","type":"health","name":"IPS Sura","source":"osm","osmId":"node/6065202086"}},{"type":"Feature","geometry":{"type":"Point","coordinates":[-74.134268,4.703831]},"properties":{"id":"osm:n6088449343","type":"atm","name":"Bancolombia Corresponsal Bancario","source":"osm","osmId":"node/6088449343","operator":"Bancolombia Corresponsal Bancario"}},{"type":"Feature","geometry":{"type":"Point","coordinates":[-74.091379,4.723946]},"properties":{"id":"osm:n6126571203","type":"pharmacy","name":"Incolpharma","source":"osm","osmId":"node/6126571203"}},{"type":"Feature","geometry":{"type":"Point","coordinates":[-74.091144,4.724555]},"properties":{"id":"osm:n6126607756","type":"pharmacy","name":"Ludifarma","source":"osm","osmId":"node/6126607756"}},{"type":"Feature","geometry":{"type":"Point","coordinates":[-74.032585,4.831131]},"properties":{"id":"osm:n6133936466","type":"atm","name":"Servibanca S.A.","source":"osm","osmId":"node/6133936466","operator":"Servibanca S.A.","fee":"Servibanca"}},{"type":"Feature","geometry":{"type":"Point","coordinates":[-74.032591,4.831103]},"properties":{"id":"osm:n6133936467","type":"atm","name":"Davivienda","source":"osm","osmId":"node/6133936467","operator":"Davivienda","fee":"Davivienda"}},{"type":"Feature","geometry":{"type":"Point","coordinates":[-74.060109,4.676666]},"properties":{"id":"osm:n6139325985","type":"health","name":"Home Salud","source":"osm","osmId":"node/6139325985"}},{"type":"Feature","geometry":{"type":"Point","coordinates":[-74.090812,4.725122]},"properties":{"id":"osm:n6150373465","type":"health","name":"Unión médica del norte","source":"osm","osmId":"node/6150373465"}},{"type":"Feature","geometry":{"type":"Point","coordinates":[-74.090826,4.725143]},"properties":{"id":"osm:n6153633897","type":"pharmacy","name":"Drogas la rebaja","source":"osm","osmId":"node/6153633897"}},{"type":"Feature","geometry":{"type":"Point","coordinates":[-74.090295,4.724879]},"properties":{"id":"osm:n6153653898","type":"pharmacy","name":"Drogueria Dicardy","source":"osm","osmId":"node/6153653898"}},{"type":"Feature","geometry":{"type":"Point","coordinates":[-74.058845,4.650043]},"properties":{"id":"osm:n6201884618","type":"pharmacy","name":"Drogería Séptima 4","source":"osm","osmId":"node/6201884618"}},{"type":"Feature","geometry":{"type":"Point","coordinates":[-74.087167,4.654284]},"properties":{"id":"osm:n6210633040","type":"pharmacy","name":"Droguerias Farma Blue","source":"osm","osmId":"node/6210633040"}},{"type":"Feature","geometry":{"type":"Point","coordinates":[-74.048054,4.677016]},"properties":{"id":"osm:n6221662886","type":"bike_parking","source":"osm","osmId":"node/6221662886","capacity":"16","covered":"no"}},{"type":"Feature","geometry":{"type":"Point","coordinates":[-74.060362,4.652245]},"properties":{"id":"osm:n6225200585","type":"pharmacy","name":"Farmacenter","source":"osm","osmId":"node/6225200585"}},{"type":"Feature","geometry":{"type":"Point","coordinates":[-74.058649,4.711533]},"properties":{"id":"osm:n6227878571","type":"atm","name":"Sevibanca","source":"osm","osmId":"node/6227878571","operator":"Sevibanca"}},{"type":"Feature","geometry":{"type":"Point","coordinates":[-74.058907,4.710612]},"properties":{"id":"osm:n6227878572","type":"atm","name":"BBVA","source":"osm","osmId":"node/6227878572","operator":"BBVA"}},{"type":"Feature","geometry":{"type":"Point","coordinates":[-74.059038,4.710125]},"properties":{"id":"osm:n6227878574","type":"pharmacy","name":"La Cosecha","source":"osm","osmId":"node/6227878574","wheelchair":"no","operator":"Cruz Verde","openingHours":"24/7"}},{"type":"Feature","geometry":{"type":"Point","coordinates":[-74.059132,4.742655]},"properties":{"id":"osm:n6227878577","type":"pharmacy","name":"Farma S.O.S.","source":"osm","osmId":"node/6227878577"}},{"type":"Feature","geometry":{"type":"Point","coordinates":[-74.090739,4.682451]},"properties":{"id":"osm:n6252071185","type":"atm","name":"Impresion","source":"osm","osmId":"node/6252071185","operator":"Impresion"}},{"type":"Feature","geometry":{"type":"Point","coordinates":[-74.032187,4.692569]},"properties":{"id":"osm:n6269670387","type":"atm","name":"BBVA","source":"osm","osmId":"node/6269670387","operator":"BBVA"}},{"type":"Feature","geometry":{"type":"Point","coordinates":[-74.071819,4.613099]},"properties":{"id":"osm:n6296286840","type":"bike_parking","name":"Fonade","source":"osm","osmId":"node/6296286840","operator":"Fonade"}},{"type":"Feature","geometry":{"type":"Point","coordinates":[-74.036332,4.695046]},"properties":{"id":"osm:n6296286841","type":"bike_parking","name":"Parking","source":"osm","osmId":"node/6296286841","operator":"Parking","capacity":"50","fee":"yes","covered":"yes"}},{"type":"Feature","geometry":{"type":"Point","coordinates":[-74.065902,4.634466]},"properties":{"id":"osm:n6296286842","type":"bike_parking","name":"City Parking","source":"osm","osmId":"node/6296286842","operator":"City Parking","capacity":"44","fee":"yes","covered":"yes"}},{"type":"Feature","geometry":{"type":"Point","coordinates":[-74.055514,4.655634]},"properties":{"id":"osm:n6296286843","type":"bike_parking","name":"Parking International","source":"osm","osmId":"node/6296286843","operator":"Parking International","capacity":"40","fee":"yes","covered":"yes"}},{"type":"Feature","geometry":{"type":"Point","coordinates":[-74.049441,4.704777]},"properties":{"id":"osm:n6296286844","type":"bike_parking","name":"City Parking","source":"osm","osmId":"node/6296286844","operator":"City Parking","capacity":"25","fee":"$10/min","covered":"yes"}},{"type":"Feature","geometry":{"type":"Point","coordinates":[-74.047599,4.762374]},"properties":{"id":"osm:n6296286845","type":"bike_parking","source":"osm","osmId":"node/6296286845","capacity":"600","fee":"yes","covered":"yes"}},{"type":"Feature","geometry":{"type":"Point","coordinates":[-74.093153,4.637592]},"properties":{"id":"osm:n6296389601","type":"bike_parking","name":"TransMilenio","source":"osm","osmId":"node/6296389601","operator":"TransMilenio","capacity":"48","fee":"no","covered":"yes"}},{"type":"Feature","geometry":{"type":"Point","coordinates":[-74.081279,4.594123]},"properties":{"id":"osm:n6296389602","type":"bike_parking","name":"TransMilenio","source":"osm","osmId":"node/6296389602","operator":"TransMilenio","capacity":"116","fee":"no","covered":"yes"}},{"type":"Feature","geometry":{"type":"Point","coordinates":[-74.12205,4.682661]},"properties":{"id":"osm:n6296389603","type":"bike_parking","name":"Ciclo Parqueadero Portal ElDorado - Centro Comercial Nuestro Bogotá","source":"osm","osmId":"node/6296389603","operator":"TransMilenio","capacity":"532","fee":"no","covered":"yes"}},{"type":"Feature","geometry":{"type":"Point","coordinates":[-74.134183,4.630113]},"properties":{"id":"osm:n6296389604","type":"bike_parking","name":"TransMilenio","source":"osm","osmId":"node/6296389604","operator":"TransMilenio","capacity":"32","covered":"yes"}},{"type":"Feature","geometry":{"type":"Point","coordinates":[-74.145807,4.631755]},"properties":{"id":"osm:n6296389605","type":"bike_parking","name":"Cicloparqueadero Estación Banderas 2","source":"osm","osmId":"node/6296389605","capacity":"101","covered":"yes"}},{"type":"Feature","geometry":{"type":"Point","coordinates":[-74.128624,4.593193]},"properties":{"id":"osm:n6296389606","type":"bike_parking","name":"TransMilenio","source":"osm","osmId":"node/6296389606","operator":"TransMilenio","capacity":"48","fee":"no","covered":"yes"}},{"type":"Feature","geometry":{"type":"Point","coordinates":[-74.172647,4.629013]},"properties":{"id":"osm:n6296389607","type":"bike_parking","name":"TransMilenio","source":"osm","osmId":"node/6296389607","operator":"TransMilenio","capacity":"785","fee":"no","covered":"yes"}},{"type":"Feature","geometry":{"type":"Point","coordinates":[-74.094599,4.74601]},"properties":{"id":"osm:n6296389608","type":"bike_parking","name":"Portal Suba - Cicloparqueadero","source":"osm","osmId":"node/6296389608","operator":"TransMilenio","capacity":"1360","fee":"no","covered":"yes"}},{"type":"Feature","geometry":{"type":"Point","coordinates":[-74.066155,4.631379]},"properties":{"id":"osm:n6315227615","type":"pharmacy","name":"Droguería Medicos & Asociados","source":"osm","osmId":"node/6315227615"}},{"type":"Feature","geometry":{"type":"Point","coordinates":[-74.065796,4.636824]},"properties":{"id":"osm:n6321935086","type":"pharmacy","name":"Droguería Colsubsidio","source":"osm","osmId":"node/6321935086","openingHours":"Mo-Fr 07:00-19:00; Sa 07:00-18:00; PH,Su 09:00-18:00"}},{"type":"Feature","geometry":{"type":"Point","coordinates":[-74.259628,4.490879]},"properties":{"id":"osm:n6321982476","type":"atm","name":"ATH","source":"osm","osmId":"node/6321982476","operator":"ATH"}},{"type":"Feature","geometry":{"type":"Point","coordinates":[-74.259171,4.492059]},"properties":{"id":"osm:n6321982477","type":"atm","name":"Davivienda","source":"osm","osmId":"node/6321982477","operator":"Davivienda"}},{"type":"Feature","geometry":{"type":"Point","coordinates":[-74.258901,4.49253]},"properties":{"id":"osm:n6321982478","type":"atm","name":"Bancolombia","source":"osm","osmId":"node/6321982478","operator":"Bancolombia"}},{"type":"Feature","geometry":{"type":"Point","coordinates":[-74.260372,4.490746]},"properties":{"id":"osm:n6321982487","type":"atm","name":"ATH","source":"osm","osmId":"node/6321982487","operator":"ATH"}},{"type":"Feature","geometry":{"type":"Point","coordinates":[-74.075714,4.642554]},"properties":{"id":"osm:n6322035493","type":"atm","name":"Scotiabank","source":"osm","osmId":"node/6322035493","operator":"Scotiabank"}},{"type":"Feature","geometry":{"type":"Point","coordinates":[-74.075735,4.642468]},"properties":{"id":"osm:n6322035495","type":"pharmacy","name":"Droguería CAFAM","source":"osm","osmId":"node/6322035495"}},{"type":"Feature","geometry":{"type":"Point","coordinates":[-74.125137,4.569416]},"properties":{"id":"osm:n6325122687","type":"health","name":"salud total Santa Lucía","source":"osm","osmId":"node/6325122687"}},{"type":"Feature","geometry":{"type":"Point","coordinates":[-74.145327,4.871814]},"properties":{"id":"osm:n6345474886","type":"atm","name":"Davivienda","source":"osm","osmId":"node/6345474886","operator":"Davivienda"}},{"type":"Feature","geometry":{"type":"Point","coordinates":[-74.144715,4.871714]},"properties":{"id":"osm:n6345475087","type":"atm","name":"Servibanca","source":"osm","osmId":"node/6345475087","operator":"Servibanca"}},{"type":"Feature","geometry":{"type":"Point","coordinates":[-74.144905,4.871628]},"properties":{"id":"osm:n6345475088","type":"atm","name":"Bancolombia","source":"osm","osmId":"node/6345475088","operator":"Bancolombia"}},{"type":"Feature","geometry":{"type":"Point","coordinates":[-74.106285,4.736765]},"properties":{"id":"osm:n6351076485","type":"atm","name":"AV Villas","source":"osm","osmId":"node/6351076485","operator":"AV Villas"}},{"type":"Feature","geometry":{"type":"Point","coordinates":[-74.077822,4.623481]},"properties":{"id":"osm:n6352691255","type":"health","name":"Colsubsidio Centro de Radicación","source":"osm","osmId":"node/6352691255","operator":"Colsubsidio"}},{"type":"Feature","geometry":{"type":"Point","coordinates":[-74.075951,4.625093]},"properties":{"id":"osm:n6377060254","type":"health","name":"Clinica Vascular de Bogotá","source":"osm","osmId":"node/6377060254"}},{"type":"Feature","geometry":{"type":"Point","coordinates":[-74.075005,4.624901]},"properties":{"id":"osm:n6377060261","type":"health","name":"Medicina Laboral","source":"osm","osmId":"node/6377060261"}},{"type":"Feature","geometry":{"type":"Point","coordinates":[-74.070112,4.639851]},"properties":{"id":"osm:n6387020030","type":"pharmacy","name":"Mifarma Droguerías JC","source":"osm","osmId":"node/6387020030"}},{"type":"Feature","geometry":{"type":"Point","coordinates":[-74.072767,4.68137]},"properties":{"id":"osm:n6388000283","type":"bike_parking","source":"osm","osmId":"node/6388000283"}},{"type":"Feature","geometry":{"type":"Point","coordinates":[-74.139987,4.697556]},"properties":{"id":"osm:n6389431133","type":"atm","name":"Davivienda","source":"osm","osmId":"node/6389431133","operator":"Davivienda"}},{"type":"Feature","geometry":{"type":"Point","coordinates":[-74.070247,4.616735]},"properties":{"id":"osm:n6397121111","type":"health","name":"Examen Médico para Conductor","source":"osm","osmId":"node/6397121111"}},{"type":"Feature","geometry":{"type":"Point","coordinates":[-74.055502,4.724983]},"properties":{"id":"osm:n6397281886","type":"pharmacy","name":"droguería spring","source":"osm","osmId":"node/6397281886"}},{"type":"Feature","geometry":{"type":"Point","coordinates":[-74.051947,4.722222]},"properties":{"id":"osm:n6398905085","type":"pharmacy","name":"Cruz Verde","source":"osm","osmId":"node/6398905085"}},{"type":"Feature","geometry":{"type":"Point","coordinates":[-74.064798,4.726678]},"properties":{"id":"osm:n6400894785","type":"pharmacy","name":"Cruz Verde","source":"osm","osmId":"node/6400894785"}},{"type":"Feature","geometry":{"type":"Point","coordinates":[-74.082488,4.680333]},"properties":{"id":"osm:n6403349891","type":"atm","name":"Cajeros","source":"osm","osmId":"node/6403349891"}},{"type":"Feature","geometry":{"type":"Point","coordinates":[-74.087156,4.649477]},"properties":{"id":"osm:n6408132648","type":"atm","name":"Servibanca","source":"osm","osmId":"node/6408132648"}},{"type":"Feature","geometry":{"type":"Point","coordinates":[-74.043275,4.703922]},"properties":{"id":"osm:n6412588394","type":"atm","name":"Athena Bitcoin ATM","source":"osm","osmId":"node/6412588394","operator":"Athena Bitcoin","openingHours":"24/7"}},{"type":"Feature","geometry":{"type":"Point","coordinates":[-74.049849,4.680505]},"properties":{"id":"osm:n6424558688","type":"pharmacy","name":"Farmatodo","source":"osm","osmId":"node/6424558688"}},{"type":"Feature","geometry":{"type":"Point","coordinates":[-74.074909,4.598819]},"properties":{"id":"osm:n6439846776","type":"pharmacy","source":"osm","osmId":"node/6439846776"}},{"type":"Feature","geometry":{"type":"Point","coordinates":[-74.169179,4.621064]},"properties":{"id":"osm:n6444309785","type":"police","name":"CAI Almenar","source":"osm","osmId":"node/6444309785"}},{"type":"Feature","geometry":{"type":"Point","coordinates":[-74.072469,4.602749]},"properties":{"id":"osm:n6446354285","type":"atm","name":"BBVA","source":"osm","osmId":"node/6446354285","operator":"BBVA"}},{"type":"Feature","geometry":{"type":"Point","coordinates":[-74.17533,4.618034]},"properties":{"id":"osm:n6467177486","type":"pharmacy","source":"osm","osmId":"node/6467177486"}},{"type":"Feature","geometry":{"type":"Point","coordinates":[-74.075073,4.643108]},"properties":{"id":"osm:n6481192203","type":"atm","name":"Athena Bitcoin ATM","source":"osm","osmId":"node/6481192203","operator":"Athena Bitcoin","openingHours":"Mo-Th 08:30-21:30; Fr,Sa 08:30-22:00; Su 09:30-20:00"}},{"type":"Feature","geometry":{"type":"Point","coordinates":[-74.058621,4.664493]},"properties":{"id":"osm:n6481205635","type":"atm","name":"Athena Bitcoin ATM","source":"osm","osmId":"node/6481205635","operator":"Athena Bitcoin","openingHours":"Mo-Sa 09:00-20:00; Su 10:00-17:00"}},{"type":"Feature","geometry":{"type":"Point","coordinates":[-74.070021,4.601239]},"properties":{"id":"osm:n6481224075","type":"atm","name":"Athena Bitcoin ATM","source":"osm","osmId":"node/6481224075","operator":"Athena Bitcoin","openingHours":"Mo-Sa 07:30-22:00; Su 10:00-17:00"}},{"type":"Feature","geometry":{"type":"Point","coordinates":[-74.046253,4.67741]},"properties":{"id":"osm:n6481523375","type":"atm","name":"Athena Bitcoin ATM","source":"osm","osmId":"node/6481523375","operator":"Athena Bitcoin","openingHours":"Mo-Su 07:00-23:00"}},{"type":"Feature","geometry":{"type":"Point","coordinates":[-74.140136,4.605288]},"properties":{"id":"osm:n6482654880","type":"pharmacy","name":"Economica Del Sur","source":"osm","osmId":"node/6482654880"}},{"type":"Feature","geometry":{"type":"Point","coordinates":[-74.056295,4.644059]},"properties":{"id":"osm:n6486136553","type":"bike_parking","source":"osm","osmId":"node/6486136553","covered":"yes"}},{"type":"Feature","geometry":{"type":"Point","coordinates":[-74.072848,4.626446]},"properties":{"id":"osm:n6501137717","type":"health","name":"Medicos Sin Fronteras","source":"osm","osmId":"node/6501137717"}},{"type":"Feature","geometry":{"type":"Point","coordinates":[-74.070909,4.624206]},"properties":{"id":"osm:n6512097421","type":"health","name":"Prosalud Ocupacional","source":"osm","osmId":"node/6512097421"}},{"type":"Feature","geometry":{"type":"Point","coordinates":[-74.069574,4.623378]},"properties":{"id":"osm:n6513742931","type":"health","name":"Ecografias","source":"osm","osmId":"node/6513742931"}},{"type":"Feature","geometry":{"type":"Point","coordinates":[-74.061179,4.637565]},"properties":{"id":"osm:n6518282788","type":"health","name":"Santo Tomas","source":"osm","osmId":"node/6518282788"}},{"type":"Feature","geometry":{"type":"Point","coordinates":[-74.119038,4.719724]},"properties":{"id":"osm:n6519017941","type":"atm","name":"Bancolombia","source":"osm","osmId":"node/6519017941","operator":"Bancolombia"}},{"type":"Feature","geometry":{"type":"Point","coordinates":[-74.118735,4.719728]},"properties":{"id":"osm:n6519017945","type":"atm","name":"Davivienda","source":"osm","osmId":"node/6519017945","operator":"Davivienda"}},{"type":"Feature","geometry":{"type":"Point","coordinates":[-74.07029,4.626363]},"properties":{"id":"osm:n6520199856","type":"health","source":"osm","osmId":"node/6520199856"}},{"type":"Feature","geometry":{"type":"Point","coordinates":[-74.124732,4.649677]},"properties":{"id":"osm:n6577107086","type":"atm","name":"Davivienda","source":"osm","osmId":"node/6577107086","operator":"Davivienda"}},{"type":"Feature","geometry":{"type":"Point","coordinates":[-74.125951,4.652676]},"properties":{"id":"osm:n6577107088","type":"atm","name":"Davivienda","source":"osm","osmId":"node/6577107088","operator":"Davivienda"}},{"type":"Feature","geometry":{"type":"Point","coordinates":[-74.119778,4.648366]},"properties":{"id":"osm:n6577467887","type":"atm","name":"Davivienda","source":"osm","osmId":"node/6577467887","operator":"Davivienda"}},{"type":"Feature","geometry":{"type":"Point","coordinates":[-74.049973,4.666663]},"properties":{"id":"osm:n6580143998","type":"atm","name":"Bancolombia","source":"osm","osmId":"node/6580143998","operator":"Bancolombia","covered":"yes"}},{"type":"Feature","geometry":{"type":"Point","coordinates":[-74.053399,4.667042]},"properties":{"id":"osm:n6580342617","type":"toilets","source":"osm","osmId":"node/6580342617","fee":"no"}},{"type":"Feature","geometry":{"type":"Point","coordinates":[-74.158123,4.609544]},"properties":{"id":"osm:n6634168844","type":"library","name":"Biblioteca Pública Lago Timiza","source":"osm","osmId":"node/6634168844","operator":"Biblo Red","openingHours":"Tu-Sa 08:00-17:00"}},{"type":"Feature","geometry":{"type":"Point","coordinates":[-74.109259,4.678994]},"properties":{"id":"osm:n6654042685","type":"pharmacy","name":"Droguería Villa Siloe","source":"osm","osmId":"node/6654042685"}},{"type":"Feature","geometry":{"type":"Point","coordinates":[-74.153062,4.671937]},"properties":{"id":"osm:n6655703351","type":"atm","name":"Bancolombia","source":"osm","osmId":"node/6655703351","operator":"BANCOLOMBIA"}},{"type":"Feature","geometry":{"type":"Point","coordinates":[-74.153134,4.670537]},"properties":{"id":"osm:n6655801203","type":"health","name":"Compensar EPS Fontibón","source":"osm","osmId":"node/6655801203","operator":"Compensar EPS"}},{"type":"Feature","geometry":{"type":"Point","coordinates":[-74.154032,4.672643]},"properties":{"id":"osm:n6658612785","type":"health","name":"CAPS centro de atención prioritaria de salud","source":"osm","osmId":"node/6658612785"}},{"type":"Feature","geometry":{"type":"Point","coordinates":[-74.101741,4.666598]},"properties":{"id":"osm:n6668230645","type":"library","name":"Biblioteca (Bloque G)","source":"osm","osmId":"node/6668230645"}},{"type":"Feature","geometry":{"type":"Point","coordinates":[-74.145381,4.672196]},"properties":{"id":"osm:n6677989267","type":"atm","name":"Occidente","source":"osm","osmId":"node/6677989267"}},{"type":"Feature","geometry":{"type":"Point","coordinates":[-74.132195,4.662395]},"properties":{"id":"osm:n6680372966","type":"atm","name":"Bancolombia","source":"osm","osmId":"node/6680372966","operator":"Bancolombia"}},{"type":"Feature","geometry":{"type":"Point","coordinates":[-74.136365,4.679826]},"properties":{"id":"osm:n6680683774","type":"atm","name":"Bancolombia","source":"osm","osmId":"node/6680683774","operator":"Bancolombia"}},{"type":"Feature","geometry":{"type":"Point","coordinates":[-74.134494,4.681306]},"properties":{"id":"osm:n6680686233","type":"atm","name":"Servibanca","source":"osm","osmId":"node/6680686233","operator":"Servibanca"}},{"type":"Feature","geometry":{"type":"Point","coordinates":[-74.120154,4.666639]},"properties":{"id":"osm:n6682002771","type":"atm","name":"Banco Popular","source":"osm","osmId":"node/6682002771","operator":"Banco Popular"}},{"type":"Feature","geometry":{"type":"Point","coordinates":[-74.091843,4.613635]},"properties":{"id":"osm:n6691746847","type":"bike_parking","name":"TransMilenio","source":"osm","osmId":"node/6691746847","operator":"TransMilenio","capacity":"165","fee":"no","covered":"yes"}},{"type":"Feature","geometry":{"type":"Point","coordinates":[-74.12972,4.645093]},"properties":{"id":"osm:n6694852986","type":"atm","name":"Scotiabank","source":"osm","osmId":"node/6694852986","operator":"Scotiabank"}},{"type":"Feature","geometry":{"type":"Point","coordinates":[-74.130037,4.645206]},"properties":{"id":"osm:n6694852988","type":"atm","name":"Bancolombia","source":"osm","osmId":"node/6694852988","operator":"Bancolombia","openingHours":"24/7"}},{"type":"Feature","geometry":{"type":"Point","coordinates":[-74.130098,4.645135]},"properties":{"id":"osm:n6694853388","type":"toilets","name":"gratis baño","source":"osm","osmId":"node/6694853388","operator":"gratis baño"}},{"type":"Feature","geometry":{"type":"Point","coordinates":[-74.129957,4.645172]},"properties":{"id":"osm:n6694853389","type":"atm","name":"Davivienda","source":"osm","osmId":"node/6694853389","operator":"Davivienda","openingHours":"24/7"}},{"type":"Feature","geometry":{"type":"Point","coordinates":[-74.15418,4.682094]},"properties":{"id":"osm:n6731722516","type":"atm","name":"Servibanca","source":"osm","osmId":"node/6731722516","operator":"Servibanca"}},{"type":"Feature","geometry":{"type":"Point","coordinates":[-74.121223,4.637932]},"properties":{"id":"osm:n6732147262","type":"atm","name":"Bancolombia","source":"osm","osmId":"node/6732147262"}},{"type":"Feature","geometry":{"type":"Point","coordinates":[-74.116944,4.627797]},"properties":{"id":"osm:n6732170221","type":"atm","name":"Cajero Bancolombia","source":"osm","osmId":"node/6732170221","operator":"Bancolombia"}},{"type":"Feature","geometry":{"type":"Point","coordinates":[-74.117786,4.67862]},"properties":{"id":"osm:n6734070886","type":"toilets","source":"osm","osmId":"node/6734070886"}},{"type":"Feature","geometry":{"type":"Point","coordinates":[-74.117586,4.678272]},"properties":{"id":"osm:n6734075686","type":"atm","name":"Scotiabank","source":"osm","osmId":"node/6734075686","operator":"Scotiabank"}},{"type":"Feature","geometry":{"type":"Point","coordinates":[-74.138144,4.669549]},"properties":{"id":"osm:n6773417873","type":"pharmacy","name":"F&B Droguerias","source":"osm","osmId":"node/6773417873"}},{"type":"Feature","geometry":{"type":"Point","coordinates":[-74.120189,4.644772]},"properties":{"id":"osm:n6810510882","type":"atm","name":"Banco Davivienda","source":"osm","osmId":"node/6810510882"}},{"type":"Feature","geometry":{"type":"Point","coordinates":[-74.08256,4.58379]},"properties":{"id":"osm:n6812493568","type":"pharmacy","name":"Drogueria New York","source":"osm","osmId":"node/6812493568"}},{"type":"Feature","geometry":{"type":"Point","coordinates":[-74.080578,4.589089]},"properties":{"id":"osm:n6812727545","type":"pharmacy","name":"Drogueria Super deposito","source":"osm","osmId":"node/6812727545"}},{"type":"Feature","geometry":{"type":"Point","coordinates":[-74.081042,4.588077]},"properties":{"id":"osm:n6813183791","type":"pharmacy","name":"Drogueria Antigua San Jorge","source":"osm","osmId":"node/6813183791"}},{"type":"Feature","geometry":{"type":"Point","coordinates":[-74.047651,4.676767]},"properties":{"id":"osm:n6814599448","type":"bike_parking","source":"osm","osmId":"node/6814599448","capacity":"16","covered":"no"}},{"type":"Feature","geometry":{"type":"Point","coordinates":[-74.048669,4.677565]},"properties":{"id":"osm:n6818497633","type":"pharmacy","name":"Cruz Verde","source":"osm","osmId":"node/6818497633"}},{"type":"Feature","geometry":{"type":"Point","coordinates":[-74.161367,4.615271]},"properties":{"id":"osm:n6851835432","type":"atm","name":"Servibanca","source":"osm","osmId":"node/6851835432"}},{"type":"Feature","geometry":{"type":"Point","coordinates":[-74.311025,4.614999]},"properties":{"id":"osm:n6854436335","type":"toilets","name":"Baño ecológico","source":"osm","osmId":"node/6854436335"}},{"type":"Feature","geometry":{"type":"Point","coordinates":[-74.305031,4.606434]},"properties":{"id":"osm:n6854445751","type":"toilets","source":"osm","osmId":"node/6854445751"}},{"type":"Feature","geometry":{"type":"Point","coordinates":[-74.218894,4.581695]},"properties":{"id":"osm:n6854453889","type":"atm","name":"Banco de Bogotá","source":"osm","osmId":"node/6854453889","operator":"Banco de Bogotá"}},{"type":"Feature","geometry":{"type":"Point","coordinates":[-74.106634,4.651531]},"properties":{"id":"osm:n6879003335","type":"bike_parking","source":"osm","osmId":"node/6879003335","capacity":"100","fee":"no"}},{"type":"Feature","geometry":{"type":"Point","coordinates":[-74.063056,4.62876]},"properties":{"id":"osm:n6879003336","type":"bike_parking","name":"Parqueadero P. Universidad Javeriana","source":"osm","osmId":"node/6879003336","capacity":"382","fee":"yes"}},{"type":"Feature","geometry":{"type":"Point","coordinates":[-74.071898,4.632233]},"properties":{"id":"osm:n6879003337","type":"bike_parking","name":"Aparcar A.G.","source":"osm","osmId":"node/6879003337","capacity":"40"}},{"type":"Feature","geometry":{"type":"Point","coordinates":[-74.074803,4.636146]},"properties":{"id":"osm:n6879003338","type":"bike_parking","name":"Parqueadero Palermo","source":"osm","osmId":"node/6879003338","capacity":"12","fee":"yes"}},{"type":"Feature","geometry":{"type":"Point","coordinates":[-74.075631,4.640624]},"properties":{"id":"osm:n6879003339","type":"bike_parking","name":"Los Magnificos","source":"osm","osmId":"node/6879003339","capacity":"12","fee":"yes"}},{"type":"Feature","geometry":{"type":"Point","coordinates":[-74.064175,4.641845]},"properties":{"id":"osm:n6879003340","type":"bike_parking","name":"P y T","source":"osm","osmId":"node/6879003340","capacity":"12","fee":"yes"}},{"type":"Feature","geometry":{"type":"Point","coordinates":[-74.073013,4.653825]},"properties":{"id":"osm:n6879004576","type":"bike_parking","name":"Universidad del Rosario","source":"osm","osmId":"node/6879004576","operator":"Universidad del Rosario","capacity":"200"}},{"type":"Feature","geometry":{"type":"Point","coordinates":[-74.062848,4.65074]},"properties":{"id":"osm:n6879004577","type":"bike_parking","name":"CIty Parking","source":"osm","osmId":"node/6879004577","operator":"CIty Parking","capacity":"20","fee":"yes"}},{"type":"Feature","geometry":{"type":"Point","coordinates":[-74.06028,4.649199]},"properties":{"id":"osm:n6879004578","type":"bike_parking","name":"City Parking","source":"osm","osmId":"node/6879004578","operator":"City Parking","capacity":"12","fee":"yes"}},{"type":"Feature","geometry":{"type":"Point","coordinates":[-74.058949,4.650039]},"properties":{"id":"osm:n6879004579","type":"bike_parking","name":"City Park Via 7","source":"osm","osmId":"node/6879004579","operator":"City Parking","capacity":"12","fee":"yes"}},{"type":"Feature","geometry":{"type":"Point","coordinates":[-74.060545,4.646704]},"properties":{"id":"osm:n6879088730","type":"bike_parking","name":"BodyTech","source":"osm","osmId":"node/6879088730","operator":"BodyTech","capacity":"12"}},{"type":"Feature","geometry":{"type":"Point","coordinates":[-74.061137,4.6466]},"properties":{"id":"osm:n6879088731","type":"bike_parking","name":"Idipron","source":"osm","osmId":"node/6879088731","operator":"Idipron","capacity":"24"}},{"type":"Feature","geometry":{"type":"Point","coordinates":[-74.061072,4.644795]},"properties":{"id":"osm:n6879088732","type":"bike_parking","name":"LINK","source":"osm","osmId":"node/6879088732","operator":"City Parking","capacity":"18"}},{"type":"Feature","geometry":{"type":"Point","coordinates":[-74.061566,4.643608]},"properties":{"id":"osm:n6879088733","type":"bike_parking","name":"Surtifruver","source":"osm","osmId":"node/6879088733","operator":"City Parking","capacity":"14"}},{"type":"Feature","geometry":{"type":"Point","coordinates":[-74.054104,4.64274]},"properties":{"id":"osm:n6879088734","type":"bike_parking","name":"U. Manuela Beltran","source":"osm","osmId":"node/6879088734","operator":"City Parking","capacity":"20"}},{"type":"Feature","geometry":{"type":"Point","coordinates":[-74.057335,4.654458]},"properties":{"id":"osm:n6879088735","type":"bike_parking","name":"Claustro la Enseñanza","source":"osm","osmId":"node/6879088735","operator":"Parking International","capacity":"40"}},{"type":"Feature","geometry":{"type":"Point","coordinates":[-74.059566,4.657413]},"properties":{"id":"osm:n6879088736","type":"bike_parking","name":"City Parking","source":"osm","osmId":"node/6879088736","operator":"City Parking","capacity":"14","fee":"yes"}},{"type":"Feature","geometry":{"type":"Point","coordinates":[-74.09493,4.641588]},"properties":{"id":"osm:n6879180491","type":"bike_parking","name":"Ins. Nacional de Salud","source":"osm","osmId":"node/6879180491","capacity":"45"}},{"type":"Feature","geometry":{"type":"Point","coordinates":[-74.094302,4.646594]},"properties":{"id":"osm:n6879180492","type":"bike_parking","name":"Tribunales","source":"osm","osmId":"node/6879180492","capacity":"60"}},{"type":"Feature","geometry":{"type":"Point","coordinates":[-74.099329,4.640659]},"properties":{"id":"osm:n6879215936","type":"bike_parking","name":"Tribunales","source":"osm","osmId":"node/6879215936","capacity":"93"}},{"type":"Feature","geometry":{"type":"Point","coordinates":[-74.053144,4.655908]},"properties":{"id":"osm:n6883803351","type":"pharmacy","name":"Farmatodo","source":"osm","osmId":"node/6883803351","wheelchair":"yes"}},{"type":"Feature","geometry":{"type":"Point","coordinates":[-74.054406,4.65256]},"properties":{"id":"osm:n6883838230","type":"pharmacy","name":"Farmatodo","source":"osm","osmId":"node/6883838230","openingHours":"24/7"}},{"type":"Feature","geometry":{"type":"Point","coordinates":[-74.046097,4.759297]},"properties":{"id":"osm:n6898446463","type":"bike_parking","source":"osm","osmId":"node/6898446463"}},{"type":"Feature","geometry":{"type":"Point","coordinates":[-74.045806,4.759224]},"properties":{"id":"osm:n6898482398","type":"bike_parking","source":"osm","osmId":"node/6898482398","capacity":"5","covered":"no"}},{"type":"Feature","geometry":{"type":"Point","coordinates":[-74.050713,4.75811]},"properties":{"id":"osm:n6898482429","type":"pharmacy","name":"Droguería Gaviz","source":"osm","osmId":"node/6898482429","openingHours":"Mo-Su 09:00-21:00; Apr 10-15 off; Jun 08:00-14:00; Aug off; Dec 25 off"}},{"type":"Feature","geometry":{"type":"Point","coordinates":[-74.143407,4.673889]},"properties":{"id":"osm:n6923458924","type":"pharmacy","name":"La Rebaja","source":"osm","osmId":"node/6923458924"}},{"type":"Feature","geometry":{"type":"Point","coordinates":[-74.114171,4.553539]},"properties":{"id":"osm:n6959188360","type":"pharmacy","name":"Drogueria Superior 2004","source":"osm","osmId":"node/6959188360"}},{"type":"Feature","geometry":{"type":"Point","coordinates":[-74.101915,4.64347]},"properties":{"id":"osm:n6959953385","type":"pharmacy","name":"Droguería","source":"osm","osmId":"node/6959953385"}},{"type":"Feature","geometry":{"type":"Point","coordinates":[-73.951029,4.748312]},"properties":{"id":"osm:n6965048769","type":"toilets","source":"osm","osmId":"node/6965048769"}},{"type":"Feature","geometry":{"type":"Point","coordinates":[-74.117821,4.635376]},"properties":{"id":"osm:n7015755393","type":"health","name":"COLMEDICOS","source":"osm","osmId":"node/7015755393"}},{"type":"Feature","geometry":{"type":"Point","coordinates":[-74.055905,4.668389]},"properties":{"id":"osm:n7017290819","type":"pharmacy","name":"Cruz Verde","source":"osm","osmId":"node/7017290819","wheelchair":"yes"}},{"type":"Feature","geometry":{"type":"Point","coordinates":[-74.049094,4.747246]},"properties":{"id":"osm:n7036544217","type":"pharmacy","name":"Drogui Express","source":"osm","osmId":"node/7036544217"}},{"type":"Feature","geometry":{"type":"Point","coordinates":[-74.051923,4.66756]},"properties":{"id":"osm:n7037189758","type":"pharmacy","name":"Cruz Verde","source":"osm","osmId":"node/7037189758"}},{"type":"Feature","geometry":{"type":"Point","coordinates":[-74.050726,4.745661]},"properties":{"id":"osm:n7037202802","type":"pharmacy","name":"Droguería Don Carmelo","source":"osm","osmId":"node/7037202802"}},{"type":"Feature","geometry":{"type":"Point","coordinates":[-74.050444,4.745583]},"properties":{"id":"osm:n7037202810","type":"pharmacy","name":"Droguería Los Pinos","source":"osm","osmId":"node/7037202810"}},{"type":"Feature","geometry":{"type":"Point","coordinates":[-74.048639,4.747142]},"properties":{"id":"osm:n7037202829","type":"atm","name":"Servibanca","source":"osm","osmId":"node/7037202829","operator":"Servibanca"}},{"type":"Feature","geometry":{"type":"Point","coordinates":[-74.048625,4.747141]},"properties":{"id":"osm:n7037202830","type":"atm","name":"Banco Popular","source":"osm","osmId":"node/7037202830","operator":"Banco Popular"}},{"type":"Feature","geometry":{"type":"Point","coordinates":[-74.050088,4.74757]},"properties":{"id":"osm:n7037202848","type":"pharmacy","name":"Farma Toledo","source":"osm","osmId":"node/7037202848"}},{"type":"Feature","geometry":{"type":"Point","coordinates":[-74.050178,4.748418]},"properties":{"id":"osm:n7037244926","type":"pharmacy","name":"Droguería Farmacenter","source":"osm","osmId":"node/7037244926"}},{"type":"Feature","geometry":{"type":"Point","coordinates":[-74.050113,4.747582]},"properties":{"id":"osm:n7044549493","type":"atm","name":"Corresponsal Banco de Bogota","source":"osm","osmId":"node/7044549493","operator":"Corresponsal Banco de Bogota"}},{"type":"Feature","geometry":{"type":"Point","coordinates":[-74.152292,4.680732]},"properties":{"id":"osm:n7107638676","type":"bike_parking","source":"osm","osmId":"node/7107638676","covered":"no"}},{"type":"Feature","geometry":{"type":"Point","coordinates":[-74.047878,4.649752]},"properties":{"id":"osm:n7122739606","type":"bike_parking","source":"osm","osmId":"node/7122739606","capacity":"16","fee":"no"}},{"type":"Feature","geometry":{"type":"Point","coordinates":[-74.10086,4.667959]},"properties":{"id":"osm:n7124968773","type":"toilets","source":"osm","osmId":"node/7124968773","wheelchair":"no","fee":"no"}},{"type":"Feature","geometry":{"type":"Point","coordinates":[-74.100091,4.670667]},"properties":{"id":"osm:n7125008096","type":"toilets","source":"osm","osmId":"node/7125008096"}},{"type":"Feature","geometry":{"type":"Point","coordinates":[-74.098549,4.668618]},"properties":{"id":"osm:n7125014968","type":"toilets","source":"osm","osmId":"node/7125014968"}},{"type":"Feature","geometry":{"type":"Point","coordinates":[-74.088589,4.581472]},"properties":{"id":"osm:n7126870176","type":"pharmacy","name":"Drogueria Santa Ana","source":"osm","osmId":"node/7126870176"}},{"type":"Feature","geometry":{"type":"Point","coordinates":[-74.087702,4.580424]},"properties":{"id":"osm:n7126876249","type":"pharmacy","source":"osm","osmId":"node/7126876249"}},{"type":"Feature","geometry":{"type":"Point","coordinates":[-74.08641,4.578839]},"properties":{"id":"osm:n7126876280","type":"pharmacy","name":"Drogueria Leos","source":"osm","osmId":"node/7126876280"}},{"type":"Feature","geometry":{"type":"Point","coordinates":[-74.090492,4.577029]},"properties":{"id":"osm:n7128881859","type":"pharmacy","name":"Droguería Sam A.C","source":"osm","osmId":"node/7128881859","operator":"Droxi"}},{"type":"Feature","geometry":{"type":"Point","coordinates":[-74.071519,4.589978]},"properties":{"id":"osm:n7132343265","type":"pharmacy","name":"Sfarma Droguerias","source":"osm","osmId":"node/7132343265"}},{"type":"Feature","geometry":{"type":"Point","coordinates":[-74.211691,4.716141]},"properties":{"id":"osm:n7165166051","type":"pharmacy","source":"osm","osmId":"node/7165166051"}},{"type":"Feature","geometry":{"type":"Point","coordinates":[-74.03167,4.695939]},"properties":{"id":"osm:n7194222846","type":"pharmacy","name":"Cruz Verde","source":"osm","osmId":"node/7194222846"}},{"type":"Feature","geometry":{"type":"Point","coordinates":[-74.052951,4.667037]},"properties":{"id":"osm:n7195711221","type":"toilets","source":"osm","osmId":"node/7195711221","wheelchair":"yes","fee":"no"}},{"type":"Feature","geometry":{"type":"Point","coordinates":[-74.129936,4.630272]},"properties":{"id":"osm:n7212395785","type":"health","name":"Sura Américas EPS/IPS Santa Fé","source":"osm","osmId":"node/7212395785"}},{"type":"Feature","geometry":{"type":"Point","coordinates":[-74.031909,4.695532]},"properties":{"id":"osm:n7289712666","type":"pharmacy","source":"osm","osmId":"node/7289712666"}},{"type":"Feature","geometry":{"type":"Point","coordinates":[-74.061818,4.602787]},"properties":{"id":"osm:n7302543498","type":"toilets","source":"osm","osmId":"node/7302543498"}},{"type":"Feature","geometry":{"type":"Point","coordinates":[-74.061735,4.709409]},"properties":{"id":"osm:n7535775756","type":"pharmacy","name":"Cruz Verde","source":"osm","osmId":"node/7535775756","wheelchair":"yes","openingHours":"Mo-Fr 08:00-20:00; Sa 09:00-18:00; PH,Su 09:00-18:00"}},{"type":"Feature","geometry":{"type":"Point","coordinates":[-74.131693,4.602035]},"properties":{"id":"osm:n7552859669","type":"pharmacy","name":"Droguería Droxi","source":"osm","osmId":"node/7552859669"}},{"type":"Feature","geometry":{"type":"Point","coordinates":[-74.132286,4.601168]},"properties":{"id":"osm:n7552859673","type":"pharmacy","name":"Droguería super Latina","source":"osm","osmId":"node/7552859673"}},{"type":"Feature","geometry":{"type":"Point","coordinates":[-74.157474,4.577404]},"properties":{"id":"osm:n7593097313","type":"pharmacy","source":"osm","osmId":"node/7593097313"}},{"type":"Feature","geometry":{"type":"Point","coordinates":[-74.085679,4.551754]},"properties":{"id":"osm:n7600622049","type":"pharmacy","source":"osm","osmId":"node/7600622049"}},{"type":"Feature","geometry":{"type":"Point","coordinates":[-74.090163,4.592776]},"properties":{"id":"osm:n7600724117","type":"health","source":"osm","osmId":"node/7600724117"}},{"type":"Feature","geometry":{"type":"Point","coordinates":[-74.084895,4.553461]},"properties":{"id":"osm:n7600733176","type":"pharmacy","source":"osm","osmId":"node/7600733176"}},{"type":"Feature","geometry":{"type":"Point","coordinates":[-74.085133,4.552073]},"properties":{"id":"osm:n7600775818","type":"pharmacy","source":"osm","osmId":"node/7600775818"}},{"type":"Feature","geometry":{"type":"Point","coordinates":[-74.084728,4.55377]},"properties":{"id":"osm:n7603342710","type":"atm","source":"osm","osmId":"node/7603342710"}},{"type":"Feature","geometry":{"type":"Point","coordinates":[-74.071643,4.586207]},"properties":{"id":"osm:n7619094408","type":"pharmacy","name":"Edison Del Rocio","source":"osm","osmId":"node/7619094408"}},{"type":"Feature","geometry":{"type":"Point","coordinates":[-74.09146,4.572263]},"properties":{"id":"osm:n7624133544","type":"atm","name":"Bancolombia","source":"osm","osmId":"node/7624133544","operator":"Bancolombia"}},{"type":"Feature","geometry":{"type":"Point","coordinates":[-74.091147,4.576648]},"properties":{"id":"osm:n7624142512","type":"atm","name":"servivanca","source":"osm","osmId":"node/7624142512","operator":"servivanca"}},{"type":"Feature","geometry":{"type":"Point","coordinates":[-74.091487,4.572277]},"properties":{"id":"osm:n7624153277","type":"atm","name":"Banco de Bogotá","source":"osm","osmId":"node/7624153277","operator":"Banco de Bogotá"}},{"type":"Feature","geometry":{"type":"Point","coordinates":[-74.032551,4.709587]},"properties":{"id":"osm:n7633062485","type":"toilets","name":"Francisco_gps5saz","source":"osm","osmId":"node/7633062485","operator":"Francisco_gps5saz"}},{"type":"Feature","geometry":{"type":"Point","coordinates":[-74.032459,4.71142]},"properties":{"id":"osm:n7633062486","type":"toilets","name":"monica","source":"osm","osmId":"node/7633062486","operator":"monica"}},{"type":"Feature","geometry":{"type":"Point","coordinates":[-74.032312,4.717489]},"properties":{"id":"osm:n7633112185","type":"toilets","name":"Monica","source":"osm","osmId":"node/7633112185","operator":"Monica"}},{"type":"Feature","geometry":{"type":"Point","coordinates":[-74.032201,4.723474]},"properties":{"id":"osm:n7633293085","type":"toilets","name":"Francisco","source":"osm","osmId":"node/7633293085","operator":"Francisco"}},{"type":"Feature","geometry":{"type":"Point","coordinates":[-74.031978,4.72835]},"properties":{"id":"osm:n7633925386","type":"toilets","name":"Francisco -D5-8","source":"osm","osmId":"node/7633925386","operator":"Francisco -D5-8"}},{"type":"Feature","geometry":{"type":"Point","coordinates":[-74.086037,4.655378]},"properties":{"id":"osm:n7636360485","type":"toilets","name":"Francisco-gps2","source":"osm","osmId":"node/7636360485","operator":"Francisco-gps2"}},{"type":"Feature","geometry":{"type":"Point","coordinates":[-74.08493,4.655731]},"properties":{"id":"osm:n7636388085","type":"toilets","name":"Orlando-gps2saz","source":"osm","osmId":"node/7636388085","operator":"Orlando-gps2saz"}},{"type":"Feature","geometry":{"type":"Point","coordinates":[-74.030973,4.777233]},"properties":{"id":"osm:n7638569486","type":"toilets","source":"osm","osmId":"node/7638569486"}},{"type":"Feature","geometry":{"type":"Point","coordinates":[-74.030952,4.777213]},"properties":{"id":"osm:n7638569788","type":"toilets","name":"Monica-D7-4","source":"osm","osmId":"node/7638569788","operator":"Monica-D7-4"}},{"type":"Feature","geometry":{"type":"Point","coordinates":[-74.070256,4.622979]},"properties":{"id":"osm:n7663637364","type":"pharmacy","name":"Farmacenter","source":"osm","osmId":"node/7663637364"}},{"type":"Feature","geometry":{"type":"Point","coordinates":[-74.027666,4.882738]},"properties":{"id":"osm:n7717134685","type":"toilets","name":"JC.BM11-4","source":"osm","osmId":"node/7717134685","operator":"JC.BM11-4"}},{"type":"Feature","geometry":{"type":"Point","coordinates":[-74.0283,4.884319]},"properties":{"id":"osm:n7717189785","type":"toilets","name":"JC D11-4","source":"osm","osmId":"node/7717189785","operator":"JC D11-4"}},{"type":"Feature","geometry":{"type":"Point","coordinates":[-74.027287,4.886514]},"properties":{"id":"osm:n7717291485","type":"toilets","name":"JC-BM11-4","source":"osm","osmId":"node/7717291485","operator":"JC-BM11-4"}},{"type":"Feature","geometry":{"type":"Point","coordinates":[-74.446138,4.583819]},"properties":{"id":"osm:n7798963784","type":"toilets","source":"osm","osmId":"node/7798963784"}},{"type":"Feature","geometry":{"type":"Point","coordinates":[-74.415849,4.272877]},"properties":{"id":"osm:n7808290285","type":"pharmacy","source":"osm","osmId":"node/7808290285"}},{"type":"Feature","geometry":{"type":"Point","coordinates":[-74.178929,4.617088]},"properties":{"id":"osm:n7844244672","type":"pharmacy","source":"osm","osmId":"node/7844244672","openingHours":"Mo-Sa 08:00-18:00"}},{"type":"Feature","geometry":{"type":"Point","coordinates":[-74.180149,4.618426]},"properties":{"id":"osm:n7844300717","type":"pharmacy","source":"osm","osmId":"node/7844300717","openingHours":"Mo-Sa 08:00-18:00"}},{"type":"Feature","geometry":{"type":"Point","coordinates":[-74.143453,4.673663]},"properties":{"id":"osm:n7890614106","type":"pharmacy","name":"Cruz Verde","source":"osm","osmId":"node/7890614106"}},{"type":"Feature","geometry":{"type":"Point","coordinates":[-74.064282,4.693205]},"properties":{"id":"osm:n7921161245","type":"health","name":"Hospital Veterianrio","source":"osm","osmId":"node/7921161245"}},{"type":"Feature","geometry":{"type":"Point","coordinates":[-74.101413,4.487603]},"properties":{"id":"osm:n7939396121","type":"bike_parking","source":"osm","osmId":"node/7939396121"}},{"type":"Feature","geometry":{"type":"Point","coordinates":[-74.101024,4.487341]},"properties":{"id":"osm:n7939396149","type":"bike_parking","source":"osm","osmId":"node/7939396149"}},{"type":"Feature","geometry":{"type":"Point","coordinates":[-74.229075,4.719791]},"properties":{"id":"osm:n7967753500","type":"pharmacy","name":"Farmacenter","source":"osm","osmId":"node/7967753500"}},{"type":"Feature","geometry":{"type":"Point","coordinates":[-74.228574,4.720156]},"properties":{"id":"osm:n7967862635","type":"pharmacy","name":"Farmadrid N1","source":"osm","osmId":"node/7967862635"}},{"type":"Feature","geometry":{"type":"Point","coordinates":[-74.22965,4.719527]},"properties":{"id":"osm:n7967862642","type":"pharmacy","name":"Willpat","source":"osm","osmId":"node/7967862642"}},{"type":"Feature","geometry":{"type":"Point","coordinates":[-74.23067,4.721541]},"properties":{"id":"osm:n7967862649","type":"pharmacy","name":"Farmacenter","source":"osm","osmId":"node/7967862649"}},{"type":"Feature","geometry":{"type":"Point","coordinates":[-74.229561,4.722574]},"properties":{"id":"osm:n7967862658","type":"pharmacy","name":"Las Villas","source":"osm","osmId":"node/7967862658"}},{"type":"Feature","geometry":{"type":"Point","coordinates":[-74.22931,4.721968]},"properties":{"id":"osm:n7967862672","type":"health","source":"osm","osmId":"node/7967862672"}},{"type":"Feature","geometry":{"type":"Point","coordinates":[-74.229304,4.721944]},"properties":{"id":"osm:n7967862673","type":"pharmacy","name":"Farma Mosquera #2","source":"osm","osmId":"node/7967862673"}},{"type":"Feature","geometry":{"type":"Point","coordinates":[-74.229259,4.721859]},"properties":{"id":"osm:n7967862675","type":"pharmacy","name":"Farmedic","source":"osm","osmId":"node/7967862675"}},{"type":"Feature","geometry":{"type":"Point","coordinates":[-74.228422,4.719855]},"properties":{"id":"osm:n7967879893","type":"pharmacy","name":"Pharma Descuentos","source":"osm","osmId":"node/7967879893"}},{"type":"Feature","geometry":{"type":"Point","coordinates":[-74.358405,4.327053]},"properties":{"id":"osm:n8023630520","type":"health","name":"Para su salud","source":"osm","osmId":"node/8023630520","operator":"Jefe Lina Cative"}},{"type":"Feature","geometry":{"type":"Point","coordinates":[-74.033013,4.718068]},"properties":{"id":"osm:n8096643826","type":"pharmacy","name":"Cruz Verde","source":"osm","osmId":"node/8096643826"}},{"type":"Feature","geometry":{"type":"Point","coordinates":[-74.040237,4.720644]},"properties":{"id":"osm:n8096698227","type":"atm","name":"Davivienda","source":"osm","osmId":"node/8096698227","operator":"Davivienda"}},{"type":"Feature","geometry":{"type":"Point","coordinates":[-74.061796,4.687408]},"properties":{"id":"osm:n8195088299","type":"health","source":"osm","osmId":"node/8195088299"}},{"type":"Feature","geometry":{"type":"Point","coordinates":[-74.114025,4.668816]},"properties":{"id":"osm:n8287827980","type":"atm","name":"Bancolombia","source":"osm","osmId":"node/8287827980","operator":"Bancolombia"}},{"type":"Feature","geometry":{"type":"Point","coordinates":[-74.125691,4.653051]},"properties":{"id":"osm:n8289865003","type":"atm","name":"Banco de Bogotá","source":"osm","osmId":"node/8289865003","operator":"Banco de Bogotá"}},{"type":"Feature","geometry":{"type":"Point","coordinates":[-74.125239,4.653274]},"properties":{"id":"osm:n8289870526","type":"atm","name":"Serivibanca","source":"osm","osmId":"node/8289870526"}},{"type":"Feature","geometry":{"type":"Point","coordinates":[-74.10206,4.64724]},"properties":{"id":"osm:n8378339593","type":"bike_parking","source":"osm","osmId":"node/8378339593","fee":"yes"}},{"type":"Feature","geometry":{"type":"Point","coordinates":[-74.109548,4.653339]},"properties":{"id":"osm:n8378339594","type":"bike_parking","source":"osm","osmId":"node/8378339594","fee":"no","covered":"yes"}},{"type":"Feature","geometry":{"type":"Point","coordinates":[-74.127127,4.645864]},"properties":{"id":"osm:n8378339595","type":"bike_parking","source":"osm","osmId":"node/8378339595","capacity":"900","covered":"yes"}},{"type":"Feature","geometry":{"type":"Point","coordinates":[-74.114524,4.632472]},"properties":{"id":"osm:n8378339596","type":"bike_parking","source":"osm","osmId":"node/8378339596","fee":"no","covered":"yes"}},{"type":"Feature","geometry":{"type":"Point","coordinates":[-74.107653,4.747333]},"properties":{"id":"osm:n8439022236","type":"pharmacy","name":"Marcos Antonio Díaz Rozo","source":"osm","osmId":"node/8439022236"}},{"type":"Feature","geometry":{"type":"Point","coordinates":[-74.05676,4.647516]},"properties":{"id":"osm:n8459260617","type":"pharmacy","name":"Farmagranada","source":"osm","osmId":"node/8459260617","openingHours":"Mo-Su 09:00-20:00"}},{"type":"Feature","geometry":{"type":"Point","coordinates":[-74.196584,4.604875]},"properties":{"id":"osm:n8493120871","type":"pharmacy","name":"Drogas Cordsalud","source":"osm","osmId":"node/8493120871"}},{"type":"Feature","geometry":{"type":"Point","coordinates":[-74.18673,4.567739]},"properties":{"id":"osm:n8565484220","type":"pharmacy","name":"droguería pharma diaz","source":"osm","osmId":"node/8565484220"}},{"type":"Feature","geometry":{"type":"Point","coordinates":[-74.171939,4.573339]},"properties":{"id":"osm:n8566031508","type":"pharmacy","source":"osm","osmId":"node/8566031508"}},{"type":"Feature","geometry":{"type":"Point","coordinates":[-74.17088,4.573313]},"properties":{"id":"osm:n8566072226","type":"pharmacy","source":"osm","osmId":"node/8566072226"}},{"type":"Feature","geometry":{"type":"Point","coordinates":[-74.187616,4.566186]},"properties":{"id":"osm:n8566102032","type":"pharmacy","source":"osm","osmId":"node/8566102032"}},{"type":"Feature","geometry":{"type":"Point","coordinates":[-74.186201,4.566529]},"properties":{"id":"osm:n8566102046","type":"pharmacy","source":"osm","osmId":"node/8566102046"}},{"type":"Feature","geometry":{"type":"Point","coordinates":[-74.182088,4.573786]},"properties":{"id":"osm:n8566176557","type":"pharmacy","source":"osm","osmId":"node/8566176557"}},{"type":"Feature","geometry":{"type":"Point","coordinates":[-74.175736,4.576498]},"properties":{"id":"osm:n8580427344","type":"pharmacy","source":"osm","osmId":"node/8580427344"}},{"type":"Feature","geometry":{"type":"Point","coordinates":[-74.209081,4.624861]},"properties":{"id":"osm:n8616291644","type":"atm","name":"Davivienda","source":"osm","osmId":"node/8616291644","operator":"Davivienda"}},{"type":"Feature","geometry":{"type":"Point","coordinates":[-74.051988,4.715593]},"properties":{"id":"osm:n8653921803","type":"bike_parking","source":"osm","osmId":"node/8653921803"}},{"type":"Feature","geometry":{"type":"Point","coordinates":[-74.052295,4.713512]},"properties":{"id":"osm:n8654008995","type":"bike_parking","source":"osm","osmId":"node/8654008995"}},{"type":"Feature","geometry":{"type":"Point","coordinates":[-74.165926,4.669643]},"properties":{"id":"osm:n8660007040","type":"library","source":"osm","osmId":"node/8660007040"}},{"type":"Feature","geometry":{"type":"Point","coordinates":[-74.23584,4.698769]},"properties":{"id":"osm:n8689236651","type":"pharmacy","name":"Farmacenter Arrayán","source":"osm","osmId":"node/8689236651"}},{"type":"Feature","geometry":{"type":"Point","coordinates":[-74.114018,4.66882]},"properties":{"id":"osm:n8700160194","type":"atm","name":"Davivienda","source":"osm","osmId":"node/8700160194","operator":"Davivienda"}},{"type":"Feature","geometry":{"type":"Point","coordinates":[-74.047799,4.710967]},"properties":{"id":"osm:n8737813403","type":"atm","name":"Servibanca","source":"osm","osmId":"node/8737813403","operator":"Servibanca"}},{"type":"Feature","geometry":{"type":"Point","coordinates":[-74.053385,4.669906]},"properties":{"id":"osm:n8890621669","type":"health","name":"Alberto Eraso Rodríguez","source":"osm","osmId":"node/8890621669"}},{"type":"Feature","geometry":{"type":"Point","coordinates":[-74.044925,4.729472]},"properties":{"id":"osm:n8923069092","type":"atm","name":"Bancolombia","source":"osm","osmId":"node/8923069092","operator":"Bancolombia"}},{"type":"Feature","geometry":{"type":"Point","coordinates":[-74.034605,4.720504]},"properties":{"id":"osm:n8943332138","type":"pharmacy","name":"Drogueria Alcosto 140","source":"osm","osmId":"node/8943332138"}},{"type":"Feature","geometry":{"type":"Point","coordinates":[-74.179999,4.622986]},"properties":{"id":"osm:n8944522313","type":"pharmacy","name":"Dispensario Medico Sur Occidente","source":"osm","osmId":"node/8944522313"}},{"type":"Feature","geometry":{"type":"Point","coordinates":[-74.140224,4.668056]},"properties":{"id":"osm:n8952092071","type":"pharmacy","name":"Drogueria Minimarket - ADMIFARMA J.R.","source":"osm","osmId":"node/8952092071","operator":"Drogueria Minimarket - ADMIFARMA J.R.","openingHours":"Mo-Su 09:00-21:00"}},{"type":"Feature","geometry":{"type":"Point","coordinates":[-74.065954,4.689571]},"properties":{"id":"osm:n8958472523","type":"health","name":"María Cristina Angel Fisioterapia","source":"osm","osmId":"node/8958472523"}},{"type":"Feature","geometry":{"type":"Point","coordinates":[-74.188665,4.598686]},"properties":{"id":"osm:n8963966101","type":"pharmacy","name":"Farmacenter","source":"osm","osmId":"node/8963966101"}},{"type":"Feature","geometry":{"type":"Point","coordinates":[-74.244448,4.695384]},"properties":{"id":"osm:n8974883246","type":"toilets","source":"osm","osmId":"node/8974883246"}},{"type":"Feature","geometry":{"type":"Point","coordinates":[-74.071696,4.604736]},"properties":{"id":"osm:n8997144617","type":"atm","name":"Servibanca","source":"osm","osmId":"node/8997144617","operator":"Servibanca"}},{"type":"Feature","geometry":{"type":"Point","coordinates":[-74.152538,4.5974]},"properties":{"id":"osm:n9016104917","type":"bike_parking","source":"osm","osmId":"node/9016104917"}},{"type":"Feature","geometry":{"type":"Point","coordinates":[-74.085791,4.619108]},"properties":{"id":"osm:n9016106317","type":"bike_parking","source":"osm","osmId":"node/9016106317"}},{"type":"Feature","geometry":{"type":"Point","coordinates":[-74.354936,4.815221]},"properties":{"id":"osm:n9024938186","type":"police","name":"CAI Santa Rita","source":"osm","osmId":"node/9024938186","operator":"Policía Nacional de Colombia"}},{"type":"Feature","geometry":{"type":"Point","coordinates":[-74.125604,4.652236]},"properties":{"id":"osm:n9044646071","type":"atm","name":"Bancolombia","source":"osm","osmId":"node/9044646071","operator":"Bancolombia"}},{"type":"Feature","geometry":{"type":"Point","coordinates":[-74.081819,4.673857]},"properties":{"id":"osm:n9060317505","type":"police","source":"osm","osmId":"node/9060317505"}},{"type":"Feature","geometry":{"type":"Point","coordinates":[-74.064153,4.628718]},"properties":{"id":"osm:n9060434038","type":"health","name":"Clínica San Ignacio","source":"osm","osmId":"node/9060434038"}},{"type":"Feature","geometry":{"type":"Point","coordinates":[-74.032995,4.695489]},"properties":{"id":"osm:n9060434040","type":"health","source":"osm","osmId":"node/9060434040"}},{"type":"Feature","geometry":{"type":"Point","coordinates":[-74.057359,4.677783]},"properties":{"id":"osm:n9060434041","type":"health","source":"osm","osmId":"node/9060434041"}},{"type":"Feature","geometry":{"type":"Point","coordinates":[-74.08439,4.622765]},"properties":{"id":"osm:n9073636918","type":"health","name":"SYN LAB - Laboratory Covid 19 Test","source":"osm","osmId":"node/9073636918"}},{"type":"Feature","geometry":{"type":"Point","coordinates":[-74.077176,4.62244]},"properties":{"id":"osm:n9099674430","type":"health","source":"osm","osmId":"node/9099674430"}},{"type":"Feature","geometry":{"type":"Point","coordinates":[-74.145144,4.748239]},"properties":{"id":"osm:n9115038105","type":"atm","name":"Bancolombia","source":"osm","osmId":"node/9115038105","operator":"Bancolombia"}},{"type":"Feature","geometry":{"type":"Point","coordinates":[-74.044975,4.728885]},"properties":{"id":"osm:n9136388264","type":"atm","source":"osm","osmId":"node/9136388264"}},{"type":"Feature","geometry":{"type":"Point","coordinates":[-74.044957,4.7289]},"properties":{"id":"osm:n9136388265","type":"atm","name":"Davivienda","source":"osm","osmId":"node/9136388265","operator":"Davivienda"}},{"type":"Feature","geometry":{"type":"Point","coordinates":[-74.184598,4.606766]},"properties":{"id":"osm:n9139056412","type":"pharmacy","source":"osm","osmId":"node/9139056412"}},{"type":"Feature","geometry":{"type":"Point","coordinates":[-74.054903,4.738671]},"properties":{"id":"osm:n9156753308","type":"pharmacy","source":"osm","osmId":"node/9156753308"}},{"type":"Feature","geometry":{"type":"Point","coordinates":[-74.099549,4.49935]},"properties":{"id":"osm:n9160884905","type":"bike_parking","source":"osm","osmId":"node/9160884905"}},{"type":"Feature","geometry":{"type":"Point","coordinates":[-74.104268,4.659395]},"properties":{"id":"osm:n9222107017","type":"health","name":"Compensar","source":"osm","osmId":"node/9222107017","wheelchair":"yes"}},{"type":"Feature","geometry":{"type":"Point","coordinates":[-74.222457,4.714188]},"properties":{"id":"osm:n9254806575","type":"atm","name":"Davivienda","source":"osm","osmId":"node/9254806575","operator":"Davivienda"}},{"type":"Feature","geometry":{"type":"Point","coordinates":[-74.221257,4.712699]},"properties":{"id":"osm:n9254806583","type":"atm","name":"Banco de Bogotá","source":"osm","osmId":"node/9254806583","operator":"Banco de Bogotá"}},{"type":"Feature","geometry":{"type":"Point","coordinates":[-74.221606,4.71256]},"properties":{"id":"osm:n9254806585","type":"pharmacy","name":"Cruz Verde","source":"osm","osmId":"node/9254806585"}},{"type":"Feature","geometry":{"type":"Point","coordinates":[-74.221418,4.713221]},"properties":{"id":"osm:n9254806586","type":"pharmacy","name":"Droguería Colsubsidio","source":"osm","osmId":"node/9254806586"}},{"type":"Feature","geometry":{"type":"Point","coordinates":[-74.088825,4.657178]},"properties":{"id":"osm:n9288785186","type":"bike_parking","source":"osm","osmId":"node/9288785186","covered":"yes"}},{"type":"Feature","geometry":{"type":"Point","coordinates":[-74.062427,4.75651]},"properties":{"id":"osm:n9289233765","type":"bike_parking","source":"osm","osmId":"node/9289233765","covered":"yes"}},{"type":"Feature","geometry":{"type":"Point","coordinates":[-74.063878,4.757212]},"properties":{"id":"osm:n9289254291","type":"bike_parking","name":"PARKING INTERNATIONAL S.A.S.","source":"osm","osmId":"node/9289254291","operator":"PARKING INTERNATIONAL S.A.S.","fee":"yes"}},{"type":"Feature","geometry":{"type":"Point","coordinates":[-74.127238,4.589411]},"properties":{"id":"osm:n9291870463","type":"pharmacy","name":"Dilan P.","source":"osm","osmId":"node/9291870463"}},{"type":"Feature","geometry":{"type":"Point","coordinates":[-74.1257,4.590081]},"properties":{"id":"osm:n9291870465","type":"pharmacy","name":"Super Salud MV","source":"osm","osmId":"node/9291870465"}},{"type":"Feature","geometry":{"type":"Point","coordinates":[-74.126215,4.58861]},"properties":{"id":"osm:n9291870466","type":"pharmacy","name":"Nueva Villa Mayor","source":"osm","osmId":"node/9291870466"}},{"type":"Feature","geometry":{"type":"Point","coordinates":[-74.126906,4.591576]},"properties":{"id":"osm:n9291870471","type":"pharmacy","name":"El Carman F M","source":"osm","osmId":"node/9291870471"}},{"type":"Feature","geometry":{"type":"Point","coordinates":[-74.029185,4.716825]},"properties":{"id":"osm:n9293842946","type":"pharmacy","source":"osm","osmId":"node/9293842946"}},{"type":"Feature","geometry":{"type":"Point","coordinates":[-74.029236,4.716467]},"properties":{"id":"osm:n9318708095","type":"pharmacy","name":"PuntoFarma","source":"osm","osmId":"node/9318708095"}},{"type":"Feature","geometry":{"type":"Point","coordinates":[-74.030044,4.7169]},"properties":{"id":"osm:n9318708103","type":"pharmacy","source":"osm","osmId":"node/9318708103"}},{"type":"Feature","geometry":{"type":"Point","coordinates":[-74.029763,4.716665]},"properties":{"id":"osm:n9318752059","type":"atm","name":"Servibanca","source":"osm","osmId":"node/9318752059","operator":"Servibanca"}},{"type":"Feature","geometry":{"type":"Point","coordinates":[-74.031551,4.717427]},"properties":{"id":"osm:n9318925317","type":"pharmacy","name":"Colsubsidio","source":"osm","osmId":"node/9318925317"}},{"type":"Feature","geometry":{"type":"Point","coordinates":[-74.031655,4.717217]},"properties":{"id":"osm:n9318925318","type":"pharmacy","name":"Drogueria Alemana","source":"osm","osmId":"node/9318925318"}},{"type":"Feature","geometry":{"type":"Point","coordinates":[-74.050581,4.721812]},"properties":{"id":"osm:n9344253984","type":"bike_parking","name":"TransMilenio","source":"osm","osmId":"node/9344253984","operator":"TransMilenio","capacity":"69","fee":"no","covered":"yes"}},{"type":"Feature","geometry":{"type":"Point","coordinates":[-74.121935,4.627497]},"properties":{"id":"osm:n9354077046","type":"pharmacy","name":"Audifarma","source":"osm","osmId":"node/9354077046"}},{"type":"Feature","geometry":{"type":"Point","coordinates":[-74.034643,4.713056]},"properties":{"id":"osm:n9358735460","type":"bike_parking","source":"osm","osmId":"node/9358735460"}},{"type":"Feature","geometry":{"type":"Point","coordinates":[-74.034416,4.712915]},"properties":{"id":"osm:n9358900635","type":"bike_parking","source":"osm","osmId":"node/9358900635"}},{"type":"Feature","geometry":{"type":"Point","coordinates":[-74.033169,4.712628]},"properties":{"id":"osm:n9358900647","type":"bike_parking","source":"osm","osmId":"node/9358900647"}},{"type":"Feature","geometry":{"type":"Point","coordinates":[-74.029272,4.715167]},"properties":{"id":"osm:n9411227325","type":"atm","name":"Servibanca","source":"osm","osmId":"node/9411227325","operator":"Servibanca"}},{"type":"Feature","geometry":{"type":"Point","coordinates":[-74.032705,4.730133]},"properties":{"id":"osm:n9415646484","type":"atm","name":"Servibanca","source":"osm","osmId":"node/9415646484","operator":"Servibanca"}},{"type":"Feature","geometry":{"type":"Point","coordinates":[-74.040957,4.701658]},"properties":{"id":"osm:n9418207320","type":"pharmacy","source":"osm","osmId":"node/9418207320"}},{"type":"Feature","geometry":{"type":"Point","coordinates":[-74.384862,4.329178]},"properties":{"id":"osm:n9419475747","type":"pharmacy","name":"Farmacenter","source":"osm","osmId":"node/9419475747"}},{"type":"Feature","geometry":{"type":"Point","coordinates":[-74.045399,4.863998]},"properties":{"id":"osm:n9425595424","type":"pharmacy","name":"Droguería alemana","source":"osm","osmId":"node/9425595424"}},{"type":"Feature","geometry":{"type":"Point","coordinates":[-74.042843,4.783032]},"properties":{"id":"osm:n9444990868","type":"library","name":"Biblioteca Jorge Álvarez Lleras","source":"osm","osmId":"node/9444990868","openingHours":"Mo-Fr 06:30-19:30; Sa 08:00-14:00"}},{"type":"Feature","geometry":{"type":"Point","coordinates":[-74.333464,4.584918]},"properties":{"id":"osm:n9461969384","type":"toilets","source":"osm","osmId":"node/9461969384"}},{"type":"Feature","geometry":{"type":"Point","coordinates":[-74.065543,4.669226]},"properties":{"id":"osm:n9497846717","type":"pharmacy","name":"Droguería Especial","source":"osm","osmId":"node/9497846717"}},{"type":"Feature","geometry":{"type":"Point","coordinates":[-74.069235,4.618556]},"properties":{"id":"osm:n9501131626","type":"police","name":"CAI Telecom","source":"osm","osmId":"node/9501131626"}},{"type":"Feature","geometry":{"type":"Point","coordinates":[-74.049776,4.701259]},"properties":{"id":"osm:n9506341217","type":"pharmacy","name":"Farmacia homeopática Estrella de Belén","source":"osm","osmId":"node/9506341217"}},{"type":"Feature","geometry":{"type":"Point","coordinates":[-74.025551,4.726031]},"properties":{"id":"osm:n9562792816","type":"pharmacy","name":"Nueva Kalima","source":"osm","osmId":"node/9562792816"}},{"type":"Feature","geometry":{"type":"Point","coordinates":[-74.032678,4.730125]},"properties":{"id":"osm:n9579274835","type":"atm","name":"Bancolombia","source":"osm","osmId":"node/9579274835","operator":"Bancolombia"}},{"type":"Feature","geometry":{"type":"Point","coordinates":[-74.065982,4.663999]},"properties":{"id":"osm:n9598712460","type":"health","name":"Cruz Roja Colombiana - Seccional Cundinamarca Y Bogota","source":"osm","osmId":"node/9598712460","operator":"Cruz Roja Colombiana"}},{"type":"Feature","geometry":{"type":"Point","coordinates":[-74.089479,4.672576]},"properties":{"id":"osm:n9598712466","type":"health","name":"Samu 68","source":"osm","osmId":"node/9598712466","operator":"Cruz Roja Colombiana Seccional Cundinamarca Y Bogota"}},{"type":"Feature","geometry":{"type":"Point","coordinates":[-74.063001,4.851107]},"properties":{"id":"osm:n9650544521","type":"pharmacy","name":"Droguería Camoz","source":"osm","osmId":"node/9650544521"}},{"type":"Feature","geometry":{"type":"Point","coordinates":[-74.063146,4.850811]},"properties":{"id":"osm:n9650544522","type":"pharmacy","name":"Cruz Verde","source":"osm","osmId":"node/9650544522","operator":"Cruz Verde"}},{"type":"Feature","geometry":{"type":"Point","coordinates":[-74.437676,4.877515]},"properties":{"id":"osm:n9690509487","type":"library","source":"osm","osmId":"node/9690509487"}},{"type":"Feature","geometry":{"type":"Point","coordinates":[-74.1533,4.598685]},"properties":{"id":"osm:n9718113942","type":"pharmacy","name":"Locatel","source":"osm","osmId":"node/9718113942","operator":"Locatel"}},{"type":"Feature","geometry":{"type":"Point","coordinates":[-74.217038,4.606492]},"properties":{"id":"osm:n9718640085","type":"atm","name":"Bancolombia","source":"osm","osmId":"node/9718640085","operator":"Bancolombia"}},{"type":"Feature","geometry":{"type":"Point","coordinates":[-74.190135,4.630924]},"properties":{"id":"osm:n9719571617","type":"health","name":"Centros de Atención Prioritaria en Salud Cabañas","source":"osm","osmId":"node/9719571617"}},{"type":"Feature","geometry":{"type":"Point","coordinates":[-74.185739,4.609369]},"properties":{"id":"osm:n9719586417","type":"health","name":"Centros de Atención Prioritaria en Salud Bosa Centro","source":"osm","osmId":"node/9719586417"}},{"type":"Feature","geometry":{"type":"Point","coordinates":[-74.046301,4.693096]},"properties":{"id":"osm:n9728012074","type":"health","name":"Colcan","source":"osm","osmId":"node/9728012074"}},{"type":"Feature","geometry":{"type":"Point","coordinates":[-74.052284,4.707046]},"properties":{"id":"osm:n9736127250","type":"health","name":"Clínica Reina Sofia Colsánitas","source":"osm","osmId":"node/9736127250","wheelchair":"limited","operator":"Colsánitas - Keralty"}},{"type":"Feature","geometry":{"type":"Point","coordinates":[-74.050895,4.706521]},"properties":{"id":"osm:n9736127251","type":"health","name":"Clínica Pediátrica Colsánitas","source":"osm","osmId":"node/9736127251","operator":"Colsánitas - Keralty"}},{"type":"Feature","geometry":{"type":"Point","coordinates":[-74.058633,4.669092]},"properties":{"id":"osm:n9738652945","type":"health","name":"Mauricio Matallana","source":"osm","osmId":"node/9738652945"}},{"type":"Feature","geometry":{"type":"Point","coordinates":[-74.211868,4.605898]},"properties":{"id":"osm:n9738717150","type":"bike_parking","source":"osm","osmId":"node/9738717150"}},{"type":"Feature","geometry":{"type":"Point","coordinates":[-74.12755,4.562578]},"properties":{"id":"osm:n9786017896","type":"pharmacy","name":"Farmacenter","source":"osm","osmId":"node/9786017896"}},{"type":"Feature","geometry":{"type":"Point","coordinates":[-74.124716,4.593198]},"properties":{"id":"osm:n9802786047","type":"pharmacy","name":"Droguería Cafam","source":"osm","osmId":"node/9802786047"}},{"type":"Feature","geometry":{"type":"Point","coordinates":[-74.123976,4.59087]},"properties":{"id":"osm:n9802794972","type":"atm","name":"Bancolombia","source":"osm","osmId":"node/9802794972"}},{"type":"Feature","geometry":{"type":"Point","coordinates":[-74.123833,4.592454]},"properties":{"id":"osm:n9802796471","type":"atm","name":"Banco caja social","source":"osm","osmId":"node/9802796471","operator":"Banco Caja Social"}},{"type":"Feature","geometry":{"type":"Point","coordinates":[-74.123784,4.590828]},"properties":{"id":"osm:n9802808124","type":"pharmacy","name":"Droguería Colsubsidio","source":"osm","osmId":"node/9802808124","operator":"Colsubsidio"}},{"type":"Feature","geometry":{"type":"Point","coordinates":[-74.124891,4.592899]},"properties":{"id":"osm:n9802830833","type":"toilets","source":"osm","osmId":"node/9802830833"}},{"type":"Feature","geometry":{"type":"Point","coordinates":[-74.124487,4.590872]},"properties":{"id":"osm:n9802845171","type":"atm","name":"DAVIbank","source":"osm","osmId":"node/9802845171","operator":"Davivienda Group"}},{"type":"Feature","geometry":{"type":"Point","coordinates":[-74.124461,4.591334]},"properties":{"id":"osm:n9802850240","type":"atm","name":"Banco AV villas","source":"osm","osmId":"node/9802850240","operator":"Banco AV Villas"}},{"type":"Feature","geometry":{"type":"Point","coordinates":[-74.124123,4.59122]},"properties":{"id":"osm:n9802853950","type":"toilets","source":"osm","osmId":"node/9802853950"}},{"type":"Feature","geometry":{"type":"Point","coordinates":[-74.049595,4.679144]},"properties":{"id":"osm:n9821369018","type":"pharmacy","name":"Cruz Verde","source":"osm","osmId":"node/9821369018","openingHours":"Mo-Fr 07:00-19:00; Sa 08:00-17:00"}},{"type":"Feature","geometry":{"type":"Point","coordinates":[-74.091735,4.629767]},"properties":{"id":"osm:n9874759927","type":"toilets","name":"Baños","source":"osm","osmId":"node/9874759927"}},{"type":"Feature","geometry":{"type":"Point","coordinates":[-74.091725,4.629752]},"properties":{"id":"osm:n9874788525","type":"atm","name":"Davivienda","source":"osm","osmId":"node/9874788525"}},{"type":"Feature","geometry":{"type":"Point","coordinates":[-74.035612,4.892276]},"properties":{"id":"osm:n9915303817","type":"health","name":"Compensar Cajicá","source":"osm","osmId":"node/9915303817"}},{"type":"Feature","geometry":{"type":"Point","coordinates":[-74.03236,4.696176]},"properties":{"id":"osm:n9948003817","type":"health","name":"Zahnarzt Marta","source":"osm","osmId":"node/9948003817"}},{"type":"Feature","geometry":{"type":"Point","coordinates":[-74.088541,4.532469]},"properties":{"id":"osm:n9957698268","type":"pharmacy","name":"Droguería Coofarmaco","source":"osm","osmId":"node/9957698268"}},{"type":"Feature","geometry":{"type":"Point","coordinates":[-74.116063,4.634618]},"properties":{"id":"osm:n9957887819","type":"health","name":"sanitas EPS - trámite","source":"osm","osmId":"node/9957887819"}},{"type":"Feature","geometry":{"type":"Point","coordinates":[-74.260226,4.492566]},"properties":{"id":"osm:n10002917244","type":"pharmacy","name":"Farmacenter","source":"osm","osmId":"node/10002917244"}},{"type":"Feature","geometry":{"type":"Point","coordinates":[-74.260419,4.493377]},"properties":{"id":"osm:n10002917246","type":"pharmacy","name":"Drogueria","source":"osm","osmId":"node/10002917246"}},{"type":"Feature","geometry":{"type":"Point","coordinates":[-74.185599,4.641413]},"properties":{"id":"osm:n10012151443","type":"bike_parking","source":"osm","osmId":"node/10012151443"}},{"type":"Feature","geometry":{"type":"Point","coordinates":[-74.057904,4.677526]},"properties":{"id":"osm:n10016426917","type":"health","source":"osm","osmId":"node/10016426917"}},{"type":"Feature","geometry":{"type":"Point","coordinates":[-74.099722,4.74419]},"properties":{"id":"osm:n10028619068","type":"pharmacy","name":"DROGUERÍA COL MEDIK","source":"osm","osmId":"node/10028619068"}},{"type":"Feature","geometry":{"type":"Point","coordinates":[-74.098914,4.743909]},"properties":{"id":"osm:n10028619069","type":"pharmacy","name":"Farmacenter","source":"osm","osmId":"node/10028619069","operator":"FARMACENTER"}},{"type":"Feature","geometry":{"type":"Point","coordinates":[-74.100107,4.744148]},"properties":{"id":"osm:n10028619070","type":"pharmacy","name":"Droguería EBEN-ESER","source":"osm","osmId":"node/10028619070"}},{"type":"Feature","geometry":{"type":"Point","coordinates":[-74.044355,4.731268]},"properties":{"id":"osm:n10030491917","type":"health","name":"Vanper Sas","source":"osm","osmId":"node/10030491917"}},{"type":"Feature","geometry":{"type":"Point","coordinates":[-74.217158,4.606573]},"properties":{"id":"osm:n10069436482","type":"atm","name":"Bancolombia","source":"osm","osmId":"node/10069436482","operator":"Bancolombia"}},{"type":"Feature","geometry":{"type":"Point","coordinates":[-74.086732,4.65417]},"properties":{"id":"osm:n10114240731","type":"atm","name":"Servibanca","source":"osm","osmId":"node/10114240731","wheelchair":"yes"}},{"type":"Feature","geometry":{"type":"Point","coordinates":[-74.086701,4.654335]},"properties":{"id":"osm:n10114283980","type":"toilets","source":"osm","osmId":"node/10114283980","fee":"yes"}},{"type":"Feature","geometry":{"type":"Point","coordinates":[-74.10607,4.651252]},"properties":{"id":"osm:n10170715726","type":"health","name":"Colsanitas Salitre","source":"osm","osmId":"node/10170715726"}},{"type":"Feature","geometry":{"type":"Point","coordinates":[-74.106127,4.651225]},"properties":{"id":"osm:n10170715728","type":"toilets","source":"osm","osmId":"node/10170715728"}},{"type":"Feature","geometry":{"type":"Point","coordinates":[-74.097643,4.656887]},"properties":{"id":"osm:n10233473122","type":"toilets","source":"osm","osmId":"node/10233473122"}},{"type":"Feature","geometry":{"type":"Point","coordinates":[-74.044241,4.694163]},"properties":{"id":"osm:n10238183205","type":"pharmacy","name":"Cruz Verde","source":"osm","osmId":"node/10238183205"}},{"type":"Feature","geometry":{"type":"Point","coordinates":[-74.051998,4.676409]},"properties":{"id":"osm:n10238185968","type":"pharmacy","name":"Cruz Verde","source":"osm","osmId":"node/10238185968"}},{"type":"Feature","geometry":{"type":"Point","coordinates":[-74.051752,4.673664]},"properties":{"id":"osm:n10238186750","type":"pharmacy","name":"Cruz Verde","source":"osm","osmId":"node/10238186750"}},{"type":"Feature","geometry":{"type":"Point","coordinates":[-74.052137,4.676618]},"properties":{"id":"osm:n10238222969","type":"pharmacy","name":"Droguería Alemana","source":"osm","osmId":"node/10238222969"}},{"type":"Feature","geometry":{"type":"Point","coordinates":[-74.050149,4.679786]},"properties":{"id":"osm:n10238235412","type":"pharmacy","name":"Cruz Verde","source":"osm","osmId":"node/10238235412"}},{"type":"Feature","geometry":{"type":"Point","coordinates":[-74.04925,4.681614]},"properties":{"id":"osm:n10238239136","type":"pharmacy","name":"Cruz Verde","source":"osm","osmId":"node/10238239136"}},{"type":"Feature","geometry":{"type":"Point","coordinates":[-74.047874,4.684397]},"properties":{"id":"osm:n10238248117","type":"pharmacy","name":"La Rebaja","source":"osm","osmId":"node/10238248117"}},{"type":"Feature","geometry":{"type":"Point","coordinates":[-74.047402,4.688329]},"properties":{"id":"osm:n10238251187","type":"pharmacy","name":"Cruz Verde","source":"osm","osmId":"node/10238251187"}},{"type":"Feature","geometry":{"type":"Point","coordinates":[-74.066723,4.61456]},"properties":{"id":"osm:n10268707057","type":"pharmacy","name":"Droguería Hilton","source":"osm","osmId":"node/10268707057"}},{"type":"Feature","geometry":{"type":"Point","coordinates":[-74.113945,4.668887]},"properties":{"id":"osm:n10268956658","type":"pharmacy","name":"Cruz Verde","source":"osm","osmId":"node/10268956658","openingHours":"Mo-Sa 09:00-18:00"}},{"type":"Feature","geometry":{"type":"Point","coordinates":[-74.075993,4.599307]},"properties":{"id":"osm:n10274685474","type":"pharmacy","source":"osm","osmId":"node/10274685474"}},{"type":"Feature","geometry":{"type":"Point","coordinates":[-74.059952,4.649807]},"properties":{"id":"osm:n10274685831","type":"pharmacy","name":"Verona","source":"osm","osmId":"node/10274685831"}},{"type":"Feature","geometry":{"type":"Point","coordinates":[-74.058629,4.65075]},"properties":{"id":"osm:n10274694518","type":"atm","name":"BBVA","source":"osm","osmId":"node/10274694518","operator":"BBVA"}},{"type":"Feature","geometry":{"type":"Point","coordinates":[-74.058865,4.649024]},"properties":{"id":"osm:n10282796903","type":"pharmacy","name":"La Economía","source":"osm","osmId":"node/10282796903","openingHours":"Mo-Sa 07:00-22:00; PH,Su 09:00-21:00"}},{"type":"Feature","geometry":{"type":"Point","coordinates":[-74.078234,4.645795]},"properties":{"id":"osm:n10539753200","type":"library","name":"Biblioteca Pública del Deporte","source":"osm","osmId":"node/10539753200"}},{"type":"Feature","geometry":{"type":"Point","coordinates":[-74.068819,4.653509]},"properties":{"id":"osm:n10555217081","type":"library","name":"Biblioteca Pública de la Participación Ciudadana","source":"osm","osmId":"node/10555217081"}},{"type":"Feature","geometry":{"type":"Point","coordinates":[-74.120523,4.840033]},"properties":{"id":"osm:n10575516179","type":"toilets","source":"osm","osmId":"node/10575516179"}},{"type":"Feature","geometry":{"type":"Point","coordinates":[-74.130242,4.574502]},"properties":{"id":"osm:n10595385292","type":"toilets","source":"osm","osmId":"node/10595385292"}},{"type":"Feature","geometry":{"type":"Point","coordinates":[-74.130208,4.574502]},"properties":{"id":"osm:n10595395528","type":"toilets","source":"osm","osmId":"node/10595395528"}},{"type":"Feature","geometry":{"type":"Point","coordinates":[-74.060439,4.661318]},"properties":{"id":"osm:n10600179182","type":"pharmacy","name":"Cruz Verde","source":"osm","osmId":"node/10600179182"}},{"type":"Feature","geometry":{"type":"Point","coordinates":[-74.070995,4.607261]},"properties":{"id":"osm:n10600270009","type":"pharmacy","name":"Farmatodo","source":"osm","osmId":"node/10600270009"}},{"type":"Feature","geometry":{"type":"Point","coordinates":[-74.15376,4.5817]},"properties":{"id":"osm:n10603225709","type":"atm","name":"Davivienda","source":"osm","osmId":"node/10603225709","operator":"Davivienda"}},{"type":"Feature","geometry":{"type":"Point","coordinates":[-74.220563,4.713826]},"properties":{"id":"osm:n10621258305","type":"pharmacy","source":"osm","osmId":"node/10621258305"}},{"type":"Feature","geometry":{"type":"Point","coordinates":[-74.060102,4.661]},"properties":{"id":"osm:n10635377937","type":"atm","source":"osm","osmId":"node/10635377937","wheelchair":"yes"}},{"type":"Feature","geometry":{"type":"Point","coordinates":[-74.119028,4.683696]},"properties":{"id":"osm:n10672127190","type":"pharmacy","name":"Farmatodo","source":"osm","osmId":"node/10672127190","openingHours":"Mo-Sa 06:00-22:00; Su,PH 08:00-21:00"}},{"type":"Feature","geometry":{"type":"Point","coordinates":[-74.048188,4.66322]},"properties":{"id":"osm:n10681831934","type":"pharmacy","name":"Cruz Verde","source":"osm","osmId":"node/10681831934"}},{"type":"Feature","geometry":{"type":"Point","coordinates":[-74.048076,4.663313]},"properties":{"id":"osm:n10681833302","type":"pharmacy","name":"Droguería Septima","source":"osm","osmId":"node/10681833302","openingHours":"Mo-Sa 08:00-22:00"}},{"type":"Feature","geometry":{"type":"Point","coordinates":[-74.048313,4.66307]},"properties":{"id":"osm:n10681840488","type":"pharmacy","name":"Droguería Nuevo Milenio","source":"osm","osmId":"node/10681840488","openingHours":"Mo-Sa 07:00-22:00"}},{"type":"Feature","geometry":{"type":"Point","coordinates":[-74.048277,4.663093]},"properties":{"id":"osm:n10681849906","type":"pharmacy","name":"Drogas La Economía","source":"osm","osmId":"node/10681849906"}},{"type":"Feature","geometry":{"type":"Point","coordinates":[-74.035624,4.717912]},"properties":{"id":"osm:n10689014286","type":"pharmacy","name":"Farmacenter","source":"osm","osmId":"node/10689014286"}},{"type":"Feature","geometry":{"type":"Point","coordinates":[-74.062366,4.675599]},"properties":{"id":"osm:n10698166605","type":"health","name":"fami care IPS","source":"osm","osmId":"node/10698166605"}},{"type":"Feature","geometry":{"type":"Point","coordinates":[-74.074607,4.621286]},"properties":{"id":"osm:n10698169105","type":"health","source":"osm","osmId":"node/10698169105"}},{"type":"Feature","geometry":{"type":"Point","coordinates":[-74.062467,4.674896]},"properties":{"id":"osm:n10699711405","type":"health","source":"osm","osmId":"node/10699711405"}},{"type":"Feature","geometry":{"type":"Point","coordinates":[-74.047189,4.675595]},"properties":{"id":"osm:n10713178194","type":"pharmacy","name":"Cruz Verde","source":"osm","osmId":"node/10713178194"}},{"type":"Feature","geometry":{"type":"Point","coordinates":[-74.047216,4.675531]},"properties":{"id":"osm:n10713191952","type":"pharmacy","name":"Bristol Plus 93","source":"osm","osmId":"node/10713191952"}},{"type":"Feature","geometry":{"type":"Point","coordinates":[-74.063841,4.645864]},"properties":{"id":"osm:n10713427007","type":"atm","name":"Banco Caja Social","source":"osm","osmId":"node/10713427007","operator":"Banco Caja Social","openingHours":"Su-Sa 06:00-22:00"}},{"type":"Feature","geometry":{"type":"Point","coordinates":[-74.076906,4.622947]},"properties":{"id":"osm:n10734026507","type":"health","name":"clinica garper medical s.a.s","source":"osm","osmId":"node/10734026507"}},{"type":"Feature","geometry":{"type":"Point","coordinates":[-74.437645,4.731397]},"properties":{"id":"osm:n10743349517","type":"atm","name":"Servibanca","source":"osm","osmId":"node/10743349517"}},{"type":"Feature","geometry":{"type":"Point","coordinates":[-74.049983,4.666652]},"properties":{"id":"osm:n10803204005","type":"atm","name":"servibanca","source":"osm","osmId":"node/10803204005","operator":"servibanca","covered":"yes"}},{"type":"Feature","geometry":{"type":"Point","coordinates":[-74.05,4.666635]},"properties":{"id":"osm:n10803204105","type":"atm","name":"Scotiabank Colpatria","source":"osm","osmId":"node/10803204105","operator":"Scotiabank Colpatria","covered":"yes"}},{"type":"Feature","geometry":{"type":"Point","coordinates":[-74.051183,4.66489]},"properties":{"id":"osm:n10804535291","type":"pharmacy","name":"Farmatodo","source":"osm","osmId":"node/10804535291"}},{"type":"Feature","geometry":{"type":"Point","coordinates":[-74.114087,4.723824]},"properties":{"id":"osm:n10806631783","type":"pharmacy","name":"Cruz Verde","source":"osm","osmId":"node/10806631783"}},{"type":"Feature","geometry":{"type":"Point","coordinates":[-74.100808,4.647795]},"properties":{"id":"osm:n10809777781","type":"pharmacy","name":"Farmatodo","source":"osm","osmId":"node/10809777781"}},{"type":"Feature","geometry":{"type":"Point","coordinates":[-74.053466,4.669695]},"properties":{"id":"osm:n10814814279","type":"pharmacy","name":"Belle Farma","source":"osm","osmId":"node/10814814279"}},{"type":"Feature","geometry":{"type":"Point","coordinates":[-74.143105,4.700324]},"properties":{"id":"osm:n10886259573","type":"pharmacy","name":"pura","source":"osm","osmId":"node/10886259573"}},{"type":"Feature","geometry":{"type":"Point","coordinates":[-74.143284,4.700483]},"properties":{"id":"osm:n10891514030","type":"toilets","source":"osm","osmId":"node/10891514030","fee":"no"}},{"type":"Feature","geometry":{"type":"Point","coordinates":[-74.143386,4.700591]},"properties":{"id":"osm:n10891514031","type":"toilets","source":"osm","osmId":"node/10891514031","fee":"no"}},{"type":"Feature","geometry":{"type":"Point","coordinates":[-74.056968,4.681969]},"properties":{"id":"osm:n10916002465","type":"pharmacy","name":"Med Plus","source":"osm","osmId":"node/10916002465"}},{"type":"Feature","geometry":{"type":"Point","coordinates":[-74.058149,4.684651]},"properties":{"id":"osm:n10916002471","type":"health","name":"Compensar Salud Plan Complementario","source":"osm","osmId":"node/10916002471","operator":"Compensar"}},{"type":"Feature","geometry":{"type":"Point","coordinates":[-74.227633,4.703521]},"properties":{"id":"osm:n10938988764","type":"bike_parking","source":"osm","osmId":"node/10938988764"}},{"type":"Feature","geometry":{"type":"Point","coordinates":[-74.227826,4.703728]},"properties":{"id":"osm:n10938988771","type":"bike_parking","source":"osm","osmId":"node/10938988771"}},{"type":"Feature","geometry":{"type":"Point","coordinates":[-74.228096,4.703825]},"properties":{"id":"osm:n10938988780","type":"bike_parking","source":"osm","osmId":"node/10938988780"}},{"type":"Feature","geometry":{"type":"Point","coordinates":[-74.230154,4.704635]},"properties":{"id":"osm:n10940184268","type":"bike_parking","source":"osm","osmId":"node/10940184268","capacity":"12","covered":"no"}},{"type":"Feature","geometry":{"type":"Point","coordinates":[-74.230188,4.704597]},"properties":{"id":"osm:n10940184269","type":"bike_parking","source":"osm","osmId":"node/10940184269","capacity":"12","covered":"no"}},{"type":"Feature","geometry":{"type":"Point","coordinates":[-74.229316,4.704705]},"properties":{"id":"osm:n10940184286","type":"bike_parking","source":"osm","osmId":"node/10940184286"}},{"type":"Feature","geometry":{"type":"Point","coordinates":[-74.229428,4.704822]},"properties":{"id":"osm:n10940184288","type":"bike_parking","source":"osm","osmId":"node/10940184288"}},{"type":"Feature","geometry":{"type":"Point","coordinates":[-74.230097,4.704381]},"properties":{"id":"osm:n10945592815","type":"health","source":"osm","osmId":"node/10945592815"}},{"type":"Feature","geometry":{"type":"Point","coordinates":[-74.229535,4.704063]},"properties":{"id":"osm:n10945592830","type":"health","source":"osm","osmId":"node/10945592830"}},{"type":"Feature","geometry":{"type":"Point","coordinates":[-74.231317,4.705378]},"properties":{"id":"osm:n10947958030","type":"pharmacy","name":"Market Fharma","source":"osm","osmId":"node/10947958030","openingHours":"PH,Mo-Su 06:30-21:00"}},{"type":"Feature","geometry":{"type":"Point","coordinates":[-74.231309,4.705169]},"properties":{"id":"osm:n10950852850","type":"health","source":"osm","osmId":"node/10950852850"}},{"type":"Feature","geometry":{"type":"Point","coordinates":[-74.230487,4.706012]},"properties":{"id":"osm:n10951977382","type":"pharmacy","name":"Parque de Mosquera","source":"osm","osmId":"node/10951977382"}},{"type":"Feature","geometry":{"type":"Point","coordinates":[-74.232324,4.70604]},"properties":{"id":"osm:n10975618609","type":"bike_parking","name":"Niko's Pan","source":"osm","osmId":"node/10975618609"}},{"type":"Feature","geometry":{"type":"Point","coordinates":[-74.230955,4.704938]},"properties":{"id":"osm:n10975618805","type":"bike_parking","source":"osm","osmId":"node/10975618805"}},{"type":"Feature","geometry":{"type":"Point","coordinates":[-74.230672,4.705997]},"properties":{"id":"osm:n10975618813","type":"bike_parking","name":"Tarantela","source":"osm","osmId":"node/10975618813"}},{"type":"Feature","geometry":{"type":"Point","coordinates":[-74.231683,4.705511]},"properties":{"id":"osm:n10975619005","type":"bike_parking","source":"osm","osmId":"node/10975619005"}},{"type":"Feature","geometry":{"type":"Point","coordinates":[-74.056592,4.708979]},"properties":{"id":"osm:n10984832294","type":"pharmacy","name":"Farmacenter Lisboa Tierralinda","source":"osm","osmId":"node/10984832294"}},{"type":"Feature","geometry":{"type":"Point","coordinates":[-74.055718,4.708119]},"properties":{"id":"osm:n10987951464","type":"bike_parking","source":"osm","osmId":"node/10987951464"}},{"type":"Feature","geometry":{"type":"Point","coordinates":[-74.190467,4.624619]},"properties":{"id":"osm:n10996205603","type":"pharmacy","name":"Arisalud MM","source":"osm","osmId":"node/10996205603"}},{"type":"Feature","geometry":{"type":"Point","coordinates":[-74.046402,4.717083]},"properties":{"id":"osm:n11006435013","type":"pharmacy","name":"Bótica Mental - Droguería Especializada en Medicamentos del Sistema Nervioso","source":"osm","osmId":"node/11006435013"}},{"type":"Feature","geometry":{"type":"Point","coordinates":[-74.056838,4.708306]},"properties":{"id":"osm:n11013346891","type":"bike_parking","source":"osm","osmId":"node/11013346891"}},{"type":"Feature","geometry":{"type":"Point","coordinates":[-74.058591,4.709726]},"properties":{"id":"osm:n11015138726","type":"bike_parking","source":"osm","osmId":"node/11015138726","capacity":"3","covered":"no"}},{"type":"Feature","geometry":{"type":"Point","coordinates":[-74.039729,4.781173]},"properties":{"id":"osm:n11037472018","type":"toilets","source":"osm","osmId":"node/11037472018"}},{"type":"Feature","geometry":{"type":"Point","coordinates":[-74.039638,4.781243]},"properties":{"id":"osm:n11037472024","type":"atm","source":"osm","osmId":"node/11037472024"}},{"type":"Feature","geometry":{"type":"Point","coordinates":[-74.140285,4.697819]},"properties":{"id":"osm:n11037516705","type":"police","source":"osm","osmId":"node/11037516705"}},{"type":"Feature","geometry":{"type":"Point","coordinates":[-74.200371,4.612202]},"properties":{"id":"osm:n11074087969","type":"pharmacy","name":"Farmacia Don Adrian","source":"osm","osmId":"node/11074087969","openingHours":"Mo-Sa 08:00-18:00"}},{"type":"Feature","geometry":{"type":"Point","coordinates":[-74.066576,4.71081]},"properties":{"id":"osm:n11142499028","type":"bike_parking","source":"osm","osmId":"node/11142499028"}},{"type":"Feature","geometry":{"type":"Point","coordinates":[-74.22943,4.711364]},"properties":{"id":"osm:n11152236172","type":"health","name":"Ango Fisioterapia","source":"osm","osmId":"node/11152236172"}},{"type":"Feature","geometry":{"type":"Point","coordinates":[-74.060731,4.649042]},"properties":{"id":"osm:n11157952022","type":"atm","name":"Bitcoin ATM","source":"osm","osmId":"node/11157952022","operator":"Computex Bitcoin"}},{"type":"Feature","geometry":{"type":"Point","coordinates":[-74.140481,4.627867]},"properties":{"id":"osm:n11184573538","type":"pharmacy","name":"Drosemar","source":"osm","osmId":"node/11184573538"}},{"type":"Feature","geometry":{"type":"Point","coordinates":[-74.384156,4.468301]},"properties":{"id":"osm:n11198930572","type":"pharmacy","name":"Droguería Droxi","source":"osm","osmId":"node/11198930572"}},{"type":"Feature","geometry":{"type":"Point","coordinates":[-74.384088,4.467751]},"properties":{"id":"osm:n11198950209","type":"health","name":"Puesto de salud de Subia","source":"osm","osmId":"node/11198950209"}},{"type":"Feature","geometry":{"type":"Point","coordinates":[-74.383582,4.468381]},"properties":{"id":"osm:n11198957751","type":"pharmacy","name":"Droguería Galán Farmaunión","source":"osm","osmId":"node/11198957751"}},{"type":"Feature","geometry":{"type":"Point","coordinates":[-73.866271,4.322926]},"properties":{"id":"osm:n11205124903","type":"bike_parking","source":"osm","osmId":"node/11205124903"}},{"type":"Feature","geometry":{"type":"Point","coordinates":[-74.075285,4.68629]},"properties":{"id":"osm:n11263548426","type":"atm","name":"Davivienda","source":"osm","osmId":"node/11263548426","operator":"Davivienda"}},{"type":"Feature","geometry":{"type":"Point","coordinates":[-74.075297,4.686304]},"properties":{"id":"osm:n11263548427","type":"atm","name":"Bancolombia","source":"osm","osmId":"node/11263548427","operator":"Bancolombia"}},{"type":"Feature","geometry":{"type":"Point","coordinates":[-74.075309,4.686323]},"properties":{"id":"osm:n11263548428","type":"atm","source":"osm","osmId":"node/11263548428"}},{"type":"Feature","geometry":{"type":"Point","coordinates":[-74.063041,4.664613]},"properties":{"id":"osm:n11263552241","type":"health","name":"IMEVI","source":"osm","osmId":"node/11263552241"}},{"type":"Feature","geometry":{"type":"Point","coordinates":[-74.30474,4.605812]},"properties":{"id":"osm:n11263560316","type":"toilets","source":"osm","osmId":"node/11263560316"}},{"type":"Feature","geometry":{"type":"Point","coordinates":[-74.072324,4.609069]},"properties":{"id":"osm:n11280421935","type":"pharmacy","name":"La Economía","source":"osm","osmId":"node/11280421935"}},{"type":"Feature","geometry":{"type":"Point","coordinates":[-74.137437,4.676741]},"properties":{"id":"osm:n11287362558","type":"pharmacy","name":"Farmacenter","source":"osm","osmId":"node/11287362558"}},{"type":"Feature","geometry":{"type":"Point","coordinates":[-74.090568,4.745195]},"properties":{"id":"osm:n11308012979","type":"pharmacy","name":"Drogeria Nebraska","source":"osm","osmId":"node/11308012979","openingHours":"Mo-Su 10:00-22:00"}},{"type":"Feature","geometry":{"type":"Point","coordinates":[-74.275478,4.737353]},"properties":{"id":"osm:n11308578910","type":"atm","name":"Bancolombia","source":"osm","osmId":"node/11308578910","operator":"Bancolombia"}},{"type":"Feature","geometry":{"type":"Point","coordinates":[-74.050418,4.669027]},"properties":{"id":"osm:n11349713902","type":"pharmacy","name":"OnFarma","source":"osm","osmId":"node/11349713902"}},{"type":"Feature","geometry":{"type":"Point","coordinates":[-74.235557,4.696124]},"properties":{"id":"osm:n11359295289","type":"pharmacy","name":"Farmacenter Guayacán","source":"osm","osmId":"node/11359295289","operator":"Farmacenter"}},{"type":"Feature","geometry":{"type":"Point","coordinates":[-74.08064,4.742085]},"properties":{"id":"osm:n11396538969","type":"toilets","source":"osm","osmId":"node/11396538969","wheelchair":"yes","fee":"no"}},{"type":"Feature","geometry":{"type":"Point","coordinates":[-74.231873,4.705544]},"properties":{"id":"osm:n11417817642","type":"bike_parking","source":"osm","osmId":"node/11417817642"}},{"type":"Feature","geometry":{"type":"Point","coordinates":[-74.071373,4.618864]},"properties":{"id":"osm:n11423818027","type":"health","name":"Clínica de Especialistas","source":"osm","osmId":"node/11423818027"}},{"type":"Feature","geometry":{"type":"Point","coordinates":[-74.055707,4.691877]},"properties":{"id":"osm:n11495725329","type":"pharmacy","name":"Droguería Cruz Azul","source":"osm","osmId":"node/11495725329"}},{"type":"Feature","geometry":{"type":"Point","coordinates":[-74.055893,4.691516]},"properties":{"id":"osm:n11495735208","type":"pharmacy","name":"Farmatodo","source":"osm","osmId":"node/11495735208","openingHours":"24/7"}},{"type":"Feature","geometry":{"type":"Point","coordinates":[-74.142421,4.698442]},"properties":{"id":"osm:n11563720239","type":"atm","name":"Bancolombia","source":"osm","osmId":"node/11563720239","operator":"Bancolombia"}},{"type":"Feature","geometry":{"type":"Point","coordinates":[-74.142034,4.698253]},"properties":{"id":"osm:n11563720240","type":"atm","name":"Servibanca","source":"osm","osmId":"node/11563720240","operator":"Servibanca"}},{"type":"Feature","geometry":{"type":"Point","coordinates":[-74.038693,4.679739]},"properties":{"id":"osm:n11619618159","type":"atm","name":"Itau","source":"osm","osmId":"node/11619618159","operator":"Itau"}},{"type":"Feature","geometry":{"type":"Point","coordinates":[-74.040708,4.680624]},"properties":{"id":"osm:n11619643602","type":"pharmacy","name":"Cruz Verde","source":"osm","osmId":"node/11619643602"}},{"type":"Feature","geometry":{"type":"Point","coordinates":[-74.050541,4.685258]},"properties":{"id":"osm:n11641151715","type":"pharmacy","name":"Drogas La Rebaja","source":"osm","osmId":"node/11641151715"}},{"type":"Feature","geometry":{"type":"Point","coordinates":[-74.050837,4.685306]},"properties":{"id":"osm:n11641151718","type":"atm","name":"Banco Agrario","source":"osm","osmId":"node/11641151718","operator":"Banco Agrario"}},{"type":"Feature","geometry":{"type":"Point","coordinates":[-74.050125,4.666231]},"properties":{"id":"osm:n11726004709","type":"bike_parking","source":"osm","osmId":"node/11726004709","capacity":"12","covered":"no"}},{"type":"Feature","geometry":{"type":"Point","coordinates":[-74.056707,4.666353]},"properties":{"id":"osm:n11762425269","type":"pharmacy","source":"osm","osmId":"node/11762425269"}},{"type":"Feature","geometry":{"type":"Point","coordinates":[-74.068039,4.663061]},"properties":{"id":"osm:n11780725924","type":"atm","name":"BBVA","source":"osm","osmId":"node/11780725924","operator":"BBVA"}},{"type":"Feature","geometry":{"type":"Point","coordinates":[-74.062458,4.694313]},"properties":{"id":"osm:n11784012369","type":"atm","name":"Davivienda","source":"osm","osmId":"node/11784012369","operator":"Davivienda"}},{"type":"Feature","geometry":{"type":"Point","coordinates":[-74.074714,4.710358]},"properties":{"id":"osm:n11809938953","type":"pharmacy","name":"Droguería Colsubsidio","source":"osm","osmId":"node/11809938953"}},{"type":"Feature","geometry":{"type":"Point","coordinates":[-74.071536,4.707201]},"properties":{"id":"osm:n11813150987","type":"pharmacy","name":"La Rebaja Droguería","source":"osm","osmId":"node/11813150987"}},{"type":"Feature","geometry":{"type":"Point","coordinates":[-74.045558,4.678861]},"properties":{"id":"osm:n11826206245","type":"pharmacy","name":"Cruz Verde","source":"osm","osmId":"node/11826206245"}},{"type":"Feature","geometry":{"type":"Point","coordinates":[-74.069602,4.594859]},"properties":{"id":"osm:n11829495484","type":"toilets","source":"osm","osmId":"node/11829495484"}},{"type":"Feature","geometry":{"type":"Point","coordinates":[-74.060479,4.687014]},"properties":{"id":"osm:n11906880586","type":"health","name":"Clínica de la piel","source":"osm","osmId":"node/11906880586"}},{"type":"Feature","geometry":{"type":"Point","coordinates":[-74.069266,4.594471]},"properties":{"id":"osm:n11910374553","type":"atm","name":"Servibanca","source":"osm","osmId":"node/11910374553","operator":"Servibanca"}},{"type":"Feature","geometry":{"type":"Point","coordinates":[-74.069248,4.594501]},"properties":{"id":"osm:n11910468664","type":"atm","name":"Red Aval","source":"osm","osmId":"node/11910468664","operator":"Red Aval"}},{"type":"Feature","geometry":{"type":"Point","coordinates":[-74.069248,4.594523]},"properties":{"id":"osm:n11910468788","type":"atm","name":"Bancolombia","source":"osm","osmId":"node/11910468788","wheelchair":"limited","operator":"Bancolombia","covered":"yes"}},{"type":"Feature","geometry":{"type":"Point","coordinates":[-74.065583,4.738449]},"properties":{"id":"osm:n11916387567","type":"pharmacy","name":"Cruz Verde","source":"osm","osmId":"node/11916387567"}},{"type":"Feature","geometry":{"type":"Point","coordinates":[-74.06044,4.665427]},"properties":{"id":"osm:n11933073837","type":"pharmacy","name":"Colsubsidio","source":"osm","osmId":"node/11933073837"}},{"type":"Feature","geometry":{"type":"Point","coordinates":[-74.060387,4.665776]},"properties":{"id":"osm:n11933111665","type":"atm","name":"Cajero Davivienda","source":"osm","osmId":"node/11933111665"}},{"type":"Feature","geometry":{"type":"Point","coordinates":[-74.040956,4.680765]},"properties":{"id":"osm:n11990634616","type":"pharmacy","name":"Cruz Verde","source":"osm","osmId":"node/11990634616"}},{"type":"Feature","geometry":{"type":"Point","coordinates":[-74.066096,4.729137]},"properties":{"id":"osm:n11994328769","type":"pharmacy","name":"Droguería Colsubsidio","source":"osm","osmId":"node/11994328769"}},{"type":"Feature","geometry":{"type":"Point","coordinates":[-74.096115,4.745854]},"properties":{"id":"osm:n12007318969","type":"health","name":"Colmedica, sede Alpaso, piso 5","source":"osm","osmId":"node/12007318969"}},{"type":"Feature","geometry":{"type":"Point","coordinates":[-74.031703,4.712258]},"properties":{"id":"osm:n12007824769","type":"pharmacy","name":"Droguería La Rebaja","source":"osm","osmId":"node/12007824769"}},{"type":"Feature","geometry":{"type":"Point","coordinates":[-74.024311,4.727024]},"properties":{"id":"osm:n12014997769","type":"health","name":"Colmedica sede Belaire","source":"osm","osmId":"node/12014997769"}},{"type":"Feature","geometry":{"type":"Point","coordinates":[-74.055226,4.663692]},"properties":{"id":"osm:n12068393208","type":"library","name":"Biblioteca Hildebrando Perico Afanador","source":"osm","osmId":"node/12068393208","operator":"Universidad EAN","openingHours":"Mo-Fr 06:00-22:00; Sa 06:00-18:00"}},{"type":"Feature","geometry":{"type":"Point","coordinates":[-74.052357,4.685599]},"properties":{"id":"osm:n12074338591","type":"pharmacy","name":"Farmatodo","source":"osm","osmId":"node/12074338591"}},{"type":"Feature","geometry":{"type":"Point","coordinates":[-74.195149,4.613607]},"properties":{"id":"osm:n12092404269","type":"pharmacy","name":"Drogiería","source":"osm","osmId":"node/12092404269"}},{"type":"Feature","geometry":{"type":"Point","coordinates":[-74.067613,4.607077]},"properties":{"id":"osm:n12109492984","type":"atm","name":"Banco de Bogotá","source":"osm","osmId":"node/12109492984","operator":"Banco de Bogotá"}},{"type":"Feature","geometry":{"type":"Point","coordinates":[-74.067598,4.607102]},"properties":{"id":"osm:n12109492985","type":"atm","name":"Bancolombia","source":"osm","osmId":"node/12109492985","operator":"Bancolombia"}},{"type":"Feature","geometry":{"type":"Point","coordinates":[-74.060924,4.857299]},"properties":{"id":"osm:n12113861247","type":"pharmacy","name":"Cruz Verde","source":"osm","osmId":"node/12113861247"}},{"type":"Feature","geometry":{"type":"Point","coordinates":[-74.067373,4.607704]},"properties":{"id":"osm:n12147057330","type":"toilets","source":"osm","osmId":"node/12147057330"}},{"type":"Feature","geometry":{"type":"Point","coordinates":[-74.067539,4.607927]},"properties":{"id":"osm:n12147057345","type":"bike_parking","source":"osm","osmId":"node/12147057345"}},{"type":"Feature","geometry":{"type":"Point","coordinates":[-74.092026,4.809084]},"properties":{"id":"osm:n12165639580","type":"pharmacy","name":"Farmatodo","source":"osm","osmId":"node/12165639580"}},{"type":"Feature","geometry":{"type":"Point","coordinates":[-74.06844,4.607652]},"properties":{"id":"osm:n12168928444","type":"toilets","source":"osm","osmId":"node/12168928444","wheelchair":"yes"}},{"type":"Feature","geometry":{"type":"Point","coordinates":[-74.068447,4.607659]},"properties":{"id":"osm:n12168928445","type":"toilets","source":"osm","osmId":"node/12168928445","wheelchair":"yes"}},{"type":"Feature","geometry":{"type":"Point","coordinates":[-74.053007,4.66529]},"properties":{"id":"osm:n12219125134","type":"bike_parking","source":"osm","osmId":"node/12219125134","covered":"no"}},{"type":"Feature","geometry":{"type":"Point","coordinates":[-74.200909,4.632928]},"properties":{"id":"osm:n12248808839","type":"library","name":"Biblioteca Pública Local de Bosa","source":"osm","osmId":"node/12248808839","operator":"BibloRed","openingHours":"Tu-Sa 08:00-17:00"}},{"type":"Feature","geometry":{"type":"Point","coordinates":[-74.168095,4.587957]},"properties":{"id":"osm:n12248808844","type":"library","name":"Bioblioteca Pública Local de Perdomo","source":"osm","osmId":"node/12248808844","operator":"Biblo Red","openingHours":"Tu-Sa 08:00-17:00"}},{"type":"Feature","geometry":{"type":"Point","coordinates":[-74.112588,4.656445]},"properties":{"id":"osm:n12293898287","type":"pharmacy","name":"La Rebaja","source":"osm","osmId":"node/12293898287"}},{"type":"Feature","geometry":{"type":"Point","coordinates":[-74.100061,4.667782]},"properties":{"id":"osm:n12307960750","type":"toilets","source":"osm","osmId":"node/12307960750","wheelchair":"yes","fee":"no"}},{"type":"Feature","geometry":{"type":"Point","coordinates":[-74.056747,4.693163]},"properties":{"id":"osm:n12313761201","type":"health","name":"Oncolife 104","source":"osm","osmId":"node/12313761201","openingHours":"Fr,Tu-Th,Mo 06:00-17:00; Sa 06:00-13:00"}},{"type":"Feature","geometry":{"type":"Point","coordinates":[-74.057155,4.690524]},"properties":{"id":"osm:n12313761202","type":"health","name":"Clínica Oncolife 103","source":"osm","osmId":"node/12313761202","openingHours":"24/7"}},{"type":"Feature","geometry":{"type":"Point","coordinates":[-73.952417,4.743091]},"properties":{"id":"osm:n12336239454","type":"bike_parking","source":"osm","osmId":"node/12336239454","capacity":"40","fee":"no","covered":"no"}},{"type":"Feature","geometry":{"type":"Point","coordinates":[-73.952415,4.742897]},"properties":{"id":"osm:n12336239463","type":"toilets","source":"osm","osmId":"node/12336239463"}},{"type":"Feature","geometry":{"type":"Point","coordinates":[-74.07237,4.650712]},"properties":{"id":"osm:n12341084785","type":"health","name":"Centro Médico de Especialistas","source":"osm","osmId":"node/12341084785"}},{"type":"Feature","geometry":{"type":"Point","coordinates":[-74.055258,4.670471]},"properties":{"id":"osm:n12363236593","type":"pharmacy","name":"Cruz Verde","source":"osm","osmId":"node/12363236593"}},{"type":"Feature","geometry":{"type":"Point","coordinates":[-74.056571,4.666934]},"properties":{"id":"osm:n12363236594","type":"pharmacy","name":"Colsubsidio","source":"osm","osmId":"node/12363236594"}},{"type":"Feature","geometry":{"type":"Point","coordinates":[-74.032207,4.594512]},"properties":{"id":"osm:n12365761041","type":"bike_parking","source":"osm","osmId":"node/12365761041","capacity":"5"}},{"type":"Feature","geometry":{"type":"Point","coordinates":[-74.070072,4.589593]},"properties":{"id":"osm:n12366031345","type":"health","name":"Hospital Jorge Eliecer Gaitán","source":"osm","osmId":"node/12366031345"}},{"type":"Feature","geometry":{"type":"Point","coordinates":[-74.064377,4.628867]},"properties":{"id":"osm:n12388978809","type":"bike_parking","name":"Parqueadero bicicletas","source":"osm","osmId":"node/12388978809","openingHours":"Mo-Fr 06:00-22:00; Sa 06:00-14:00"}},{"type":"Feature","geometry":{"type":"Point","coordinates":[-74.263883,4.474957]},"properties":{"id":"osm:n12408319921","type":"toilets","source":"osm","osmId":"node/12408319921","wheelchair":"yes","fee":"no"}},{"type":"Feature","geometry":{"type":"Point","coordinates":[-74.259055,4.491593]},"properties":{"id":"osm:n12408324020","type":"atm","name":"Davivienda","source":"osm","osmId":"node/12408324020","operator":"Davivienda"}},{"type":"Feature","geometry":{"type":"Point","coordinates":[-74.20576,4.584501]},"properties":{"id":"osm:n12410487397","type":"atm","name":"Banco de Bogotá","source":"osm","osmId":"node/12410487397","operator":"Banco de Bogotá"}},{"type":"Feature","geometry":{"type":"Point","coordinates":[-74.206329,4.584737]},"properties":{"id":"osm:n12410510817","type":"atm","name":"Bancolombia","source":"osm","osmId":"node/12410510817","operator":"Bancolombia"}},{"type":"Feature","geometry":{"type":"Point","coordinates":[-74.097634,4.619075]},"properties":{"id":"osm:n12410516499","type":"atm","name":"DAVIVIENDA","source":"osm","osmId":"node/12410516499","operator":"DAVIVIENDA"}},{"type":"Feature","geometry":{"type":"Point","coordinates":[-74.20648,4.583852]},"properties":{"id":"osm:n12413328019","type":"atm","name":"Bancolombia","source":"osm","osmId":"node/12413328019","operator":"Bancolombia"}},{"type":"Feature","geometry":{"type":"Point","coordinates":[-74.206594,4.584469]},"properties":{"id":"osm:n12413354081","type":"atm","name":"Davivienda","source":"osm","osmId":"node/12413354081","operator":"Davivienda"}},{"type":"Feature","geometry":{"type":"Point","coordinates":[-74.086406,4.61876]},"properties":{"id":"osm:n12414034201","type":"atm","name":"Cajero Banco Caja Social","source":"osm","osmId":"node/12414034201","operator":"Banco Caja Social"}},{"type":"Feature","geometry":{"type":"Point","coordinates":[-74.086392,4.617285]},"properties":{"id":"osm:n12414034202","type":"atm","name":"Cajero Banco de Bogotá","source":"osm","osmId":"node/12414034202","operator":"Banco de Bogotá"}},{"type":"Feature","geometry":{"type":"Point","coordinates":[-74.085591,4.618261]},"properties":{"id":"osm:n12414034601","type":"atm","name":"Cajero Bancolombia","source":"osm","osmId":"node/12414034601","operator":"Bancolombia"}},{"type":"Feature","geometry":{"type":"Point","coordinates":[-74.086524,4.618431]},"properties":{"id":"osm:n12414035001","type":"atm","name":"Cajero Davivienda","source":"osm","osmId":"node/12414035001","operator":"Davivienda"}},{"type":"Feature","geometry":{"type":"Point","coordinates":[-74.045115,4.729343]},"properties":{"id":"osm:n12461695942","type":"atm","name":"Bancolombia","source":"osm","osmId":"node/12461695942","operator":"Bancolombia"}},{"type":"Feature","geometry":{"type":"Point","coordinates":[-74.059868,4.718995]},"properties":{"id":"osm:n12462452407","type":"pharmacy","name":"Droguería Farmavivir","source":"osm","osmId":"node/12462452407"}},{"type":"Feature","geometry":{"type":"Point","coordinates":[-74.042411,4.762613]},"properties":{"id":"osm:n12464234654","type":"toilets","source":"osm","osmId":"node/12464234654","wheelchair":"yes"}},{"type":"Feature","geometry":{"type":"Point","coordinates":[-74.043139,4.762452]},"properties":{"id":"osm:n12464234677","type":"toilets","source":"osm","osmId":"node/12464234677","wheelchair":"yes"}},{"type":"Feature","geometry":{"type":"Point","coordinates":[-74.045104,4.729256]},"properties":{"id":"osm:n12473817701","type":"atm","name":"Serviba M","source":"osm","osmId":"node/12473817701","operator":"Serviba M"}},{"type":"Feature","geometry":{"type":"Point","coordinates":[-74.045885,4.724143]},"properties":{"id":"osm:n12473854258","type":"bike_parking","source":"osm","osmId":"node/12473854258","capacity":"16","fee":"no","covered":"no"}},{"type":"Feature","geometry":{"type":"Point","coordinates":[-74.040602,4.727166]},"properties":{"id":"osm:n12486818592","type":"bike_parking","source":"osm","osmId":"node/12486818592","capacity":"8","fee":"no","covered":"no"}},{"type":"Feature","geometry":{"type":"Point","coordinates":[-74.045204,4.728059]},"properties":{"id":"osm:n12486845074","type":"bike_parking","source":"osm","osmId":"node/12486845074","capacity":"8","fee":"no","covered":"no"}},{"type":"Feature","geometry":{"type":"Point","coordinates":[-74.045405,4.72722]},"properties":{"id":"osm:n12486866838","type":"bike_parking","source":"osm","osmId":"node/12486866838","capacity":"8","fee":"no","covered":"no"}},{"type":"Feature","geometry":{"type":"Point","coordinates":[-74.153253,4.67136]},"properties":{"id":"osm:n12492413253","type":"pharmacy","name":"Cruz Verde","source":"osm","osmId":"node/12492413253"}},{"type":"Feature","geometry":{"type":"Point","coordinates":[-74.153299,4.671284]},"properties":{"id":"osm:n12492414550","type":"atm","name":"Servibanca","source":"osm","osmId":"node/12492414550","operator":"Servibanca"}},{"type":"Feature","geometry":{"type":"Point","coordinates":[-74.153479,4.671341]},"properties":{"id":"osm:n12492414551","type":"atm","name":"Davivienda","source":"osm","osmId":"node/12492414551","operator":"Davivienda"}},{"type":"Feature","geometry":{"type":"Point","coordinates":[-74.046513,4.720724]},"properties":{"id":"osm:n12493622341","type":"bike_parking","source":"osm","osmId":"node/12493622341","capacity":"50","covered":"yes"}},{"type":"Feature","geometry":{"type":"Point","coordinates":[-74.045139,4.729372]},"properties":{"id":"osm:n12496829592","type":"pharmacy","name":"Cruz Verde","source":"osm","osmId":"node/12496829592"}},{"type":"Feature","geometry":{"type":"Point","coordinates":[-74.046429,4.720481]},"properties":{"id":"osm:n12497965799","type":"bike_parking","source":"osm","osmId":"node/12497965799","capacity":"16","fee":"no","covered":"no"}},{"type":"Feature","geometry":{"type":"Point","coordinates":[-74.045317,4.728891]},"properties":{"id":"osm:n12497994883","type":"bike_parking","source":"osm","osmId":"node/12497994883","capacity":"8","fee":"no","covered":"no"}},{"type":"Feature","geometry":{"type":"Point","coordinates":[-74.04918,4.721014]},"properties":{"id":"osm:n12497994884","type":"bike_parking","source":"osm","osmId":"node/12497994884","capacity":"8","fee":"no","covered":"no"}},{"type":"Feature","geometry":{"type":"Point","coordinates":[-74.049156,4.721187]},"properties":{"id":"osm:n12497994885","type":"bike_parking","source":"osm","osmId":"node/12497994885","capacity":"8","fee":"no","covered":"no"}},{"type":"Feature","geometry":{"type":"Point","coordinates":[-74.049204,4.721186]},"properties":{"id":"osm:n12497994886","type":"bike_parking","source":"osm","osmId":"node/12497994886","capacity":"8","fee":"no","covered":"no"}},{"type":"Feature","geometry":{"type":"Point","coordinates":[-74.049259,4.721183]},"properties":{"id":"osm:n12497994887","type":"bike_parking","source":"osm","osmId":"node/12497994887","capacity":"8","fee":"no","covered":"no"}},{"type":"Feature","geometry":{"type":"Point","coordinates":[-74.049317,4.7212]},"properties":{"id":"osm:n12497994888","type":"bike_parking","source":"osm","osmId":"node/12497994888","capacity":"8","fee":"no","covered":"no"}},{"type":"Feature","geometry":{"type":"Point","coordinates":[-74.360757,4.343083]},"properties":{"id":"osm:n12507696269","type":"atm","name":"Cajero Davivienda","source":"osm","osmId":"node/12507696269","operator":"Davivienda"}},{"type":"Feature","geometry":{"type":"Point","coordinates":[-74.049418,4.721383]},"properties":{"id":"osm:n12524621792","type":"bike_parking","source":"osm","osmId":"node/12524621792","capacity":"12","fee":"no","covered":"no"}},{"type":"Feature","geometry":{"type":"Point","coordinates":[-74.049132,4.721584]},"properties":{"id":"osm:n12524621793","type":"bike_parking","source":"osm","osmId":"node/12524621793","capacity":"16","fee":"no","covered":"no"}},{"type":"Feature","geometry":{"type":"Point","coordinates":[-74.049168,4.721595]},"properties":{"id":"osm:n12524621794","type":"bike_parking","source":"osm","osmId":"node/12524621794","capacity":"16","fee":"no","covered":"no"}},{"type":"Feature","geometry":{"type":"Point","coordinates":[-74.049259,4.721591]},"properties":{"id":"osm:n12524621795","type":"bike_parking","source":"osm","osmId":"node/12524621795","capacity":"16","fee":"no","covered":"no"}},{"type":"Feature","geometry":{"type":"Point","coordinates":[-74.0493,4.721589]},"properties":{"id":"osm:n12524621796","type":"bike_parking","source":"osm","osmId":"node/12524621796","capacity":"16","fee":"no","covered":"no"}},{"type":"Feature","geometry":{"type":"Point","coordinates":[-74.142243,4.700052]},"properties":{"id":"osm:n12539715301","type":"toilets","source":"osm","osmId":"node/12539715301","fee":"no"}},{"type":"Feature","geometry":{"type":"Point","coordinates":[-74.141398,4.699442]},"properties":{"id":"osm:n12539715302","type":"toilets","source":"osm","osmId":"node/12539715302"}},{"type":"Feature","geometry":{"type":"Point","coordinates":[-74.139823,4.697755]},"properties":{"id":"osm:n12539772401","type":"toilets","source":"osm","osmId":"node/12539772401","wheelchair":"yes","fee":"no"}},{"type":"Feature","geometry":{"type":"Point","coordinates":[-74.100571,4.669782]},"properties":{"id":"osm:n12544240501","type":"toilets","source":"osm","osmId":"node/12544240501"}},{"type":"Feature","geometry":{"type":"Point","coordinates":[-74.142069,4.698045]},"properties":{"id":"osm:n12547474101","type":"toilets","source":"osm","osmId":"node/12547474101","wheelchair":"yes","fee":"no"}},{"type":"Feature","geometry":{"type":"Point","coordinates":[-74.115379,4.655264]},"properties":{"id":"osm:n12551125402","type":"toilets","source":"osm","osmId":"node/12551125402"}},{"type":"Feature","geometry":{"type":"Point","coordinates":[-74.0846,4.585636]},"properties":{"id":"osm:n12552075280","type":"police","name":"CAI Distrital","source":"osm","osmId":"node/12552075280","operator":"Policía Nacional de Colombia"}},{"type":"Feature","geometry":{"type":"Point","coordinates":[-74.058091,4.6554]},"properties":{"id":"osm:n12554728527","type":"bike_parking","source":"osm","osmId":"node/12554728527","capacity":"10","fee":"no","covered":"no"}},{"type":"Feature","geometry":{"type":"Point","coordinates":[-74.058341,4.650228]},"properties":{"id":"osm:n12563180245","type":"atm","name":"Cosas Cripto","source":"osm","osmId":"node/12563180245","operator":"Cosas Cripto"}},{"type":"Feature","geometry":{"type":"Point","coordinates":[-73.857771,4.875809]},"properties":{"id":"osm:n12566031181","type":"toilets","source":"osm","osmId":"node/12566031181"}},{"type":"Feature","geometry":{"type":"Point","coordinates":[-74.058033,4.654298]},"properties":{"id":"osm:n12568582001","type":"bike_parking","source":"osm","osmId":"node/12568582001","capacity":"7","fee":"no","covered":"no"}},{"type":"Feature","geometry":{"type":"Point","coordinates":[-74.058143,4.654368]},"properties":{"id":"osm:n12568582002","type":"bike_parking","source":"osm","osmId":"node/12568582002","capacity":"7","fee":"no","covered":"no"}},{"type":"Feature","geometry":{"type":"Point","coordinates":[-74.057912,4.654431]},"properties":{"id":"osm:n12568582003","type":"bike_parking","source":"osm","osmId":"node/12568582003","capacity":"5","fee":"no","covered":"no"}},{"type":"Feature","geometry":{"type":"Point","coordinates":[-74.058269,4.654184]},"properties":{"id":"osm:n12568582004","type":"bike_parking","source":"osm","osmId":"node/12568582004","capacity":"7","fee":"no","covered":"no"}},{"type":"Feature","geometry":{"type":"Point","coordinates":[-74.058327,4.654109]},"properties":{"id":"osm:n12568582005","type":"bike_parking","source":"osm","osmId":"node/12568582005","capacity":"7","fee":"no","covered":"no"}},{"type":"Feature","geometry":{"type":"Point","coordinates":[-74.059673,4.655124]},"properties":{"id":"osm:n12568582008","type":"pharmacy","name":"CAFAM Drogeria","source":"osm","osmId":"node/12568582008","wheelchair":"yes"}},{"type":"Feature","geometry":{"type":"Point","coordinates":[-74.060303,4.655185]},"properties":{"id":"osm:n12568582010","type":"bike_parking","source":"osm","osmId":"node/12568582010","capacity":"6","fee":"no","covered":"no"}},{"type":"Feature","geometry":{"type":"Point","coordinates":[-74.060361,4.655177]},"properties":{"id":"osm:n12568582011","type":"bike_parking","source":"osm","osmId":"node/12568582011","capacity":"6","fee":"no","covered":"no"}},{"type":"Feature","geometry":{"type":"Point","coordinates":[-74.072567,4.601121]},"properties":{"id":"osm:n12574342276","type":"atm","name":"Davivienda","source":"osm","osmId":"node/12574342276","operator":"Davivienda"}},{"type":"Feature","geometry":{"type":"Point","coordinates":[-74.049748,4.70608]},"properties":{"id":"osm:n12581886901","type":"pharmacy","name":"Cruz Verde","source":"osm","osmId":"node/12581886901"}},{"type":"Feature","geometry":{"type":"Point","coordinates":[-74.058846,4.655619]},"properties":{"id":"osm:n12582834917","type":"bike_parking","source":"osm","osmId":"node/12582834917","capacity":"13","fee":"no","covered":"no"}},{"type":"Feature","geometry":{"type":"Point","coordinates":[-74.058287,4.654876]},"properties":{"id":"osm:n12582834920","type":"bike_parking","source":"osm","osmId":"node/12582834920","capacity":"4","fee":"no","covered":"no"}},{"type":"Feature","geometry":{"type":"Point","coordinates":[-74.059208,4.648722]},"properties":{"id":"osm:n12585367655","type":"bike_parking","source":"osm","osmId":"node/12585367655","capacity":"4","fee":"no","covered":"no"}},{"type":"Feature","geometry":{"type":"Point","coordinates":[-74.054379,4.652404]},"properties":{"id":"osm:n12588057612","type":"bike_parking","source":"osm","osmId":"node/12588057612","fee":"no","covered":"no"}},{"type":"Feature","geometry":{"type":"Point","coordinates":[-74.054387,4.652757]},"properties":{"id":"osm:n12588057613","type":"bike_parking","source":"osm","osmId":"node/12588057613","fee":"no","covered":"no"}},{"type":"Feature","geometry":{"type":"Point","coordinates":[-74.059291,4.655016]},"properties":{"id":"osm:n12590441322","type":"bike_parking","source":"osm","osmId":"node/12590441322","capacity":"4","fee":"no","covered":"no"}},{"type":"Feature","geometry":{"type":"Point","coordinates":[-74.057945,4.650736]},"properties":{"id":"osm:n12591351050","type":"pharmacy","source":"osm","osmId":"node/12591351050"}},{"type":"Feature","geometry":{"type":"Point","coordinates":[-74.140632,4.698741]},"properties":{"id":"osm:n12628613601","type":"toilets","source":"osm","osmId":"node/12628613601","wheelchair":"yes","fee":"no"}},{"type":"Feature","geometry":{"type":"Point","coordinates":[-74.075887,4.603118]},"properties":{"id":"osm:n12646645752","type":"pharmacy","source":"osm","osmId":"node/12646645752"}},{"type":"Feature","geometry":{"type":"Point","coordinates":[-74.37002,4.332756]},"properties":{"id":"osm:n12681536723","type":"atm","name":"Cajero Bancolombia","source":"osm","osmId":"node/12681536723","operator":"Bancolombia"}},{"type":"Feature","geometry":{"type":"Point","coordinates":[-74.222809,4.605611]},"properties":{"id":"osm:n12708269303","type":"atm","name":"Bancolombia","source":"osm","osmId":"node/12708269303","operator":"Bancolombia"}},{"type":"Feature","geometry":{"type":"Point","coordinates":[-74.156785,4.582205]},"properties":{"id":"osm:n12708434555","type":"atm","name":"Cajero Bancolombia","source":"osm","osmId":"node/12708434555","operator":"Grupo Bancolombia"}},{"type":"Feature","geometry":{"type":"Point","coordinates":[-74.133046,4.627419]},"properties":{"id":"osm:n12709225483","type":"pharmacy","name":"Farmacenter","source":"osm","osmId":"node/12709225483"}},{"type":"Feature","geometry":{"type":"Point","coordinates":[-74.133657,4.625436]},"properties":{"id":"osm:n12710836762","type":"pharmacy","name":"Drogueria Prodescuentos","source":"osm","osmId":"node/12710836762"}},{"type":"Feature","geometry":{"type":"Point","coordinates":[-74.158967,4.550115]},"properties":{"id":"osm:n12728819056","type":"bike_parking","name":"TransMilenio","source":"osm","osmId":"node/12728819056","operator":"TransMilenio","capacity":"82","fee":"no"}},{"type":"Feature","geometry":{"type":"Point","coordinates":[-74.150695,4.550333]},"properties":{"id":"osm:n12728840189","type":"bike_parking","name":"TransMilenio","source":"osm","osmId":"node/12728840189","operator":"TransMilenio","capacity":"52","fee":"no"}},{"type":"Feature","geometry":{"type":"Point","coordinates":[-74.147492,4.555835]},"properties":{"id":"osm:n12728856138","type":"bike_parking","name":"TransMilenio","source":"osm","osmId":"node/12728856138","operator":"TransMilenio","capacity":"44","fee":"no"}},{"type":"Feature","geometry":{"type":"Point","coordinates":[-74.067724,4.601767]},"properties":{"id":"osm:n12728903854","type":"bike_parking","name":"TransMilenio","source":"osm","osmId":"node/12728903854","operator":"TransMilenio","capacity":"164","fee":"no","covered":"yes"}},{"type":"Feature","geometry":{"type":"Point","coordinates":[-74.158124,4.638778]},"properties":{"id":"osm:n12728918112","type":"bike_parking","name":"TransMilenio","source":"osm","osmId":"node/12728918112","operator":"TransMilenio","capacity":"72","fee":"no","covered":"yes"}},{"type":"Feature","geometry":{"type":"Point","coordinates":[-74.12121,4.556233]},"properties":{"id":"osm:n12728923451","type":"bike_parking","name":"TransMilenio","source":"osm","osmId":"node/12728923451","operator":"TransMilenio","capacity":"300","fee":"no","covered":"yes"}},{"type":"Feature","geometry":{"type":"Point","coordinates":[-74.067973,4.60258]},"properties":{"id":"osm:n12742180701","type":"atm","name":"Davivienda","source":"osm","osmId":"node/12742180701","operator":"Davivienda"}},{"type":"Feature","geometry":{"type":"Point","coordinates":[-74.097897,4.565315]},"properties":{"id":"osm:n12744774595","type":"bike_parking","name":"Cicloparqueadero Portal 20 de Julio","source":"osm","osmId":"node/12744774595","operator":"TransMilenio","capacity":"216","fee":"no","covered":"yes"}},{"type":"Feature","geometry":{"type":"Point","coordinates":[-74.093783,4.576364]},"properties":{"id":"osm:n12744795189","type":"bike_parking","name":"TransMilenio","source":"osm","osmId":"node/12744795189","operator":"TransMilenio","capacity":"228","fee":"no","covered":"yes"}},{"type":"Feature","geometry":{"type":"Point","coordinates":[-74.152366,4.634511]},"properties":{"id":"osm:n12744818100","type":"bike_parking","name":"TransMilenio","source":"osm","osmId":"node/12744818100","operator":"TransMilenio","capacity":"84","fee":"no","covered":"yes"}},{"type":"Feature","geometry":{"type":"Point","coordinates":[-74.362405,4.344239]},"properties":{"id":"osm:n12745305842","type":"pharmacy","name":"Droguería La Rebaja Plus 3","source":"osm","osmId":"node/12745305842","operator":"Droguería La Rebaja"}},{"type":"Feature","geometry":{"type":"Point","coordinates":[-74.361683,4.341767]},"properties":{"id":"osm:n12770494513","type":"pharmacy","name":"Drogas La Economía","source":"osm","osmId":"node/12770494513","operator":"Drogas La Economía"}},{"type":"Feature","geometry":{"type":"Point","coordinates":[-74.216824,4.606623]},"properties":{"id":"osm:n12815823320","type":"pharmacy","name":"Droguería Colsubsidio","source":"osm","osmId":"node/12815823320","operator":"Colsubsidio"}},{"type":"Feature","geometry":{"type":"Point","coordinates":[-74.115068,4.653344]},"properties":{"id":"osm:n12854334379","type":"atm","name":"BBVBA","source":"osm","osmId":"node/12854334379","operator":"BBVBA"}},{"type":"Feature","geometry":{"type":"Point","coordinates":[-74.115012,4.653315]},"properties":{"id":"osm:n12854334380","type":"atm","name":"Bancolombia","source":"osm","osmId":"node/12854334380","operator":"Bancolombia"}},{"type":"Feature","geometry":{"type":"Point","coordinates":[-74.115616,4.654567]},"properties":{"id":"osm:n12854398100","type":"atm","name":"BBVBA","source":"osm","osmId":"node/12854398100","operator":"BBVBA"}},{"type":"Feature","geometry":{"type":"Point","coordinates":[-74.11552,4.654651]},"properties":{"id":"osm:n12854405320","type":"atm","name":"Bancolombia","source":"osm","osmId":"node/12854405320","operator":"Bancolombia"}},{"type":"Feature","geometry":{"type":"Point","coordinates":[-74.115098,4.653668]},"properties":{"id":"osm:n12854413227","type":"atm","name":"Davivienda","source":"osm","osmId":"node/12854413227","operator":"Davivienda"}},{"type":"Feature","geometry":{"type":"Point","coordinates":[-74.115433,4.653703]},"properties":{"id":"osm:n12854426514","type":"atm","name":"Servivanca","source":"osm","osmId":"node/12854426514","operator":"Servivanca"}},{"type":"Feature","geometry":{"type":"Point","coordinates":[-74.11535,4.653626]},"properties":{"id":"osm:n12854426515","type":"atm","name":"Banco Popular","source":"osm","osmId":"node/12854426515","operator":"Banco Popular"}},{"type":"Feature","geometry":{"type":"Point","coordinates":[-74.115616,4.654517]},"properties":{"id":"osm:n12854426601","type":"atm","name":"Daviplata","source":"osm","osmId":"node/12854426601","operator":"Daviplata"}},{"type":"Feature","geometry":{"type":"Point","coordinates":[-74.115612,4.654302]},"properties":{"id":"osm:n12854426604","type":"pharmacy","name":"MGS Droguería","source":"osm","osmId":"node/12854426604"}},{"type":"Feature","geometry":{"type":"Point","coordinates":[-74.133049,4.57473]},"properties":{"id":"osm:n12859930848","type":"toilets","source":"osm","osmId":"node/12859930848"}},{"type":"Feature","geometry":{"type":"Point","coordinates":[-74.133026,4.574729]},"properties":{"id":"osm:n12859930849","type":"toilets","source":"osm","osmId":"node/12859930849"}},{"type":"Feature","geometry":{"type":"Point","coordinates":[-74.131622,4.57544]},"properties":{"id":"osm:n12893471611","type":"library","name":"Biblioteca Escolar","source":"osm","osmId":"node/12893471611"}},{"type":"Feature","geometry":{"type":"Point","coordinates":[-74.363779,4.341707]},"properties":{"id":"osm:n12913802667","type":"pharmacy","name":"Drogas La Economía","source":"osm","osmId":"node/12913802667","operator":"Drogas La Economía"}},{"type":"Feature","geometry":{"type":"Point","coordinates":[-74.053322,4.685792]},"properties":{"id":"osm:n12924770751","type":"pharmacy","name":"Drogueria Colsubsidio","source":"osm","osmId":"node/12924770751","operator":"Colsubsidio"}},{"type":"Feature","geometry":{"type":"Point","coordinates":[-74.131947,4.575109]},"properties":{"id":"osm:n12941753562","type":"toilets","source":"osm","osmId":"node/12941753562"}},{"type":"Feature","geometry":{"type":"Point","coordinates":[-74.131945,4.57517]},"properties":{"id":"osm:n12941753563","type":"toilets","source":"osm","osmId":"node/12941753563"}},{"type":"Feature","geometry":{"type":"Point","coordinates":[-74.132242,4.575529]},"properties":{"id":"osm:n12941753564","type":"toilets","source":"osm","osmId":"node/12941753564"}},{"type":"Feature","geometry":{"type":"Point","coordinates":[-74.132278,4.575532]},"properties":{"id":"osm:n12941753565","type":"toilets","source":"osm","osmId":"node/12941753565"}},{"type":"Feature","geometry":{"type":"Point","coordinates":[-74.132379,4.575544]},"properties":{"id":"osm:n12941753566","type":"toilets","source":"osm","osmId":"node/12941753566"}},{"type":"Feature","geometry":{"type":"Point","coordinates":[-74.132563,4.575315]},"properties":{"id":"osm:n12941753567","type":"toilets","source":"osm","osmId":"node/12941753567"}},{"type":"Feature","geometry":{"type":"Point","coordinates":[-74.132615,4.575321]},"properties":{"id":"osm:n12941753568","type":"toilets","source":"osm","osmId":"node/12941753568"}},{"type":"Feature","geometry":{"type":"Point","coordinates":[-74.132737,4.575329]},"properties":{"id":"osm:n12941753569","type":"toilets","source":"osm","osmId":"node/12941753569"}},{"type":"Feature","geometry":{"type":"Point","coordinates":[-74.132164,4.575772]},"properties":{"id":"osm:n12941753570","type":"toilets","source":"osm","osmId":"node/12941753570"}},{"type":"Feature","geometry":{"type":"Point","coordinates":[-74.132152,4.575771]},"properties":{"id":"osm:n12941753571","type":"toilets","source":"osm","osmId":"node/12941753571"}},{"type":"Feature","geometry":{"type":"Point","coordinates":[-74.13215,4.575785]},"properties":{"id":"osm:n12941753572","type":"toilets","source":"osm","osmId":"node/12941753572"}},{"type":"Feature","geometry":{"type":"Point","coordinates":[-74.131757,4.575819]},"properties":{"id":"osm:n12941753573","type":"toilets","source":"osm","osmId":"node/12941753573"}},{"type":"Feature","geometry":{"type":"Point","coordinates":[-74.131739,4.575819]},"properties":{"id":"osm:n12941753574","type":"toilets","source":"osm","osmId":"node/12941753574"}},{"type":"Feature","geometry":{"type":"Point","coordinates":[-74.132744,4.574868]},"properties":{"id":"osm:n12941753575","type":"toilets","source":"osm","osmId":"node/12941753575"}},{"type":"Feature","geometry":{"type":"Point","coordinates":[-74.132777,4.574865]},"properties":{"id":"osm:n12941753576","type":"toilets","source":"osm","osmId":"node/12941753576"}},{"type":"Feature","geometry":{"type":"Point","coordinates":[-74.153025,4.596798]},"properties":{"id":"osm:n12945539425","type":"atm","name":"Bancolombia","source":"osm","osmId":"node/12945539425","operator":"Bancolombia"}},{"type":"Feature","geometry":{"type":"Point","coordinates":[-74.053532,4.674024]},"properties":{"id":"osm:n12950402060","type":"pharmacy","name":"Cruz Verde","source":"osm","osmId":"node/12950402060"}},{"type":"Feature","geometry":{"type":"Point","coordinates":[-74.085075,4.68027]},"properties":{"id":"osm:n12983062002","type":"atm","name":"Banco de Bogotá","source":"osm","osmId":"node/12983062002","operator":"Banco de Bogotá"}},{"type":"Feature","geometry":{"type":"Point","coordinates":[-74.085093,4.680263]},"properties":{"id":"osm:n12983063201","type":"atm","name":"Davivienda","source":"osm","osmId":"node/12983063201","operator":"Davivienda"}},{"type":"Feature","geometry":{"type":"Point","coordinates":[-74.085116,4.680244]},"properties":{"id":"osm:n12983063701","type":"atm","name":"Servibanca","source":"osm","osmId":"node/12983063701","operator":"Servibanca"}},{"type":"Feature","geometry":{"type":"Point","coordinates":[-74.085137,4.680233]},"properties":{"id":"osm:n12983064401","type":"atm","name":"Bancolombia","source":"osm","osmId":"node/12983064401","operator":"Bancolombia"}},{"type":"Feature","geometry":{"type":"Point","coordinates":[-74.085068,4.680274]},"properties":{"id":"osm:n12983064601","type":"atm","name":"Banco Caja social","source":"osm","osmId":"node/12983064601","operator":"Banco Caja social"}},{"type":"Feature","geometry":{"type":"Point","coordinates":[-74.032579,4.694568]},"properties":{"id":"osm:n12988536752","type":"pharmacy","name":"La Rebaja","source":"osm","osmId":"node/12988536752"}},{"type":"Feature","geometry":{"type":"Point","coordinates":[-74.108631,4.707334]},"properties":{"id":"osm:n12994553007","type":"health","name":"Profamilia Quirigua","source":"osm","osmId":"node/12994553007","wheelchair":"limited","operator":"Profamilia"}},{"type":"Feature","geometry":{"type":"Point","coordinates":[-74.374471,4.344342]},"properties":{"id":"osm:n12998318722","type":"health","name":"Centro Médico Colsubsidio","source":"osm","osmId":"node/12998318722","operator":"Colsubsidio","openingHours":"24/7"}},{"type":"Feature","geometry":{"type":"Point","coordinates":[-74.066771,4.701903]},"properties":{"id":"osm:n13070793802","type":"bike_parking","source":"osm","osmId":"node/13070793802"}},{"type":"Feature","geometry":{"type":"Point","coordinates":[-74.066846,4.701999]},"properties":{"id":"osm:n13070794702","type":"bike_parking","source":"osm","osmId":"node/13070794702"}},{"type":"Feature","geometry":{"type":"Point","coordinates":[-74.033274,4.725686]},"properties":{"id":"osm:n13076944101","type":"pharmacy","name":"Droguería Cedri farma express","source":"osm","osmId":"node/13076944101","openingHours":"Mo-Su 07:00-22:00"}},{"type":"Feature","geometry":{"type":"Point","coordinates":[-74.032397,4.727658]},"properties":{"id":"osm:n13078641301","type":"bike_parking","source":"osm","osmId":"node/13078641301"}},{"type":"Feature","geometry":{"type":"Point","coordinates":[-74.03259,4.696253]},"properties":{"id":"osm:n13124070737","type":"pharmacy","name":"Ramedicas","source":"osm","osmId":"node/13124070737"}},{"type":"Feature","geometry":{"type":"Point","coordinates":[-74.042909,4.696578]},"properties":{"id":"osm:n13183865601","type":"pharmacy","name":"Colombia Farma","source":"osm","osmId":"node/13183865601"}},{"type":"Feature","geometry":{"type":"Point","coordinates":[-74.046088,4.723449]},"properties":{"id":"osm:n13190870388","type":"pharmacy","name":"Drogas La Economia","source":"osm","osmId":"node/13190870388"}},{"type":"Feature","geometry":{"type":"Point","coordinates":[-74.04417,4.704006]},"properties":{"id":"osm:n13201446301","type":"health","name":"Compensar - Plan Salud Complementario","source":"osm","osmId":"node/13201446301"}},{"type":"Feature","geometry":{"type":"Point","coordinates":[-74.062554,4.689899]},"properties":{"id":"osm:n13207921302","type":"atm","source":"osm","osmId":"node/13207921302"}},{"type":"Feature","geometry":{"type":"Point","coordinates":[-74.057958,4.658555]},"properties":{"id":"osm:n13226873803","type":"bike_parking","source":"osm","osmId":"node/13226873803"}},{"type":"Feature","geometry":{"type":"Point","coordinates":[-74.074636,4.668495]},"properties":{"id":"osm:n13226873804","type":"pharmacy","name":"Drogas La Economía","source":"osm","osmId":"node/13226873804"}},{"type":"Feature","geometry":{"type":"Point","coordinates":[-74.053801,4.70418]},"properties":{"id":"osm:n13235069501","type":"health","name":"Colmédica","source":"osm","osmId":"node/13235069501"}},{"type":"Feature","geometry":{"type":"Point","coordinates":[-74.052864,4.685707]},"properties":{"id":"osm:n13250258006","type":"pharmacy","name":"Cruz Verde","source":"osm","osmId":"node/13250258006"}},{"type":"Feature","geometry":{"type":"Point","coordinates":[-74.052841,4.685707]},"properties":{"id":"osm:n13250258202","type":"atm","name":"Banco Caja Social","source":"osm","osmId":"node/13250258202","operator":"Banco Caja Social"}},{"type":"Feature","geometry":{"type":"Point","coordinates":[-74.04437,4.680973]},"properties":{"id":"osm:n13250268002","type":"bike_parking","source":"osm","osmId":"node/13250268002"}},{"type":"Feature","geometry":{"type":"Point","coordinates":[-74.045844,4.678197]},"properties":{"id":"osm:n13250268301","type":"atm","name":"Servibanca","source":"osm","osmId":"node/13250268301","operator":"Servibanca"}},{"type":"Feature","geometry":{"type":"Point","coordinates":[-74.046832,4.676201]},"properties":{"id":"osm:n13250795901","type":"bike_parking","source":"osm","osmId":"node/13250795901"}},{"type":"Feature","geometry":{"type":"Point","coordinates":[-74.141956,4.698206]},"properties":{"id":"osm:n13253031161","type":"toilets","source":"osm","osmId":"node/13253031161","wheelchair":"yes","fee":"no"}},{"type":"Feature","geometry":{"type":"Point","coordinates":[-74.074055,4.738337]},"properties":{"id":"osm:n13254814005","type":"pharmacy","name":"Droguería Mediline","source":"osm","osmId":"node/13254814005"}},{"type":"Feature","geometry":{"type":"Point","coordinates":[-74.130707,4.578429]},"properties":{"id":"osm:n13256621647","type":"atm","name":"Banco de Bogotá","source":"osm","osmId":"node/13256621647","operator":"Banco de Bogotá"}},{"type":"Feature","geometry":{"type":"Point","coordinates":[-74.12974,4.578091]},"properties":{"id":"osm:n13259786201","type":"atm","name":"Banco Caja Social","source":"osm","osmId":"node/13259786201","operator":"Banco Caja Social"}},{"type":"Feature","geometry":{"type":"Point","coordinates":[-74.144548,4.873447]},"properties":{"id":"osm:n13279044800","type":"pharmacy","name":"Droguería Camoz","source":"osm","osmId":"node/13279044800"}},{"type":"Feature","geometry":{"type":"Point","coordinates":[-74.045598,4.70427]},"properties":{"id":"osm:n13281914701","type":"pharmacy","name":"Cruz Verde","source":"osm","osmId":"node/13281914701"}},{"type":"Feature","geometry":{"type":"Point","coordinates":[-74.0421,4.70437]},"properties":{"id":"osm:n13281914702","type":"health","name":"DentiSalud","source":"osm","osmId":"node/13281914702"}},{"type":"Feature","geometry":{"type":"Point","coordinates":[-74.05634,4.687298]},"properties":{"id":"osm:n13285922708","type":"pharmacy","name":"Droguería Cruz Verde","source":"osm","osmId":"node/13285922708","openingHours":"Mo-Fr 07:00-19:00; Sa 08:00-17:00"}},{"type":"Feature","geometry":{"type":"Point","coordinates":[-74.052905,4.665388]},"properties":{"id":"osm:n13329516349","type":"library","name":"Biblioteca Pública del Deporte","source":"osm","osmId":"node/13329516349","wheelchair":"yes","operator":"Red Distrital de Bibliotecas Públicas de Bogotá. BiblioRed."}},{"type":"Feature","geometry":{"type":"Point","coordinates":[-74.068079,4.720094]},"properties":{"id":"osm:n13336015401","type":"bike_parking","source":"osm","osmId":"node/13336015401"}},{"type":"Feature","geometry":{"type":"Point","coordinates":[-74.052552,4.686342]},"properties":{"id":"osm:n13336051902","type":"pharmacy","name":"Cruz Verde","source":"osm","osmId":"node/13336051902"}},{"type":"Feature","geometry":{"type":"Point","coordinates":[-74.065157,4.701352]},"properties":{"id":"osm:n13336070501","type":"bike_parking","source":"osm","osmId":"node/13336070501"}},{"type":"Feature","geometry":{"type":"Point","coordinates":[-74.09578,4.749897]},"properties":{"id":"osm:n13341573402","type":"atm","name":"Scotiabank - Colpatria","source":"osm","osmId":"node/13341573402","operator":"Scotiabank - Colpatria"}},{"type":"Feature","geometry":{"type":"Point","coordinates":[-74.05544,4.700441]},"properties":{"id":"osm:n13414335301","type":"health","name":"Viva1a 118","source":"osm","osmId":"node/13414335301","openingHours":"Mo-Sa 07:00-18:00"}},{"type":"Feature","geometry":{"type":"Point","coordinates":[-74.084771,4.553599]},"properties":{"id":"osm:n13414340901","type":"atm","name":"Bogotá","source":"osm","osmId":"node/13414340901","operator":"Bogotá","openingHours":"24/7"}},{"type":"Feature","geometry":{"type":"Point","coordinates":[-74.032846,4.723581]},"properties":{"id":"osm:n13440724901","type":"bike_parking","source":"osm","osmId":"node/13440724901","capacity":"8","covered":"no"}},{"type":"Feature","geometry":{"type":"Point","coordinates":[-74.032991,4.723858]},"properties":{"id":"osm:n13440724902","type":"bike_parking","source":"osm","osmId":"node/13440724902","capacity":"8","covered":"no"}},{"type":"Feature","geometry":{"type":"Point","coordinates":[-74.040845,4.729116]},"properties":{"id":"osm:n13463267302","type":"bike_parking","source":"osm","osmId":"node/13463267302"}},{"type":"Feature","geometry":{"type":"Point","coordinates":[-74.091513,4.655633]},"properties":{"id":"osm:n13480384198","type":"bike_parking","source":"osm","osmId":"node/13480384198","capacity":"16","covered":"no"}},{"type":"Feature","geometry":{"type":"Point","coordinates":[-74.035425,4.719368]},"properties":{"id":"osm:n13526537674","type":"atm","name":"Servibanca","source":"osm","osmId":"node/13526537674","operator":"Servibanca"}},{"type":"Feature","geometry":{"type":"Point","coordinates":[-74.069398,4.740219]},"properties":{"id":"osm:n13542947901","type":"bike_parking","source":"osm","osmId":"node/13542947901"}},{"type":"Feature","geometry":{"type":"Point","coordinates":[-74.071011,4.712785]},"properties":{"id":"osm:n13583720080","type":"health","name":"Consultorio Dr Jorge Abril – Medicina Integrativa","source":"osm","osmId":"node/13583720080","wheelchair":"yes","operator":"Dr. Jorge Ernesto Abril Burgos","openingHours":"Mo-Fr 09:00-18:00"}},{"type":"Feature","geometry":{"type":"Point","coordinates":[-74.082094,4.680141]},"properties":{"id":"osm:n13585712801","type":"toilets","source":"osm","osmId":"node/13585712801"}},{"type":"Feature","geometry":{"type":"Point","coordinates":[-74.222733,4.529441]},"properties":{"id":"osm:n13594405829","type":"pharmacy","name":"Exipharma","source":"osm","osmId":"node/13594405829"}},{"type":"Feature","geometry":{"type":"Point","coordinates":[-74.042746,4.699185]},"properties":{"id":"osm:n13604456401","type":"pharmacy","name":"Farmacenter","source":"osm","osmId":"node/13604456401"}},{"type":"Feature","geometry":{"type":"Point","coordinates":[-74.029099,4.700058]},"properties":{"id":"osm:n13618110670","type":"health","name":"Dra. Yolanda Parales","source":"osm","osmId":"node/13618110670","wheelchair":"yes","operator":"Dra. Yolanda Parales"}},{"type":"Feature","geometry":{"type":"Point","coordinates":[-74.154781,4.643025]},"properties":{"id":"osm:n13652472971","type":"library","name":"Biblioteca Manuel Zapata Olivella - El Tintal","source":"osm","osmId":"node/13652472971","operator":"Biblored","openingHours":"Tu-Sa 08:00-19:00; Su 10:00-17:00"}},{"type":"Feature","geometry":{"type":"Point","coordinates":[-74.053409,4.674134]},"properties":{"id":"osm:n13696577401","type":"bike_parking","source":"osm","osmId":"node/13696577401"}},{"type":"Feature","geometry":{"type":"Point","coordinates":[-74.153044,4.596762]},"properties":{"id":"osm:n13703738648","type":"atm","name":"DAVIbank","source":"osm","osmId":"node/13703738648","operator":"Davivienda Group"}},{"type":"Feature","geometry":{"type":"Point","coordinates":[-74.079643,4.663599]},"properties":{"id":"osm:n13711373209","type":"toilets","source":"osm","osmId":"node/13711373209"}},{"type":"Feature","geometry":{"type":"Point","coordinates":[-74.079937,4.663342]},"properties":{"id":"osm:n13711383418","type":"toilets","source":"osm","osmId":"node/13711383418"}},{"type":"Feature","geometry":{"type":"Point","coordinates":[-74.080356,4.663769]},"properties":{"id":"osm:n13711383635","type":"toilets","source":"osm","osmId":"node/13711383635"}},{"type":"Feature","geometry":{"type":"Point","coordinates":[-74.080191,4.663848]},"properties":{"id":"osm:n13711383636","type":"toilets","source":"osm","osmId":"node/13711383636"}},{"type":"Feature","geometry":{"type":"Point","coordinates":[-74.080184,4.663983]},"properties":{"id":"osm:n13711383637","type":"toilets","source":"osm","osmId":"node/13711383637"}},{"type":"Feature","geometry":{"type":"Point","coordinates":[-74.061671,4.681557]},"properties":{"id":"osm:n13711423701","type":"health","name":"Doctor Roberto Aldana Ortopedista y Traumatólogo en Bogotá","source":"osm","osmId":"node/13711423701","openingHours":"Mo-Th 08:30-17:00; Fr 09:00-17:00"}},{"type":"Feature","geometry":{"type":"Point","coordinates":[-74.062021,4.72302]},"properties":{"id":"osm:n13738901801","type":"atm","name":"Banco de Bogotá","source":"osm","osmId":"node/13738901801","operator":"Banco de Bogotá"}},{"type":"Feature","geometry":{"type":"Point","coordinates":[-74.062269,4.723419]},"properties":{"id":"osm:n13738901802","type":"toilets","source":"osm","osmId":"node/13738901802"}},{"type":"Feature","geometry":{"type":"Point","coordinates":[-74.061949,4.723058]},"properties":{"id":"osm:n13738902001","type":"pharmacy","name":"Cruz Verde","source":"osm","osmId":"node/13738902001"}},{"type":"Feature","geometry":{"type":"Point","coordinates":[-74.052907,4.695172]},"properties":{"id":"osm:n13741244536","type":"health","name":"Pauvethome veterinaria","source":"osm","osmId":"node/13741244536"}},{"type":"Feature","geometry":{"type":"Point","coordinates":[-74.062088,4.723352]},"properties":{"id":"osm:n13746088803","type":"atm","name":"Servibanca","source":"osm","osmId":"node/13746088803","operator":"Servibanca"}},{"type":"Feature","geometry":{"type":"Point","coordinates":[-74.070916,4.619762]},"properties":{"id":"osm:n13765394186","type":"health","name":"Centro Médico Sanitas","source":"osm","osmId":"node/13765394186","wheelchair":"designated"}},{"type":"Feature","geometry":{"type":"Point","coordinates":[-74.129752,4.577987]},"properties":{"id":"osm:n13778556844","type":"atm","name":"DAVIbank","source":"osm","osmId":"node/13778556844","operator":"Davivienda Group"}},{"type":"Feature","geometry":{"type":"Point","coordinates":[-74.072512,4.711446]},"properties":{"id":"osm:n13827961103","type":"pharmacy","name":"Cruz Verde","source":"osm","osmId":"node/13827961103"}},{"type":"Feature","geometry":{"type":"Point","coordinates":[-74.07236,4.711581]},"properties":{"id":"osm:n13827965302","type":"bike_parking","source":"osm","osmId":"node/13827965302"}},{"type":"Feature","geometry":{"type":"Point","coordinates":[-74.076786,4.633218]},"properties":{"id":"osm:n13902925101","type":"health","name":"RTS Agencia Csr","source":"osm","osmId":"node/13902925101"}},{"type":"Feature","geometry":{"type":"Point","coordinates":[-74.070101,4.713717]},"properties":{"id":"osm:n13924181101","type":"pharmacy","name":"La Rebaja Plus","source":"osm","osmId":"node/13924181101"}},{"type":"Feature","geometry":{"type":"Point","coordinates":[-74.118539,4.587842]},"properties":{"id":"osm:n13975258913","type":"pharmacy","name":"Droguería Solisalud","source":"osm","osmId":"node/13975258913"}},{"type":"Feature","geometry":{"type":"Point","coordinates":[-74.118439,4.586868]},"properties":{"id":"osm:n13975262830","type":"pharmacy","name":"Droguería el Sisbem II","source":"osm","osmId":"node/13975262830"}},{"type":"Feature","geometry":{"type":"Point","coordinates":[-74.118575,4.586662]},"properties":{"id":"osm:n13975262831","type":"pharmacy","name":"Weynner Droguería","source":"osm","osmId":"node/13975262831"}},{"type":"Feature","geometry":{"type":"Point","coordinates":[-74.120368,4.587766]},"properties":{"id":"osm:n13975316470","type":"pharmacy","name":"Droguería el Sisbem","source":"osm","osmId":"node/13975316470"}},{"type":"Feature","geometry":{"type":"Point","coordinates":[-74.116863,4.584365]},"properties":{"id":"osm:n13975446081","type":"pharmacy","name":"Droguería Janus","source":"osm","osmId":"node/13975446081"}},{"type":"Feature","geometry":{"type":"Point","coordinates":[-74.112241,4.590976]},"properties":{"id":"osm:n13975453862","type":"pharmacy","name":"Farma 30","source":"osm","osmId":"node/13975453862"}},{"type":"Feature","geometry":{"type":"Point","coordinates":[-74.116331,4.606732]},"properties":{"id":"osm:n13986503801","type":"atm","name":"Servibanca","source":"osm","osmId":"node/13986503801","operator":"Servibanca","openingHours":"24/7"}},{"type":"Feature","geometry":{"type":"Point","coordinates":[-74.044389,4.704054]},"properties":{"id":"osm:n14000464661","type":"health","name":"Clínica Oncológica Colsubsidio","source":"osm","osmId":"node/14000464661","wheelchair":"yes"}},{"type":"Feature","geometry":{"type":"Point","coordinates":[-74.044478,4.704064]},"properties":{"id":"osm:n14001632379","type":"pharmacy","name":"Droguería Colsubsidio","source":"osm","osmId":"node/14001632379","operator":"Colsubsidio","openingHours":"Mo-Fr 07:00-19:00"}},{"type":"Feature","geometry":{"type":"Point","coordinates":[-74.117042,4.588289]},"properties":{"id":"osm:n14007288821","type":"pharmacy","name":"Droguerías Visan","source":"osm","osmId":"node/14007288821"}},{"type":"Feature","geometry":{"type":"Point","coordinates":[-74.08229,4.623695]},"properties":{"id":"osm:n14017821418","type":"atm","name":"Banco Itaú","source":"osm","osmId":"node/14017821418","operator":"Banco Itaú"}},{"type":"Feature","geometry":{"type":"Point","coordinates":[-74.082301,4.623705]},"properties":{"id":"osm:n14017821419","type":"atm","name":"Banco Davivienda","source":"osm","osmId":"node/14017821419","operator":"Banco Davivienda"}},{"type":"Feature","geometry":{"type":"Point","coordinates":[-74.082295,4.6237]},"properties":{"id":"osm:n14017821420","type":"atm","name":"BBVA","source":"osm","osmId":"node/14017821420","operator":"BBVA"}},{"type":"Feature","geometry":{"type":"Point","coordinates":[-74.047106,4.762985]},"properties":{"id":"osm:n14023971401","type":"health","name":"Colmédica","source":"osm","osmId":"node/14023971401"}},{"type":"Feature","geometry":{"type":"Point","coordinates":[-74.120974,4.590656]},"properties":{"id":"osm:n14025279271","type":"pharmacy","name":"Saraluna","source":"osm","osmId":"node/14025279271"}},{"type":"Feature","geometry":{"type":"Point","coordinates":[-74.105003,4.695548]},"properties":{"id":"osm:n14027560552","type":"atm","name":"Bancolombia","source":"osm","osmId":"node/14027560552","operator":"Bancolombia"}},{"type":"Feature","geometry":{"type":"Point","coordinates":[-74.422484,4.179673]},"properties":{"id":"osm:n14047370480","type":"atm","name":"Banco Agrario","source":"osm","osmId":"node/14047370480","operator":"Banco Agrario"}},{"type":"Feature","geometry":{"type":"Point","coordinates":[-74.068984,4.717992]},"properties":{"id":"osm:n14064000106","type":"pharmacy","name":"Cruz Verde","source":"osm","osmId":"node/14064000106"}},{"type":"Feature","geometry":{"type":"Point","coordinates":[-74.186881,4.63991]},"properties":{"id":"osm:n14066729896","type":"library","name":"Biblioteca Ciudadela","source":"osm","osmId":"node/14066729896"}},{"type":"Feature","geometry":{"type":"Point","coordinates":[-74.065926,4.62807]},"properties":{"id":"osm:n14066759011","type":"library","source":"osm","osmId":"node/14066759011"}},{"type":"Feature","geometry":{"type":"Point","coordinates":[-74.098299,4.75263]},"properties":{"id":"osm:n14081263391","type":"pharmacy","name":"Drogerías Clásica","source":"osm","osmId":"node/14081263391"}},{"type":"Feature","geometry":{"type":"Point","coordinates":[-74.098489,4.752884]},"properties":{"id":"osm:n14081279805","type":"pharmacy","name":"Droguería Don Justo","source":"osm","osmId":"node/14081279805"}},{"type":"Feature","geometry":{"type":"Point","coordinates":[-74.097164,4.752254]},"properties":{"id":"osm:n14081279859","type":"pharmacy","name":"Droguerias Hiper Rebaja","source":"osm","osmId":"node/14081279859"}},{"type":"Feature","geometry":{"type":"Point","coordinates":[-74.058474,4.682493]},"properties":{"id":"osm:n14099349901","type":"health","name":"UME NORTH WEST","source":"osm","osmId":"node/14099349901"}},{"type":"Feature","geometry":{"type":"Point","coordinates":[-74.058468,4.682482]},"properties":{"id":"osm:n14101594201","type":"health","name":"UME NORTH WEST","source":"osm","osmId":"node/14101594201"}},{"type":"Feature","geometry":{"type":"Point","coordinates":[-74.086525,4.551977]},"properties":{"id":"osm:n14107492512","type":"pharmacy","source":"osm","osmId":"node/14107492512"}},{"type":"Feature","geometry":{"type":"Point","coordinates":[-74.445614,4.583846]},"properties":{"id":"osm:n14108664213","type":"pharmacy","name":"Droguería La Ecoómica","source":"osm","osmId":"node/14108664213"}},{"type":"Feature","geometry":{"type":"Point","coordinates":[-74.042967,4.702504]},"properties":{"id":"osm:n14110254401","type":"bike_parking","source":"osm","osmId":"node/14110254401"}},{"type":"Feature","geometry":{"type":"Point","coordinates":[-74.04334,4.696679]},"properties":{"id":"osm:n14110300501","type":"bike_parking","source":"osm","osmId":"node/14110300501"}},{"type":"Feature","geometry":{"type":"Point","coordinates":[-74.071453,4.650365]},"properties":{"id":"osm:n14111281297","type":"health","name":"Health Plus I.P.S.","source":"osm","osmId":"node/14111281297"}},{"type":"Feature","geometry":{"type":"Point","coordinates":[-74.086555,4.714265]},"properties":{"id":"osm:n14138366301","type":"library","name":"Biblioteca pública CEFE Cometas","source":"osm","osmId":"node/14138366301"}},{"type":"Feature","geometry":{"type":"Point","coordinates":[-74.084968,4.588496]},"properties":{"id":"osm:w24038308","type":"health","name":"Instituto Materno Infantil Concepción Villaveces","source":"osm","osmId":"way/24038308"}},{"type":"Feature","geometry":{"type":"Point","coordinates":[-74.095589,4.648923]},"properties":{"id":"osm:w24249764","type":"health","name":"Hospital Universiario Nacional","source":"osm","osmId":"way/24249764"}},{"type":"Feature","geometry":{"type":"Point","coordinates":[-74.094876,4.647645]},"properties":{"id":"osm:w24249781","type":"health","name":"Clínica del Niño","source":"osm","osmId":"way/24249781"}},{"type":"Feature","geometry":{"type":"Point","coordinates":[-74.072838,4.597213]},"properties":{"id":"osm:w24251972","type":"library","name":"Biblioteca Luis Ángel Arango","source":"osm","osmId":"way/24251972","operator":"Banco de la República de Colombia","openingHours":"Mo-Sa 08:00-20:00; Su 08:00-16:00"}},{"type":"Feature","geometry":{"type":"Point","coordinates":[-74.077174,4.593461]},"properties":{"id":"osm:w24251983","type":"library","name":"Archivo General de la Nación","source":"osm","osmId":"way/24251983"}},{"type":"Feature","geometry":{"type":"Point","coordinates":[-74.091114,4.636639]},"properties":{"id":"osm:w24265818","type":"library","name":"Hemeroteca Nacional","source":"osm","osmId":"way/24265818"}},{"type":"Feature","geometry":{"type":"Point","coordinates":[-74.083268,4.635279]},"properties":{"id":"osm:w24265855","type":"library","name":"Biblioteca Central - Gabriel García Márquez","source":"osm","osmId":"way/24265855","wheelchair":"yes"}},{"type":"Feature","geometry":{"type":"Point","coordinates":[-74.073907,4.589292]},"properties":{"id":"osm:w24510160","type":"health","name":"UPA Lourdes","source":"osm","osmId":"way/24510160"}},{"type":"Feature","geometry":{"type":"Point","coordinates":[-74.078971,4.664849]},"properties":{"id":"osm:w24559320","type":"health","name":"Hospital Infantil Universitario San José","source":"osm","osmId":"way/24559320"}},{"type":"Feature","geometry":{"type":"Point","coordinates":[-74.057355,4.71168]},"properties":{"id":"osm:w37545126","type":"police","name":"CAI","source":"osm","osmId":"way/37545126"}},{"type":"Feature","geometry":{"type":"Point","coordinates":[-74.056715,4.646988]},"properties":{"id":"osm:w37633107","type":"police","name":"CAI Granada","source":"osm","osmId":"way/37633107"}},{"type":"Feature","geometry":{"type":"Point","coordinates":[-74.062223,4.645825]},"properties":{"id":"osm:w38187749","type":"police","name":"CAI Chapinero","source":"osm","osmId":"way/38187749"}},{"type":"Feature","geometry":{"type":"Point","coordinates":[-74.049091,4.656137]},"properties":{"id":"osm:w38243477","type":"police","name":"CAI Rosales","source":"osm","osmId":"way/38243477"}},{"type":"Feature","geometry":{"type":"Point","coordinates":[-74.050075,4.670351]},"properties":{"id":"osm:w39073550","type":"police","name":"CAI Estadero","source":"osm","osmId":"way/39073550"}},{"type":"Feature","geometry":{"type":"Point","coordinates":[-74.055778,4.661862]},"properties":{"id":"osm:w39073923","type":"police","name":"CAI","source":"osm","osmId":"way/39073923"}},{"type":"Feature","geometry":{"type":"Point","coordinates":[-74.060991,4.652201]},"properties":{"id":"osm:w39353079","type":"health","name":"Clínica Infantil Colsubsidio","source":"osm","osmId":"way/39353079"}},{"type":"Feature","geometry":{"type":"Point","coordinates":[-74.046713,4.717099]},"properties":{"id":"osm:w39764638","type":"health","name":"Instituto Colombiano del Sistema Nervioso Clínica Monserrat","source":"osm","osmId":"way/39764638"}},{"type":"Feature","geometry":{"type":"Point","coordinates":[-74.023035,4.742194]},"properties":{"id":"osm:w42527299","type":"health","name":"Hospital Simón Bolívar","source":"osm","osmId":"way/42527299","wheelchair":"yes"}},{"type":"Feature","geometry":{"type":"Point","coordinates":[-74.10258,4.690001]},"properties":{"id":"osm:w48571138","type":"police","name":"Estación De Policía De SantaHelenita","source":"osm","osmId":"way/48571138"}},{"type":"Feature","geometry":{"type":"Point","coordinates":[-74.026664,4.741496]},"properties":{"id":"osm:w57722864","type":"police","name":"Servitá","source":"osm","osmId":"way/57722864"}},{"type":"Feature","geometry":{"type":"Point","coordinates":[-74.068888,4.595269]},"properties":{"id":"osm:w58868733","type":"library","name":"Ed. E - Biblioteca","source":"osm","osmId":"way/58868733","openingHours":"Mo-Sa 06:00-20:00"}},{"type":"Feature","geometry":{"type":"Point","coordinates":[-74.031979,4.861124]},"properties":{"id":"osm:w59341919","type":"library","name":"Octavio Arizmendi Posada","source":"osm","osmId":"way/59341919"}},{"type":"Feature","geometry":{"type":"Point","coordinates":[-74.126049,4.672072]},"properties":{"id":"osm:w60757495","type":"pharmacy","name":"Farmatodo","source":"osm","osmId":"way/60757495"}},{"type":"Feature","geometry":{"type":"Point","coordinates":[-74.092521,4.591305]},"properties":{"id":"osm:w61758777","type":"health","source":"osm","osmId":"way/61758777"}},{"type":"Feature","geometry":{"type":"Point","coordinates":[-74.044861,4.704057]},"properties":{"id":"osm:w67416627","type":"health","name":"Unidad Medico Quirurgica Santa Barbara","source":"osm","osmId":"way/67416627"}},{"type":"Feature","geometry":{"type":"Point","coordinates":[-74.074643,4.81903]},"properties":{"id":"osm:w72466563","type":"police","name":"CAI","source":"osm","osmId":"way/72466563"}},{"type":"Feature","geometry":{"type":"Point","coordinates":[-74.146186,4.671747]},"properties":{"id":"osm:w74268803","type":"health","name":"Hospital de Fontibón","source":"osm","osmId":"way/74268803"}},{"type":"Feature","geometry":{"type":"Point","coordinates":[-74.173154,4.595479]},"properties":{"id":"osm:w78384363","type":"health","name":"Compensar","source":"osm","osmId":"way/78384363","operator":"Compensar"}},{"type":"Feature","geometry":{"type":"Point","coordinates":[-74.073882,4.636182]},"properties":{"id":"osm:w81140805","type":"health","name":"Clínica Palermo","source":"osm","osmId":"way/81140805"}},{"type":"Feature","geometry":{"type":"Point","coordinates":[-74.162485,4.581058]},"properties":{"id":"osm:w86470119","type":"police","name":"Policia de Carabineros Sierra Morena","source":"osm","osmId":"way/86470119","operator":"Policía Nacional de Colombia"}},{"type":"Feature","geometry":{"type":"Point","coordinates":[-74.070291,4.621464]},"properties":{"id":"osm:w86980338","type":"health","name":"CIOSAD","source":"osm","osmId":"way/86980338"}},{"type":"Feature","geometry":{"type":"Point","coordinates":[-74.032548,4.705079]},"properties":{"id":"osm:w87217866","type":"police","name":"Policía de Tránsito","source":"osm","osmId":"way/87217866","wheelchair":"limited"}},{"type":"Feature","geometry":{"type":"Point","coordinates":[-74.029464,4.699118]},"properties":{"id":"osm:w96279050","type":"health","name":"Colsubsidio Usaquén","source":"osm","osmId":"way/96279050","wheelchair":"no"}},{"type":"Feature","geometry":{"type":"Point","coordinates":[-74.041098,4.704419]},"properties":{"id":"osm:w97636047","type":"health","name":"La Carolina Centro Médico","source":"osm","osmId":"way/97636047"}},{"type":"Feature","geometry":{"type":"Point","coordinates":[-74.103119,4.585626]},"properties":{"id":"osm:w97868571","type":"police","name":"Estacion de Policía Restrepo","source":"osm","osmId":"way/97868571"}},{"type":"Feature","geometry":{"type":"Point","coordinates":[-74.031973,4.715324]},"properties":{"id":"osm:w109199331","type":"atm","name":"Jumbo","source":"osm","osmId":"way/109199331"}},{"type":"Feature","geometry":{"type":"Point","coordinates":[-74.023809,4.74197]},"properties":{"id":"osm:w112187429","type":"library","name":"Biblioteca Servita","source":"osm","osmId":"way/112187429"}},{"type":"Feature","geometry":{"type":"Point","coordinates":[-74.448672,4.767188]},"properties":{"id":"osm:w126576892","type":"health","name":"Parque de la Salud Anolaima","source":"osm","osmId":"way/126576892"}},{"type":"Feature","geometry":{"type":"Point","coordinates":[-74.03404,4.741843]},"properties":{"id":"osm:w132577773","type":"health","name":"Fundación Cardio Infantil","source":"osm","osmId":"way/132577773"}},{"type":"Feature","geometry":{"type":"Point","coordinates":[-74.060259,4.620998]},"properties":{"id":"osm:w137320588","type":"police","name":"Estacion de Carabineros Parque Nacional","source":"osm","osmId":"way/137320588"}},{"type":"Feature","geometry":{"type":"Point","coordinates":[-74.0723,4.580582]},"properties":{"id":"osm:w146203826","type":"police","name":"CAI El Dorado","source":"osm","osmId":"way/146203826"}},{"type":"Feature","geometry":{"type":"Point","coordinates":[-74.081822,4.673815]},"properties":{"id":"osm:w151442158","type":"police","name":"Estación de policía Barrios Unidos","source":"osm","osmId":"way/151442158"}},{"type":"Feature","geometry":{"type":"Point","coordinates":[-74.03377,4.694866]},"properties":{"id":"osm:w153460467","type":"health","name":"Fundacion Medica de los Andes","source":"osm","osmId":"way/153460467","wheelchair":"limited"}},{"type":"Feature","geometry":{"type":"Point","coordinates":[-74.077209,4.591257]},"properties":{"id":"osm:w156572589","type":"library","name":"Archivo de Bogotá","source":"osm","osmId":"way/156572589"}},{"type":"Feature","geometry":{"type":"Point","coordinates":[-74.060386,4.85939]},"properties":{"id":"osm:w166307933","type":"police","name":"Estacion de Policia \"El curubito\"","source":"osm","osmId":"way/166307933"}},{"type":"Feature","geometry":{"type":"Point","coordinates":[-74.067771,4.692895]},"properties":{"id":"osm:w168526080","type":"health","source":"osm","osmId":"way/168526080"}},{"type":"Feature","geometry":{"type":"Point","coordinates":[-74.103219,4.584343]},"properties":{"id":"osm:w172947240","type":"library","name":"Biblioteca Pública Carlos E. Restrepo","source":"osm","osmId":"way/172947240","operator":"Biblored"}},{"type":"Feature","geometry":{"type":"Point","coordinates":[-74.148684,4.667661]},"properties":{"id":"osm:w174866346","type":"police","name":"Estación de Policia de Fontibón","source":"osm","osmId":"way/174866346"}},{"type":"Feature","geometry":{"type":"Point","coordinates":[-74.170982,4.624413]},"properties":{"id":"osm:w175822266","type":"police","name":"CAI Gran Britalia","source":"osm","osmId":"way/175822266"}},{"type":"Feature","geometry":{"type":"Point","coordinates":[-74.171816,4.622039]},"properties":{"id":"osm:w175822270","type":"health","name":"CAMI Gran Britalia","source":"osm","osmId":"way/175822270"}},{"type":"Feature","geometry":{"type":"Point","coordinates":[-74.064139,4.601464]},"properties":{"id":"osm:w175950951","type":"library","name":"U (La Capilla) Biblioteca arte y diseño","source":"osm","osmId":"way/175950951"}},{"type":"Feature","geometry":{"type":"Point","coordinates":[-74.144857,4.689254]},"properties":{"id":"osm:w176602367","type":"toilets","source":"osm","osmId":"way/176602367"}},{"type":"Feature","geometry":{"type":"Point","coordinates":[-74.095209,4.576685]},"properties":{"id":"osm:w177991055","type":"health","name":"Compensar Avenida 1 de Mayo","source":"osm","osmId":"way/177991055","operator":"Compensar"}},{"type":"Feature","geometry":{"type":"Point","coordinates":[-74.181364,4.572946]},"properties":{"id":"osm:w184475694","type":"library","name":"Biblioteca Juaquin Piñeros Corpas sede La Isla","source":"osm","osmId":"way/184475694","operator":"Biblioteca Juaquin Piñeros Corpas"}},{"type":"Feature","geometry":{"type":"Point","coordinates":[-74.086199,4.635823]},"properties":{"id":"osm:w190155859","type":"pharmacy","name":"Farmacia y Oficinas (510)","source":"osm","osmId":"way/190155859"}},{"type":"Feature","geometry":{"type":"Point","coordinates":[-74.075193,4.686167]},"properties":{"id":"osm:w199522386","type":"health","name":"Centro Salud Cafam","source":"osm","osmId":"way/199522386","openingHours":"24/7"}},{"type":"Feature","geometry":{"type":"Point","coordinates":[-74.301603,4.309881]},"properties":{"id":"osm:w205862342","type":"police","name":"Estación de Policía de Pasca","source":"osm","osmId":"way/205862342","operator":"Policía Nacional de Colombia"}},{"type":"Feature","geometry":{"type":"Point","coordinates":[-74.063823,4.630344]},"properties":{"id":"osm:w207609316","type":"toilets","name":"Baños Ciencias Básicas","source":"osm","osmId":"way/207609316","wheelchair":"yes","operator":"Baño"}},{"type":"Feature","geometry":{"type":"Point","coordinates":[-74.107718,4.565578]},"properties":{"id":"osm:w220078994","type":"health","name":"Centro de Atención las Lomas","source":"osm","osmId":"way/220078994"}},{"type":"Feature","geometry":{"type":"Point","coordinates":[-74.162978,4.56843]},"properties":{"id":"osm:w220758288","type":"police","name":"CAI Arborizadora Alta","source":"osm","osmId":"way/220758288","operator":"Policía Nacional de Colombia"}},{"type":"Feature","geometry":{"type":"Point","coordinates":[-74.090542,4.699102]},"properties":{"id":"osm:w224701918","type":"library","name":"Biblioteca Rafael Garcia Herreros","source":"osm","osmId":"way/224701918"}},{"type":"Feature","geometry":{"type":"Point","coordinates":[-74.072853,4.698079]},"properties":{"id":"osm:w225050224","type":"health","name":"Fundación Clínica Shaio","source":"osm","osmId":"way/225050224","openingHours":"24/7"}},{"type":"Feature","geometry":{"type":"Point","coordinates":[-74.141712,4.682025]},"properties":{"id":"osm:w226442407","type":"library","name":"La Giralda","source":"osm","osmId":"way/226442407","operator":"BiblioRed"}},{"type":"Feature","geometry":{"type":"Point","coordinates":[-74.092977,4.709914]},"properties":{"id":"osm:w227441452","type":"toilets","source":"osm","osmId":"way/227441452"}},{"type":"Feature","geometry":{"type":"Point","coordinates":[-74.128248,4.57147]},"properties":{"id":"osm:w230361682","type":"health","name":"Hospital El Tunal","source":"osm","osmId":"way/230361682"}},{"type":"Feature","geometry":{"type":"Point","coordinates":[-73.934778,4.482955]},"properties":{"id":"osm:w231047772","type":"police","name":"Estación de Policía de Ubaque","source":"osm","osmId":"way/231047772","operator":"Policía Nacional de Colombia"}},{"type":"Feature","geometry":{"type":"Point","coordinates":[-74.120322,4.695057]},"properties":{"id":"osm:w231391647","type":"health","name":"UPA Álamos","source":"osm","osmId":"way/231391647"}},{"type":"Feature","geometry":{"type":"Point","coordinates":[-74.089172,4.591328]},"properties":{"id":"osm:w231977250","type":"health","name":"Centro Dermatológico Federico Lleras Acosta","source":"osm","osmId":"way/231977250"}},{"type":"Feature","geometry":{"type":"Point","coordinates":[-74.115795,4.671074]},"properties":{"id":"osm:w233388432","type":"police","name":"Policía Nacional - Dirección de Investigación Criminal","source":"osm","osmId":"way/233388432","operator":"Policía Nacional de Colombia"}},{"type":"Feature","geometry":{"type":"Point","coordinates":[-74.124565,4.682227]},"properties":{"id":"osm:w233391214","type":"health","name":"Fresenius Medical Care","source":"osm","osmId":"way/233391214"}},{"type":"Feature","geometry":{"type":"Point","coordinates":[-74.131973,4.583562]},"properties":{"id":"osm:w233575886","type":"health","name":"Hospital El Carmen","source":"osm","osmId":"way/233575886"}},{"type":"Feature","geometry":{"type":"Point","coordinates":[-74.133037,4.574744]},"properties":{"id":"osm:w233762498","type":"toilets","source":"osm","osmId":"way/233762498","wheelchair":"yes"}},{"type":"Feature","geometry":{"type":"Point","coordinates":[-74.12729,4.583311]},"properties":{"id":"osm:w233905638","type":"police","name":"CAI Claret","source":"osm","osmId":"way/233905638"}},{"type":"Feature","geometry":{"type":"Point","coordinates":[-74.158318,4.578568]},"properties":{"id":"osm:w234353720","type":"bike_parking","source":"osm","osmId":"way/234353720"}},{"type":"Feature","geometry":{"type":"Point","coordinates":[-74.351852,4.616642]},"properties":{"id":"osm:w236001240","type":"health","name":"Hospital San Antonio del Tequendama ESE","source":"osm","osmId":"way/236001240"}},{"type":"Feature","geometry":{"type":"Point","coordinates":[-74.351866,4.615995]},"properties":{"id":"osm:w236001552","type":"library","name":"Biblioteca Municipal San Antonio del Tequendama","source":"osm","osmId":"way/236001552","operator":"Alcaldia Municipal"}},{"type":"Feature","geometry":{"type":"Point","coordinates":[-74.130466,4.576633]},"properties":{"id":"osm:w236867364","type":"police","name":"CAI Tunal","source":"osm","osmId":"way/236867364"}},{"type":"Feature","geometry":{"type":"Point","coordinates":[-74.154283,4.620072]},"properties":{"id":"osm:w238505519","type":"health","name":"Nueva EPS Kennedy","source":"osm","osmId":"way/238505519"}},{"type":"Feature","geometry":{"type":"Point","coordinates":[-74.155285,4.624704]},"properties":{"id":"osm:w244576707","type":"library","name":"Colegio INEM","source":"osm","osmId":"way/244576707"}},{"type":"Feature","geometry":{"type":"Point","coordinates":[-74.154275,4.623709]},"properties":{"id":"osm:w244789412","type":"health","name":"Centro de Salud Famisanar Cafam Kennedy","source":"osm","osmId":"way/244789412"}},{"type":"Feature","geometry":{"type":"Point","coordinates":[-74.084791,4.631316]},"properties":{"id":"osm:w252078996","type":"health","name":"Centro Médico IMEF","source":"osm","osmId":"way/252078996"}},{"type":"Feature","geometry":{"type":"Point","coordinates":[-74.085454,4.63131]},"properties":{"id":"osm:w252078998","type":"health","name":"Clínica Fundadores","source":"osm","osmId":"way/252078998"}},{"type":"Feature","geometry":{"type":"Point","coordinates":[-74.154809,4.643067]},"properties":{"id":"osm:w252078999","type":"library","name":"Biblioteca el Tintal Manuel Zapata Olivella","source":"osm","osmId":"way/252078999","operator":"Biblored","openingHours":"Tu-Sa 08:00-20:00; Su 10:00-17:00; PH,Mo off"}},{"type":"Feature","geometry":{"type":"Point","coordinates":[-74.065492,4.750112]},"properties":{"id":"osm:w258199722","type":"health","name":"Clínica La Colina","source":"osm","osmId":"way/258199722"}},{"type":"Feature","geometry":{"type":"Point","coordinates":[-74.030576,4.716673]},"properties":{"id":"osm:w263669353","type":"pharmacy","name":"Cruz Verde","source":"osm","osmId":"way/263669353"}},{"type":"Feature","geometry":{"type":"Point","coordinates":[-74.069861,4.612046]},"properties":{"id":"osm:w278144601","type":"police","name":"CAI San Diego","source":"osm","osmId":"way/278144601"}},{"type":"Feature","geometry":{"type":"Point","coordinates":[-74.055957,4.863108]},"properties":{"id":"osm:w288140273","type":"library","name":"Hoqabiga","source":"osm","osmId":"way/288140273","operator":"Municipio"}},{"type":"Feature","geometry":{"type":"Point","coordinates":[-74.161407,4.643088]},"properties":{"id":"osm:w305178582","type":"health","name":"UPA 92","source":"osm","osmId":"way/305178582"}},{"type":"Feature","geometry":{"type":"Point","coordinates":[-74.158413,4.622667]},"properties":{"id":"osm:w307030539","type":"health","source":"osm","osmId":"way/307030539"}},{"type":"Feature","geometry":{"type":"Point","coordinates":[-74.105621,4.589636]},"properties":{"id":"osm:w313036003","type":"pharmacy","name":"Drogas Garcia","source":"osm","osmId":"way/313036003","operator":"Farmacia"}},{"type":"Feature","geometry":{"type":"Point","coordinates":[-74.083393,4.56963]},"properties":{"id":"osm:w313193639","type":"health","name":"Hospital San Blas Nivel II E.S.E.","source":"osm","osmId":"way/313193639"}},{"type":"Feature","geometry":{"type":"Point","coordinates":[-74.08591,4.569972]},"properties":{"id":"osm:w313193670","type":"police","name":"Estación de Policía San Cristóbal","source":"osm","osmId":"way/313193670"}},{"type":"Feature","geometry":{"type":"Point","coordinates":[-74.057691,4.67789]},"properties":{"id":"osm:w314681111","type":"health","name":"Centro Médico el Virrey","source":"osm","osmId":"way/314681111"}},{"type":"Feature","geometry":{"type":"Point","coordinates":[-74.055237,4.695559]},"properties":{"id":"osm:w324530754","type":"police","name":"CAI Navarra","source":"osm","osmId":"way/324530754"}},{"type":"Feature","geometry":{"type":"Point","coordinates":[-74.09441,4.552661]},"properties":{"id":"osm:w324799387","type":"health","name":"Hospital La Victoria","source":"osm","osmId":"way/324799387"}},{"type":"Feature","geometry":{"type":"Point","coordinates":[-74.168251,4.58788]},"properties":{"id":"osm:w324860707","type":"library","name":"Perdomo Soledad Lamprea","source":"osm","osmId":"way/324860707","operator":"Biblored"}},{"type":"Feature","geometry":{"type":"Point","coordinates":[-74.065649,4.653685]},"properties":{"id":"osm:w326795792","type":"health","name":"Hospital de Chapinero-Empresa Soc. Del Estado","source":"osm","osmId":"way/326795792","operator":"SDS"}},{"type":"Feature","geometry":{"type":"Point","coordinates":[-74.135438,4.596201]},"properties":{"id":"osm:w334433539","type":"police","name":"CAI Alquería","source":"osm","osmId":"way/334433539"}},{"type":"Feature","geometry":{"type":"Point","coordinates":[-74.137823,4.581826]},"properties":{"id":"osm:w334783164","type":"pharmacy","name":"Venecia Punto 52","source":"osm","osmId":"way/334783164","operator":"Venecia Punto 52"}},{"type":"Feature","geometry":{"type":"Point","coordinates":[-74.068842,4.628987]},"properties":{"id":"osm:w334793591","type":"health","name":"Clínica Oftalmológica","source":"osm","osmId":"way/334793591"}},{"type":"Feature","geometry":{"type":"Point","coordinates":[-74.068901,4.632423]},"properties":{"id":"osm:w334798683","type":"health","name":"Centro de Medicina Bioenergetica ALMHI","source":"osm","osmId":"way/334798683"}},{"type":"Feature","geometry":{"type":"Point","coordinates":[-74.066542,4.626266]},"properties":{"id":"osm:w334930764","type":"health","name":"Aliansalud","source":"osm","osmId":"way/334930764"}},{"type":"Feature","geometry":{"type":"Point","coordinates":[-74.066711,4.627446]},"properties":{"id":"osm:w334940542","type":"police","name":"Estación de Policía Teusaquillo","source":"osm","osmId":"way/334940542","operator":"Policía Nacional de Colombia"}},{"type":"Feature","geometry":{"type":"Point","coordinates":[-74.111052,4.612701]},"properties":{"id":"osm:w334965688","type":"health","name":"Sanitas","source":"osm","osmId":"way/334965688"}},{"type":"Feature","geometry":{"type":"Point","coordinates":[-74.099975,4.598906]},"properties":{"id":"osm:w342866800","type":"police","name":"CAI Santa Isabel","source":"osm","osmId":"way/342866800"}},{"type":"Feature","geometry":{"type":"Point","coordinates":[-74.155579,4.633084]},"properties":{"id":"osm:w352361089","type":"police","name":"Cai Caldas","source":"osm","osmId":"way/352361089"}},{"type":"Feature","geometry":{"type":"Point","coordinates":[-74.107226,4.584524]},"properties":{"id":"osm:w359621101","type":"police","name":"CAI Centenario","source":"osm","osmId":"way/359621101","openingHours":"24/7"}},{"type":"Feature","geometry":{"type":"Point","coordinates":[-74.104744,4.589398]},"properties":{"id":"osm:w361482163","type":"police","name":"CAI Valvanera","source":"osm","osmId":"way/361482163"}},{"type":"Feature","geometry":{"type":"Point","coordinates":[-74.163624,4.692018]},"properties":{"id":"osm:w368373723","type":"police","name":"Instituto Nacional de Vias","source":"osm","osmId":"way/368373723"}},{"type":"Feature","geometry":{"type":"Point","coordinates":[-74.066613,4.632963]},"properties":{"id":"osm:w371546548","type":"health","name":"ICOP","source":"osm","osmId":"way/371546548"}},{"type":"Feature","geometry":{"type":"Point","coordinates":[-74.063567,4.632412]},"properties":{"id":"osm:w371547399","type":"pharmacy","name":"Drogueria Javerianos","source":"osm","osmId":"way/371547399"}},{"type":"Feature","geometry":{"type":"Point","coordinates":[-74.064971,4.632324]},"properties":{"id":"osm:w371550132","type":"health","name":"coodontologos","source":"osm","osmId":"way/371550132"}},{"type":"Feature","geometry":{"type":"Point","coordinates":[-74.092497,4.59831]},"properties":{"id":"osm:w371839224","type":"police","name":"ESMAD","source":"osm","osmId":"way/371839224"}},{"type":"Feature","geometry":{"type":"Point","coordinates":[-74.066797,4.639921]},"properties":{"id":"osm:w371982780","type":"health","name":"Viva 1A IPS","source":"osm","osmId":"way/371982780","operator":"Nueva EPS"}},{"type":"Feature","geometry":{"type":"Point","coordinates":[-74.14262,4.62126]},"properties":{"id":"osm:w371983489","type":"health","name":"Consultorio Médico Kennedy","source":"osm","osmId":"way/371983489"}},{"type":"Feature","geometry":{"type":"Point","coordinates":[-74.06396,4.636932]},"properties":{"id":"osm:w371988569","type":"health","name":"Centro de Especialidades","source":"osm","osmId":"way/371988569"}},{"type":"Feature","geometry":{"type":"Point","coordinates":[-74.068538,4.640171]},"properties":{"id":"osm:w371993126","type":"health","name":"Cafam","source":"osm","osmId":"way/371993126"}},{"type":"Feature","geometry":{"type":"Point","coordinates":[-74.06429,4.636289]},"properties":{"id":"osm:w371998450","type":"health","source":"osm","osmId":"way/371998450"}},{"type":"Feature","geometry":{"type":"Point","coordinates":[-74.06441,4.636391]},"properties":{"id":"osm:w371998454","type":"health","source":"osm","osmId":"way/371998454"}},{"type":"Feature","geometry":{"type":"Point","coordinates":[-74.066212,4.63597]},"properties":{"id":"osm:w372071295","type":"health","name":"Clínica Marly","source":"osm","osmId":"way/372071295","openingHours":"07:00-19:00"}},{"type":"Feature","geometry":{"type":"Point","coordinates":[-74.066241,4.63578]},"properties":{"id":"osm:w372071297","type":"health","name":"Centro de Servicios Famisanar","source":"osm","osmId":"way/372071297","openingHours":"06:00-22:00"}},{"type":"Feature","geometry":{"type":"Point","coordinates":[-74.064447,4.636216]},"properties":{"id":"osm:w372117754","type":"health","name":"Centro Medico","source":"osm","osmId":"way/372117754"}},{"type":"Feature","geometry":{"type":"Point","coordinates":[-74.119912,4.665752]},"properties":{"id":"osm:w372146161","type":"pharmacy","name":"Droguería Colsubsidio","source":"osm","osmId":"way/372146161","operator":"Colsubsidio"}},{"type":"Feature","geometry":{"type":"Point","coordinates":[-74.06721,4.636811]},"properties":{"id":"osm:w372146822","type":"pharmacy","name":"Punto Farma","source":"osm","osmId":"way/372146822"}},{"type":"Feature","geometry":{"type":"Point","coordinates":[-74.046013,4.704263]},"properties":{"id":"osm:w376318617","type":"pharmacy","name":"Farmatodo","source":"osm","osmId":"way/376318617","openingHours":"Mo-Sa 07:00-22:00; Su 08:00-21:00"}},{"type":"Feature","geometry":{"type":"Point","coordinates":[-74.13206,4.583822]},"properties":{"id":"osm:w377630580","type":"pharmacy","source":"osm","osmId":"way/377630580"}},{"type":"Feature","geometry":{"type":"Point","coordinates":[-73.981305,4.71476]},"properties":{"id":"osm:w380503352","type":"police","source":"osm","osmId":"way/380503352"}},{"type":"Feature","geometry":{"type":"Point","coordinates":[-73.983234,4.699381]},"properties":{"id":"osm:w380513877","type":"police","name":"Portería del Embalse San Rafael","source":"osm","osmId":"way/380513877"}},{"type":"Feature","geometry":{"type":"Point","coordinates":[-74.101668,4.644099]},"properties":{"id":"osm:w383532415","type":"pharmacy","name":"Farmatodo","source":"osm","osmId":"way/383532415"}},{"type":"Feature","geometry":{"type":"Point","coordinates":[-74.221053,4.609309]},"properties":{"id":"osm:w384766769","type":"library","name":"Biblioteca Pública de Soacha","source":"osm","osmId":"way/384766769"}},{"type":"Feature","geometry":{"type":"Point","coordinates":[-74.214563,4.607053]},"properties":{"id":"osm:w384767719","type":"police","name":"CAI Ciudad Verde","source":"osm","osmId":"way/384767719","operator":"Policía Nacional de Colombia"}},{"type":"Feature","geometry":{"type":"Point","coordinates":[-74.219744,4.606028]},"properties":{"id":"osm:w385056533","type":"police","name":"Estación Policía Ciudad Verde","source":"osm","osmId":"way/385056533","operator":"Policía Nacional de Colombia"}},{"type":"Feature","geometry":{"type":"Point","coordinates":[-74.246865,4.503781]},"properties":{"id":"osm:w386567963","type":"police","name":"Escuela de Suboficiales Gonzalo Jiménez de Quesada","source":"osm","osmId":"way/386567963","operator":"Policía Nacional de Colombia"}},{"type":"Feature","geometry":{"type":"Point","coordinates":[-74.088849,4.665963]},"properties":{"id":"osm:w387153872","type":"police","name":"Policia Ambiental","source":"osm","osmId":"way/387153872"}},{"type":"Feature","geometry":{"type":"Point","coordinates":[-74.057084,4.682876]},"properties":{"id":"osm:w390354414","type":"health","name":"Clínica Los Nogales","source":"osm","osmId":"way/390354414"}},{"type":"Feature","geometry":{"type":"Point","coordinates":[-74.154698,4.628204]},"properties":{"id":"osm:w390912858","type":"library","name":"Biblioteca Francisco Jose de Caldas","source":"osm","osmId":"way/390912858"}},{"type":"Feature","geometry":{"type":"Point","coordinates":[-74.074972,4.631372]},"properties":{"id":"osm:w392014268","type":"police","name":"CAI La Soledad","source":"osm","osmId":"way/392014268"}},{"type":"Feature","geometry":{"type":"Point","coordinates":[-74.075443,4.629988]},"properties":{"id":"osm:w394765708","type":"pharmacy","name":"Colsubsidio","source":"osm","osmId":"way/394765708","operator":"Colsubsidio"}},{"type":"Feature","geometry":{"type":"Point","coordinates":[-74.093276,4.761898]},"properties":{"id":"osm:w395594654","type":"health","name":"Hospital Juan N. Corpas","source":"osm","osmId":"way/395594654"}},{"type":"Feature","geometry":{"type":"Point","coordinates":[-74.074459,4.626088]},"properties":{"id":"osm:w397681522","type":"library","name":"Libería Magisterio","source":"osm","osmId":"way/397681522"}},{"type":"Feature","geometry":{"type":"Point","coordinates":[-74.172723,4.615207]},"properties":{"id":"osm:w402454561","type":"health","name":"Clínica Ciudad Roma - Colsubsidio","source":"osm","osmId":"way/402454561"}},{"type":"Feature","geometry":{"type":"Point","coordinates":[-74.061937,4.649797]},"properties":{"id":"osm:w404987134","type":"police","name":"CAI","source":"osm","osmId":"way/404987134"}},{"type":"Feature","geometry":{"type":"Point","coordinates":[-74.062365,4.649947]},"properties":{"id":"osm:w404989624","type":"library","name":"Librería Paulinas","source":"osm","osmId":"way/404989624","operator":"Librería Paulinas"}},{"type":"Feature","geometry":{"type":"Point","coordinates":[-74.130338,4.582179]},"properties":{"id":"osm:w405787425","type":"pharmacy","source":"osm","osmId":"way/405787425"}},{"type":"Feature","geometry":{"type":"Point","coordinates":[-74.181863,4.625016]},"properties":{"id":"osm:w408010553","type":"health","name":"Hospital Pablo VI de Bosa","source":"osm","osmId":"way/408010553"}},{"type":"Feature","geometry":{"type":"Point","coordinates":[-74.067116,4.629175]},"properties":{"id":"osm:w408344492","type":"health","name":"Hospital Universitario San Ignacio","source":"osm","osmId":"way/408344492"}},{"type":"Feature","geometry":{"type":"Point","coordinates":[-74.064706,4.637319]},"properties":{"id":"osm:w408468025","type":"health","name":"Clínica de Marly B","source":"osm","osmId":"way/408468025"}},{"type":"Feature","geometry":{"type":"Point","coordinates":[-74.06491,4.635953]},"properties":{"id":"osm:w408488094","type":"health","name":"Unidad Radiológica Panoramax","source":"osm","osmId":"way/408488094"}},{"type":"Feature","geometry":{"type":"Point","coordinates":[-74.06502,4.635655]},"properties":{"id":"osm:w408488106","type":"health","name":"Unidad Médica","source":"osm","osmId":"way/408488106"}},{"type":"Feature","geometry":{"type":"Point","coordinates":[-74.165527,4.648092]},"properties":{"id":"osm:w408490805","type":"bike_parking","source":"osm","osmId":"way/408490805"}},{"type":"Feature","geometry":{"type":"Point","coordinates":[-74.193552,4.594008]},"properties":{"id":"osm:w408746302","type":"police","name":"Inspección de Policia León XIII","source":"osm","osmId":"way/408746302","operator":"Policía Nacional de Colombia"}},{"type":"Feature","geometry":{"type":"Point","coordinates":[-74.067267,4.628237]},"properties":{"id":"osm:w409876143","type":"health","name":"SaludVida EPS","source":"osm","osmId":"way/409876143"}},{"type":"Feature","geometry":{"type":"Point","coordinates":[-74.16307,4.636687]},"properties":{"id":"osm:w409911083","type":"pharmacy","name":"Camisalud","source":"osm","osmId":"way/409911083"}},{"type":"Feature","geometry":{"type":"Point","coordinates":[-74.065313,4.628936]},"properties":{"id":"osm:w410109440","type":"health","name":"Clínica Auditiva Escucho IPS","source":"osm","osmId":"way/410109440"}},{"type":"Feature","geometry":{"type":"Point","coordinates":[-74.064452,4.638563]},"properties":{"id":"osm:w410367336","type":"library","name":"LUIS J TORRES GOMEZ O.P","source":"osm","osmId":"way/410367336"}},{"type":"Feature","geometry":{"type":"Point","coordinates":[-74.066238,4.627381]},"properties":{"id":"osm:w410600853","type":"police","source":"osm","osmId":"way/410600853"}},{"type":"Feature","geometry":{"type":"Point","coordinates":[-74.148725,4.65167]},"properties":{"id":"osm:w411098595","type":"health","name":"Unidad de Servicios de Salud Patio Bonito El Tintal","source":"osm","osmId":"way/411098595"}},{"type":"Feature","geometry":{"type":"Point","coordinates":[-74.143745,4.607391]},"properties":{"id":"osm:w411110249","type":"health","source":"osm","osmId":"way/411110249"}},{"type":"Feature","geometry":{"type":"Point","coordinates":[-74.084703,4.637934]},"properties":{"id":"osm:w411110976","type":"library","name":"Biblioteca CYT","source":"osm","osmId":"way/411110976"}},{"type":"Feature","geometry":{"type":"Point","coordinates":[-74.142208,4.642896]},"properties":{"id":"osm:w411152100","type":"pharmacy","name":"Drogueria Juarez","source":"osm","osmId":"way/411152100"}},{"type":"Feature","geometry":{"type":"Point","coordinates":[-74.144066,4.642759]},"properties":{"id":"osm:w411159457","type":"pharmacy","name":"Drogueria Torres de Castilla","source":"osm","osmId":"way/411159457"}},{"type":"Feature","geometry":{"type":"Point","coordinates":[-74.070007,4.623234]},"properties":{"id":"osm:w412246743","type":"health","name":"Profamilia","source":"osm","osmId":"way/412246743","openingHours":"Mo-Fr 06:00-19:00; Sa 07:00-16:00"}},{"type":"Feature","geometry":{"type":"Point","coordinates":[-74.116284,4.602982]},"properties":{"id":"osm:w413997733","type":"toilets","source":"osm","osmId":"way/413997733"}},{"type":"Feature","geometry":{"type":"Point","coordinates":[-74.03667,4.875494]},"properties":{"id":"osm:w414032444","type":"health","name":"Clínica de Marly Jorge Cavelier Gaviria","source":"osm","osmId":"way/414032444"}},{"type":"Feature","geometry":{"type":"Point","coordinates":[-74.228161,4.703319]},"properties":{"id":"osm:w421201421","type":"health","name":"Hospital Maria Auxiliadora","source":"osm","osmId":"way/421201421"}},{"type":"Feature","geometry":{"type":"Point","coordinates":[-74.131935,4.648577]},"properties":{"id":"osm:w422725980","type":"bike_parking","source":"osm","osmId":"way/422725980"}},{"type":"Feature","geometry":{"type":"Point","coordinates":[-74.106389,4.648066]},"properties":{"id":"osm:w430200798","type":"health","name":"Clínica Colombia","source":"osm","osmId":"way/430200798","operator":"Sanitas"}},{"type":"Feature","geometry":{"type":"Point","coordinates":[-74.042388,4.700816]},"properties":{"id":"osm:w433948513","type":"bike_parking","source":"osm","osmId":"way/433948513"}},{"type":"Feature","geometry":{"type":"Point","coordinates":[-74.043816,4.682282]},"properties":{"id":"osm:w437769382","type":"pharmacy","name":"Farmatodo","source":"osm","osmId":"way/437769382","wheelchair":"yes","operator":"Farmatodo"}},{"type":"Feature","geometry":{"type":"Point","coordinates":[-74.032123,4.711855]},"properties":{"id":"osm:w438544025","type":"health","name":"Edificio El Bosque","source":"osm","osmId":"way/438544025"}},{"type":"Feature","geometry":{"type":"Point","coordinates":[-74.030944,4.711451]},"properties":{"id":"osm:w438544379","type":"health","name":"Clínica El Bosque","source":"osm","osmId":"way/438544379"}},{"type":"Feature","geometry":{"type":"Point","coordinates":[-74.164567,4.577579]},"properties":{"id":"osm:w450668734","type":"police","name":"Estación de Policía Ciudad Bolívar","source":"osm","osmId":"way/450668734","operator":"Policía Nacional de Colombia"}},{"type":"Feature","geometry":{"type":"Point","coordinates":[-74.015175,4.762075]},"properties":{"id":"osm:w456130272","type":"toilets","source":"osm","osmId":"way/456130272"}},{"type":"Feature","geometry":{"type":"Point","coordinates":[-74.039468,4.720803]},"properties":{"id":"osm:w460554322","type":"pharmacy","name":"Cruz Verde","source":"osm","osmId":"way/460554322"}},{"type":"Feature","geometry":{"type":"Point","coordinates":[-74.25979,4.735472]},"properties":{"id":"osm:w461501610","type":"health","name":"E.S.E. Hospital Santa Matilde","source":"osm","osmId":"way/461501610"}},{"type":"Feature","geometry":{"type":"Point","coordinates":[-74.127937,4.688258]},"properties":{"id":"osm:w474012765","type":"police","source":"osm","osmId":"way/474012765"}},{"type":"Feature","geometry":{"type":"Point","coordinates":[-74.086066,4.537011]},"properties":{"id":"osm:w475365938","type":"police","name":"CAI Altamira","source":"osm","osmId":"way/475365938","operator":"Policía Nacional","openingHours":"24/7"}},{"type":"Feature","geometry":{"type":"Point","coordinates":[-74.120091,4.583713]},"properties":{"id":"osm:w478122407","type":"health","name":"Unidad Primaria de Atención Upa Bravo Páez","source":"osm","osmId":"way/478122407","operator":"Hospital Rafael Uribe Uribe"}},{"type":"Feature","geometry":{"type":"Point","coordinates":[-74.158424,4.61576]},"properties":{"id":"osm:w479816460","type":"health","name":"Compensar Unidad de Servicios Kennedy","source":"osm","osmId":"way/479816460","operator":"Compensar"}},{"type":"Feature","geometry":{"type":"Point","coordinates":[-74.159433,4.619548]},"properties":{"id":"osm:w479820479","type":"police","name":"Octava Estacion de Policia Kennedy","source":"osm","osmId":"way/479820479"}},{"type":"Feature","geometry":{"type":"Point","coordinates":[-74.217323,4.607283]},"properties":{"id":"osm:w481482654","type":"health","name":"Clinica Avidanti Ciudad Verde","source":"osm","osmId":"way/481482654","operator":"https://www.avidanti.com/"}},{"type":"Feature","geometry":{"type":"Point","coordinates":[-74.096112,4.734304]},"properties":{"id":"osm:w490414365","type":"police","name":"Cai Aures","source":"osm","osmId":"way/490414365","operator":"Policía Nacional","openingHours":"24/7"}},{"type":"Feature","geometry":{"type":"Point","coordinates":[-74.083083,4.749724]},"properties":{"id":"osm:w494560318","type":"police","name":"CAI El Pinar","source":"osm","osmId":"way/494560318","operator":"Policía Nacional de Colombia"}},{"type":"Feature","geometry":{"type":"Point","coordinates":[-73.892532,4.484749]},"properties":{"id":"osm:w500553488","type":"health","source":"osm","osmId":"way/500553488"}},{"type":"Feature","geometry":{"type":"Point","coordinates":[-74.095603,4.544245]},"properties":{"id":"osm:w510563147","type":"police","name":"CAI Victoria","source":"osm","osmId":"way/510563147"}},{"type":"Feature","geometry":{"type":"Point","coordinates":[-74.031076,4.697797]},"properties":{"id":"osm:w526309660","type":"pharmacy","name":"Cruz Verde","source":"osm","osmId":"way/526309660"}},{"type":"Feature","geometry":{"type":"Point","coordinates":[-74.029182,4.7]},"properties":{"id":"osm:w526309662","type":"health","name":"JoMedical","source":"osm","osmId":"way/526309662"}},{"type":"Feature","geometry":{"type":"Point","coordinates":[-74.029125,4.700206]},"properties":{"id":"osm:w526309663","type":"health","name":"E.P.S. Sanitas","source":"osm","osmId":"way/526309663"}},{"type":"Feature","geometry":{"type":"Point","coordinates":[-74.047489,4.74134]},"properties":{"id":"osm:w526549909","type":"health","name":"Vitalia 160","source":"osm","osmId":"way/526549909"}},{"type":"Feature","geometry":{"type":"Point","coordinates":[-74.064777,4.726655]},"properties":{"id":"osm:w526585556","type":"pharmacy","name":"PuntoFarma","source":"osm","osmId":"way/526585556"}},{"type":"Feature","geometry":{"type":"Point","coordinates":[-74.064319,4.727714]},"properties":{"id":"osm:w526585568","type":"pharmacy","name":"Cruz Verde","source":"osm","osmId":"way/526585568"}},{"type":"Feature","geometry":{"type":"Point","coordinates":[-74.037286,4.72744]},"properties":{"id":"osm:w526899232","type":"pharmacy","name":"Cruz Verde","source":"osm","osmId":"way/526899232"}},{"type":"Feature","geometry":{"type":"Point","coordinates":[-74.031578,4.7423]},"properties":{"id":"osm:w527194819","type":"pharmacy","name":"Farma Comunal","source":"osm","osmId":"way/527194819"}},{"type":"Feature","geometry":{"type":"Point","coordinates":[-74.04911,4.698174]},"properties":{"id":"osm:w527577203","type":"pharmacy","name":"Farmatodo","source":"osm","osmId":"way/527577203"}},{"type":"Feature","geometry":{"type":"Point","coordinates":[-74.044562,4.732159]},"properties":{"id":"osm:w527591530","type":"health","name":"Rosangela Benedetti","source":"osm","osmId":"way/527591530"}},{"type":"Feature","geometry":{"type":"Point","coordinates":[-74.228983,4.704142]},"properties":{"id":"osm:w527637699","type":"police","name":"Estación de Policía de Mosquera","source":"osm","osmId":"way/527637699","operator":"Policía Nacional de Colombia"}},{"type":"Feature","geometry":{"type":"Point","coordinates":[-74.061255,4.863914]},"properties":{"id":"osm:w527639736","type":"health","name":"P.S. Ocupacional","source":"osm","osmId":"way/527639736"}},{"type":"Feature","geometry":{"type":"Point","coordinates":[-74.05382,4.703337]},"properties":{"id":"osm:w527888122","type":"health","name":"Idime","source":"osm","osmId":"way/527888122"}},{"type":"Feature","geometry":{"type":"Point","coordinates":[-74.053639,4.704334]},"properties":{"id":"osm:w527888125","type":"pharmacy","name":"Cruz Verde","source":"osm","osmId":"way/527888125"}},{"type":"Feature","geometry":{"type":"Point","coordinates":[-74.044139,4.691748]},"properties":{"id":"osm:w527929423","type":"health","name":"Maternity Spa","source":"osm","osmId":"way/527929423"}},{"type":"Feature","geometry":{"type":"Point","coordinates":[-74.044288,4.747174]},"properties":{"id":"osm:w527961729","type":"health","name":"E.P.S. Sanitas","source":"osm","osmId":"way/527961729"}},{"type":"Feature","geometry":{"type":"Point","coordinates":[-74.226135,4.709931]},"properties":{"id":"osm:w527965361","type":"library","name":"Biblioteca San Juan Bosco","source":"osm","osmId":"way/527965361"}},{"type":"Feature","geometry":{"type":"Point","coordinates":[-74.040845,4.74001]},"properties":{"id":"osm:w527971016","type":"health","name":"Coomeva EPS","source":"osm","osmId":"way/527971016"}},{"type":"Feature","geometry":{"type":"Point","coordinates":[-74.046581,4.730062]},"properties":{"id":"osm:w527971905","type":"pharmacy","name":"Olimpica","source":"osm","osmId":"way/527971905"}},{"type":"Feature","geometry":{"type":"Point","coordinates":[-74.038751,4.739554]},"properties":{"id":"osm:w527972484","type":"health","name":"Medic Global Professional IPS","source":"osm","osmId":"way/527972484"}},{"type":"Feature","geometry":{"type":"Point","coordinates":[-74.046329,4.748704]},"properties":{"id":"osm:w527978865","type":"health","name":"Dra. Soffa Alegria","source":"osm","osmId":"way/527978865"}},{"type":"Feature","geometry":{"type":"Point","coordinates":[-74.059029,4.656462]},"properties":{"id":"osm:w527990322","type":"health","name":"Clínica De Traumatologia Y Ortopedia","source":"osm","osmId":"way/527990322"}},{"type":"Feature","geometry":{"type":"Point","coordinates":[-74.068819,4.721158]},"properties":{"id":"osm:w528159571","type":"health","name":"Pointer","source":"osm","osmId":"way/528159571"}},{"type":"Feature","geometry":{"type":"Point","coordinates":[-74.062541,4.641954]},"properties":{"id":"osm:w528183670","type":"health","name":"Cafe Salud","source":"osm","osmId":"way/528183670"}},{"type":"Feature","geometry":{"type":"Point","coordinates":[-74.062975,4.640493]},"properties":{"id":"osm:w528185301","type":"health","name":"EPS Sura","source":"osm","osmId":"way/528185301","openingHours":"Mo-Fr 07:00-20:00; Sa 07:00-13:00"}},{"type":"Feature","geometry":{"type":"Point","coordinates":[-74.063316,4.638913]},"properties":{"id":"osm:w528188403","type":"health","name":"Centro Medico Colmédica","source":"osm","osmId":"way/528188403"}},{"type":"Feature","geometry":{"type":"Point","coordinates":[-74.065643,4.627658]},"properties":{"id":"osm:w528204403","type":"health","name":"Jave Salud","source":"osm","osmId":"way/528204403"}},{"type":"Feature","geometry":{"type":"Point","coordinates":[-74.072961,4.698708]},"properties":{"id":"osm:w528225748","type":"health","name":"Ortopedicos Futuro","source":"osm","osmId":"way/528225748"}},{"type":"Feature","geometry":{"type":"Point","coordinates":[-74.074998,4.697815]},"properties":{"id":"osm:w528225753","type":"pharmacy","name":"Farma Shaio","source":"osm","osmId":"way/528225753"}},{"type":"Feature","geometry":{"type":"Point","coordinates":[-74.077328,4.698456]},"properties":{"id":"osm:w528234915","type":"health","name":"Asociacion Mutual San Jorge","source":"osm","osmId":"way/528234915"}},{"type":"Feature","geometry":{"type":"Point","coordinates":[-74.031781,4.701116]},"properties":{"id":"osm:w528474678","type":"health","name":"Clínica San Miguel","source":"osm","osmId":"way/528474678"}},{"type":"Feature","geometry":{"type":"Point","coordinates":[-74.058902,4.666705]},"properties":{"id":"osm:w528476656","type":"health","name":"Centro Medico 78","source":"osm","osmId":"way/528476656"}},{"type":"Feature","geometry":{"type":"Point","coordinates":[-74.090685,4.677895]},"properties":{"id":"osm:w528502281","type":"health","name":"Hospital Ingativa Bellavista","source":"osm","osmId":"way/528502281"}},{"type":"Feature","geometry":{"type":"Point","coordinates":[-74.069584,4.623615]},"properties":{"id":"osm:w528547314","type":"health","name":"Instituto del Corazón de Bucaramanga","source":"osm","osmId":"way/528547314"}},{"type":"Feature","geometry":{"type":"Point","coordinates":[-74.069752,4.622741]},"properties":{"id":"osm:w528548770","type":"health","name":"Orienta Familiar I.P.S EU","source":"osm","osmId":"way/528548770"}},{"type":"Feature","geometry":{"type":"Point","coordinates":[-74.071526,4.720243]},"properties":{"id":"osm:w528560008","type":"health","name":"Asociación San Bartolomé Apóstol","source":"osm","osmId":"way/528560008"}},{"type":"Feature","geometry":{"type":"Point","coordinates":[-74.07214,4.622344]},"properties":{"id":"osm:w528561843","type":"health","name":"Oriéntame","source":"osm","osmId":"way/528561843"}},{"type":"Feature","geometry":{"type":"Point","coordinates":[-74.07166,4.618386]},"properties":{"id":"osm:w528565891","type":"health","name":"Instituto Medico de Especialistas","source":"osm","osmId":"way/528565891"}},{"type":"Feature","geometry":{"type":"Point","coordinates":[-74.086158,4.686647]},"properties":{"id":"osm:w528752648","type":"pharmacy","name":"Drogueria Gutierrez","source":"osm","osmId":"way/528752648"}},{"type":"Feature","geometry":{"type":"Point","coordinates":[-74.032024,4.725003]},"properties":{"id":"osm:w529121800","type":"pharmacy","name":"Farmacenter","source":"osm","osmId":"way/529121800"}},{"type":"Feature","geometry":{"type":"Point","coordinates":[-74.068703,4.666658]},"properties":{"id":"osm:w529278238","type":"health","name":"San Nicolás","source":"osm","osmId":"way/529278238"}},{"type":"Feature","geometry":{"type":"Point","coordinates":[-74.070844,4.628613]},"properties":{"id":"osm:w529309515","type":"health","name":"Santa Catalina.","source":"osm","osmId":"way/529309515"}},{"type":"Feature","geometry":{"type":"Point","coordinates":[-74.064051,4.654745]},"properties":{"id":"osm:w529499066","type":"health","name":"Centro Medico","source":"osm","osmId":"way/529499066"}},{"type":"Feature","geometry":{"type":"Point","coordinates":[-74.080088,4.661189]},"properties":{"id":"osm:w529504392","type":"pharmacy","name":"Drogueria Lisboa","source":"osm","osmId":"way/529504392"}},{"type":"Feature","geometry":{"type":"Point","coordinates":[-74.052478,4.728083]},"properties":{"id":"osm:w529558755","type":"pharmacy","name":"Avila Droguería","source":"osm","osmId":"way/529558755"}},{"type":"Feature","geometry":{"type":"Point","coordinates":[-74.053292,4.732414]},"properties":{"id":"osm:w529561782","type":"health","name":"I.P.S. Cipres","source":"osm","osmId":"way/529561782"}},{"type":"Feature","geometry":{"type":"Point","coordinates":[-74.056587,4.668402]},"properties":{"id":"osm:w529735259","type":"pharmacy","name":"Farmatodo","source":"osm","osmId":"way/529735259"}},{"type":"Feature","geometry":{"type":"Point","coordinates":[-74.056682,4.668208]},"properties":{"id":"osm:w529735263","type":"health","name":"Centro Cardiológico de Bogotá","source":"osm","osmId":"way/529735263"}},{"type":"Feature","geometry":{"type":"Point","coordinates":[-74.096276,4.81611]},"properties":{"id":"osm:w529739637","type":"police","name":"Estación de Policía de Cota","source":"osm","osmId":"way/529739637","operator":"Policía Nacional de Colombia"}},{"type":"Feature","geometry":{"type":"Point","coordinates":[-74.050542,4.723128]},"properties":{"id":"osm:w530035006","type":"health","name":"CafeSalud","source":"osm","osmId":"way/530035006"}},{"type":"Feature","geometry":{"type":"Point","coordinates":[-74.05005,4.726238]},"properties":{"id":"osm:w530035019","type":"health","name":"Dos Hemisferios","source":"osm","osmId":"way/530035019"}},{"type":"Feature","geometry":{"type":"Point","coordinates":[-74.049581,4.727407]},"properties":{"id":"osm:w530111519","type":"health","name":"Compensar Calle 145","source":"osm","osmId":"way/530111519"}},{"type":"Feature","geometry":{"type":"Point","coordinates":[-74.043448,4.728172]},"properties":{"id":"osm:w530115791","type":"pharmacy","name":"Farmacenter","source":"osm","osmId":"way/530115791"}},{"type":"Feature","geometry":{"type":"Point","coordinates":[-74.101681,4.672811]},"properties":{"id":"osm:w530120427","type":"pharmacy","name":"Farma Salud","source":"osm","osmId":"way/530120427"}},{"type":"Feature","geometry":{"type":"Point","coordinates":[-74.050973,4.690099]},"properties":{"id":"osm:w530124391","type":"pharmacy","name":"Farmatodo","source":"osm","osmId":"way/530124391"}},{"type":"Feature","geometry":{"type":"Point","coordinates":[-74.103076,4.669495]},"properties":{"id":"osm:w530125836","type":"health","name":"Servimed","source":"osm","osmId":"way/530125836"}},{"type":"Feature","geometry":{"type":"Point","coordinates":[-74.117249,4.690171]},"properties":{"id":"osm:w530162875","type":"police","name":"CAI Alamos","source":"osm","osmId":"way/530162875","operator":"Policía Nacional de Colombia"}},{"type":"Feature","geometry":{"type":"Point","coordinates":[-74.051659,4.686543]},"properties":{"id":"osm:w530331495","type":"health","name":"Clínica Rivas","source":"osm","osmId":"way/530331495"}},{"type":"Feature","geometry":{"type":"Point","coordinates":[-74.051497,4.687219]},"properties":{"id":"osm:w530331496","type":"health","name":"Clínica Rivas","source":"osm","osmId":"way/530331496"}},{"type":"Feature","geometry":{"type":"Point","coordinates":[-74.04473,4.722643]},"properties":{"id":"osm:w530349178","type":"pharmacy","name":"Cruz Verde","source":"osm","osmId":"way/530349178"}},{"type":"Feature","geometry":{"type":"Point","coordinates":[-74.071765,4.666775]},"properties":{"id":"osm:w530351197","type":"pharmacy","name":"Total Farma","source":"osm","osmId":"way/530351197"}},{"type":"Feature","geometry":{"type":"Point","coordinates":[-74.074746,4.670728]},"properties":{"id":"osm:w530419697","type":"health","name":"Erdintore & Trama","source":"osm","osmId":"way/530419697"}},{"type":"Feature","geometry":{"type":"Point","coordinates":[-74.051265,4.692633]},"properties":{"id":"osm:w530424917","type":"health","name":"E.P.S. Sanitas","source":"osm","osmId":"way/530424917"}},{"type":"Feature","geometry":{"type":"Point","coordinates":[-74.048346,4.692952]},"properties":{"id":"osm:w530588946","type":"pharmacy","name":"Saint Michel","source":"osm","osmId":"way/530588946"}},{"type":"Feature","geometry":{"type":"Point","coordinates":[-74.048646,4.691492]},"properties":{"id":"osm:w530603619","type":"health","name":"Avellaneda","source":"osm","osmId":"way/530603619"}},{"type":"Feature","geometry":{"type":"Point","coordinates":[-74.048574,4.691544]},"properties":{"id":"osm:w530603621","type":"pharmacy","name":"Drogueria y Minimercado","source":"osm","osmId":"way/530603621"}},{"type":"Feature","geometry":{"type":"Point","coordinates":[-74.099644,4.704277]},"properties":{"id":"osm:w530624456","type":"health","name":"Unidad renal Fresenius Medical care","source":"osm","osmId":"way/530624456"}},{"type":"Feature","geometry":{"type":"Point","coordinates":[-74.048929,4.691667]},"properties":{"id":"osm:w530629947","type":"health","name":"Clínica New Image","source":"osm","osmId":"way/530629947"}},{"type":"Feature","geometry":{"type":"Point","coordinates":[-74.104457,4.807099]},"properties":{"id":"osm:w530648782","type":"pharmacy","name":"Droguería Familiar Express","source":"osm","osmId":"way/530648782"}},{"type":"Feature","geometry":{"type":"Point","coordinates":[-74.060573,4.670188]},"properties":{"id":"osm:w531288236","type":"health","name":"Corvesalud Coodontólogos","source":"osm","osmId":"way/531288236"}},{"type":"Feature","geometry":{"type":"Point","coordinates":[-74.060592,4.670069]},"properties":{"id":"osm:w531288238","type":"health","name":"Centro","source":"osm","osmId":"way/531288238"}},{"type":"Feature","geometry":{"type":"Point","coordinates":[-74.095383,4.688964]},"properties":{"id":"osm:w531289026","type":"health","name":"DaVita","source":"osm","osmId":"way/531289026"}},{"type":"Feature","geometry":{"type":"Point","coordinates":[-74.059527,4.676235]},"properties":{"id":"osm:w531324508","type":"health","name":"Promedico","source":"osm","osmId":"way/531324508"}},{"type":"Feature","geometry":{"type":"Point","coordinates":[-74.030485,4.740128]},"properties":{"id":"osm:w531324549","type":"pharmacy","name":"Gran Día","source":"osm","osmId":"way/531324549"}},{"type":"Feature","geometry":{"type":"Point","coordinates":[-74.051608,4.685383]},"properties":{"id":"osm:w531476538","type":"health","name":"Clinica Barraquer","source":"osm","osmId":"way/531476538"}},{"type":"Feature","geometry":{"type":"Point","coordinates":[-74.056866,4.692715]},"properties":{"id":"osm:w531493604","type":"health","name":"Servimed","source":"osm","osmId":"way/531493604"}},{"type":"Feature","geometry":{"type":"Point","coordinates":[-74.062943,4.692895]},"properties":{"id":"osm:w531493613","type":"pharmacy","name":"Cruz Verde","source":"osm","osmId":"way/531493613"}},{"type":"Feature","geometry":{"type":"Point","coordinates":[-74.103216,4.704485]},"properties":{"id":"osm:w531751182","type":"pharmacy","name":"Cruz Verde","source":"osm","osmId":"way/531751182"}},{"type":"Feature","geometry":{"type":"Point","coordinates":[-74.089045,4.724398]},"properties":{"id":"osm:w531765069","type":"pharmacy","name":"Drogas La Economia","source":"osm","osmId":"way/531765069"}},{"type":"Feature","geometry":{"type":"Point","coordinates":[-74.099199,4.730646]},"properties":{"id":"osm:w531827395","type":"pharmacy","name":"Hiperdroguería Karoll","source":"osm","osmId":"way/531827395"}},{"type":"Feature","geometry":{"type":"Point","coordinates":[-74.046028,4.722998]},"properties":{"id":"osm:w531966298","type":"pharmacy","name":"Farmatodo","source":"osm","osmId":"way/531966298"}},{"type":"Feature","geometry":{"type":"Point","coordinates":[-74.060787,4.686652]},"properties":{"id":"osm:w531999540","type":"health","name":"Salud Total","source":"osm","osmId":"way/531999540"}},{"type":"Feature","geometry":{"type":"Point","coordinates":[-74.059506,4.680679]},"properties":{"id":"osm:w531999549","type":"pharmacy","name":"Farma Positiva","source":"osm","osmId":"way/531999549"}},{"type":"Feature","geometry":{"type":"Point","coordinates":[-74.058875,4.683832]},"properties":{"id":"osm:w532036696","type":"health","name":"Salud Ocupacional","source":"osm","osmId":"way/532036696","wheelchair":"yes"}},{"type":"Feature","geometry":{"type":"Point","coordinates":[-74.111665,4.694347]},"properties":{"id":"osm:w532040094","type":"pharmacy","name":"Farma","source":"osm","osmId":"way/532040094"}},{"type":"Feature","geometry":{"type":"Point","coordinates":[-74.072886,4.65134]},"properties":{"id":"osm:w532043902","type":"health","name":"Alianza","source":"osm","osmId":"way/532043902"}},{"type":"Feature","geometry":{"type":"Point","coordinates":[-74.072223,4.65063]},"properties":{"id":"osm:w532073265","type":"health","name":"Centro Médico Colsubsidio Calle 63","source":"osm","osmId":"way/532073265"}},{"type":"Feature","geometry":{"type":"Point","coordinates":[-74.100518,4.685115]},"properties":{"id":"osm:w532347975","type":"pharmacy","name":"Drogas Comfort","source":"osm","osmId":"way/532347975"}},{"type":"Feature","geometry":{"type":"Point","coordinates":[-74.072629,4.714557]},"properties":{"id":"osm:w532977779","type":"pharmacy","name":"Farmacenter","source":"osm","osmId":"way/532977779"}},{"type":"Feature","geometry":{"type":"Point","coordinates":[-74.057223,4.690524]},"properties":{"id":"osm:w532978914","type":"health","name":"Clínica Sanita Magarita","source":"osm","osmId":"way/532978914"}},{"type":"Feature","geometry":{"type":"Point","coordinates":[-74.057144,4.690926]},"properties":{"id":"osm:w532978916","type":"health","name":"E.P.S. Sanitas","source":"osm","osmId":"way/532978916","openingHours":"Mo-Fr 06:00-20:00; Sa 06:00-17:00"}},{"type":"Feature","geometry":{"type":"Point","coordinates":[-74.057085,4.691434]},"properties":{"id":"osm:w532978920","type":"health","name":"Clínica Colombiana","source":"osm","osmId":"way/532978920"}},{"type":"Feature","geometry":{"type":"Point","coordinates":[-74.066786,4.606172]},"properties":{"id":"osm:w533019914","type":"police","name":"CAI Germania","source":"osm","osmId":"way/533019914"}},{"type":"Feature","geometry":{"type":"Point","coordinates":[-74.107421,4.671532]},"properties":{"id":"osm:w533022288","type":"pharmacy","name":"Farmatodo","source":"osm","osmId":"way/533022288"}},{"type":"Feature","geometry":{"type":"Point","coordinates":[-74.093104,4.726073]},"properties":{"id":"osm:w533046357","type":"health","name":"UPA Rincon","source":"osm","osmId":"way/533046357"}},{"type":"Feature","geometry":{"type":"Point","coordinates":[-74.224938,4.710785]},"properties":{"id":"osm:w533052840","type":"health","name":"Gimnasio Pedagógico San Rafael","source":"osm","osmId":"way/533052840"}},{"type":"Feature","geometry":{"type":"Point","coordinates":[-74.098942,4.652712]},"properties":{"id":"osm:w533061408","type":"police","name":"Fondo Rotatorio Policía Nacional","source":"osm","osmId":"way/533061408"}},{"type":"Feature","geometry":{"type":"Point","coordinates":[-74.101526,4.653291]},"properties":{"id":"osm:w533066084","type":"pharmacy","name":"Farmacia Institucional","source":"osm","osmId":"way/533066084"}},{"type":"Feature","geometry":{"type":"Point","coordinates":[-74.108715,4.679947]},"properties":{"id":"osm:w533177261","type":"health","name":"Clínica San Sebastian","source":"osm","osmId":"way/533177261"}},{"type":"Feature","geometry":{"type":"Point","coordinates":[-74.065597,4.642102]},"properties":{"id":"osm:w533187184","type":"pharmacy","name":"Drogueria Rosas","source":"osm","osmId":"way/533187184","openingHours":"Mo-Sa 09:00-18:00"}},{"type":"Feature","geometry":{"type":"Point","coordinates":[-74.088821,4.648387]},"properties":{"id":"osm:w533203069","type":"pharmacy","name":"Droguería Plus","source":"osm","osmId":"way/533203069"}},{"type":"Feature","geometry":{"type":"Point","coordinates":[-74.085428,4.734605]},"properties":{"id":"osm:w533210624","type":"pharmacy","name":"Pharmaworld","source":"osm","osmId":"way/533210624"}},{"type":"Feature","geometry":{"type":"Point","coordinates":[-74.08734,4.734701]},"properties":{"id":"osm:w533219594","type":"pharmacy","name":"Droguería La Equitativa","source":"osm","osmId":"way/533219594"}},{"type":"Feature","geometry":{"type":"Point","coordinates":[-74.088244,4.739866]},"properties":{"id":"osm:w533252847","type":"health","name":"Centro Medico y Odontologico  - Cifuentes","source":"osm","osmId":"way/533252847"}},{"type":"Feature","geometry":{"type":"Point","coordinates":[-74.196674,4.711033]},"properties":{"id":"osm:w533266889","type":"police","name":"Subestación Furatena","source":"osm","osmId":"way/533266889","operator":"Policía Nacional de Colombia"}},{"type":"Feature","geometry":{"type":"Point","coordinates":[-74.110658,4.702178]},"properties":{"id":"osm:w533476916","type":"pharmacy","name":"Droguería Kolfamiliar de la 94","source":"osm","osmId":"way/533476916"}},{"type":"Feature","geometry":{"type":"Point","coordinates":[-74.206619,4.708709]},"properties":{"id":"osm:w533672875","type":"pharmacy","name":"Farmacenter","source":"osm","osmId":"way/533672875"}},{"type":"Feature","geometry":{"type":"Point","coordinates":[-74.075094,4.641053]},"properties":{"id":"osm:w533683652","type":"health","name":"Exámenes Médicos Para el Pase","source":"osm","osmId":"way/533683652"}},{"type":"Feature","geometry":{"type":"Point","coordinates":[-74.073342,4.636113]},"properties":{"id":"osm:w533699339","type":"pharmacy","name":"Futuro","source":"osm","osmId":"way/533699339"}},{"type":"Feature","geometry":{"type":"Point","coordinates":[-74.124238,4.701371]},"properties":{"id":"osm:w533827411","type":"pharmacy","name":"Drogueria Disalud","source":"osm","osmId":"way/533827411"}},{"type":"Feature","geometry":{"type":"Point","coordinates":[-74.077455,4.635739]},"properties":{"id":"osm:w533884601","type":"health","name":"Corsanemos","source":"osm","osmId":"way/533884601"}},{"type":"Feature","geometry":{"type":"Point","coordinates":[-73.895741,4.486155]},"properties":{"id":"osm:w534314091","type":"police","name":"Estación de Policía de Fómeque","source":"osm","osmId":"way/534314091","operator":"Policía Nacional de Colombia"}},{"type":"Feature","geometry":{"type":"Point","coordinates":[-74.102686,4.602134]},"properties":{"id":"osm:w534602452","type":"pharmacy","name":"Farmatodo","source":"osm","osmId":"way/534602452"}},{"type":"Feature","geometry":{"type":"Point","coordinates":[-74.115696,4.702874]},"properties":{"id":"osm:w534654522","type":"pharmacy","name":"Farma Velez","source":"osm","osmId":"way/534654522"}},{"type":"Feature","geometry":{"type":"Point","coordinates":[-74.09562,4.600127]},"properties":{"id":"osm:w534962151","type":"health","name":"Clínica Cardiointensiva","source":"osm","osmId":"way/534962151"}},{"type":"Feature","geometry":{"type":"Point","coordinates":[-74.094876,4.599194]},"properties":{"id":"osm:w535248121","type":"pharmacy","name":"Drogueria Superior","source":"osm","osmId":"way/535248121"}},{"type":"Feature","geometry":{"type":"Point","coordinates":[-74.11012,4.603813]},"properties":{"id":"osm:w537009002","type":"health","name":"Consultorios Medicos","source":"osm","osmId":"way/537009002"}},{"type":"Feature","geometry":{"type":"Point","coordinates":[-74.090655,4.558425]},"properties":{"id":"osm:w537280951","type":"pharmacy","name":"Drogueria Alex","source":"osm","osmId":"way/537280951"}},{"type":"Feature","geometry":{"type":"Point","coordinates":[-74.071574,4.589247]},"properties":{"id":"osm:w537476048","type":"police","name":"CAI Lourdes","source":"osm","osmId":"way/537476048","operator":"Policía Nacional de Colombia"}},{"type":"Feature","geometry":{"type":"Point","coordinates":[-74.067645,4.584965]},"properties":{"id":"osm:w537509096","type":"pharmacy","name":"Farmácia Centro Oriente Andrea","source":"osm","osmId":"way/537509096"}},{"type":"Feature","geometry":{"type":"Point","coordinates":[-74.090744,4.559086]},"properties":{"id":"osm:w537531938","type":"pharmacy","name":"Droguería Berfor","source":"osm","osmId":"way/537531938"}},{"type":"Feature","geometry":{"type":"Point","coordinates":[-74.091172,4.557588]},"properties":{"id":"osm:w537531947","type":"pharmacy","name":"Droguería Orland Medic","source":"osm","osmId":"way/537531947"}},{"type":"Feature","geometry":{"type":"Point","coordinates":[-74.083548,4.575978]},"properties":{"id":"osm:w537768136","type":"pharmacy","name":"Farmacenter","source":"osm","osmId":"way/537768136"}},{"type":"Feature","geometry":{"type":"Point","coordinates":[-74.091148,4.576083]},"properties":{"id":"osm:w537772812","type":"health","name":"Consulta Externa Clínica San Rafael","source":"osm","osmId":"way/537772812"}},{"type":"Feature","geometry":{"type":"Point","coordinates":[-74.100235,4.585574]},"properties":{"id":"osm:w537813155","type":"health","name":"E.P.S. Sanitas Centro Medico","source":"osm","osmId":"way/537813155"}},{"type":"Feature","geometry":{"type":"Point","coordinates":[-74.099809,4.586069]},"properties":{"id":"osm:w537813156","type":"health","name":"CafeSalud EPS","source":"osm","osmId":"way/537813156"}},{"type":"Feature","geometry":{"type":"Point","coordinates":[-74.098166,4.586523]},"properties":{"id":"osm:w537813157","type":"pharmacy","name":"Medica Salud","source":"osm","osmId":"way/537813157"}},{"type":"Feature","geometry":{"type":"Point","coordinates":[-74.102626,4.584387]},"properties":{"id":"osm:w537836574","type":"pharmacy","name":"Drogas La Economa","source":"osm","osmId":"way/537836574"}},{"type":"Feature","geometry":{"type":"Point","coordinates":[-74.080626,4.571473]},"properties":{"id":"osm:w537838435","type":"pharmacy","name":"Droguería Farma Plus","source":"osm","osmId":"way/537838435"}},{"type":"Feature","geometry":{"type":"Point","coordinates":[-74.10815,4.564532]},"properties":{"id":"osm:w539025577","type":"pharmacy","name":"Droguería Corpisalud","source":"osm","osmId":"way/539025577"}},{"type":"Feature","geometry":{"type":"Point","coordinates":[-74.127974,4.584967]},"properties":{"id":"osm:w539096610","type":"pharmacy","name":"Drogueria Mayor Drogas JH 51","source":"osm","osmId":"way/539096610"}},{"type":"Feature","geometry":{"type":"Point","coordinates":[-74.126303,4.580967]},"properties":{"id":"osm:w539096612","type":"pharmacy","name":"Drogueria Ircos","source":"osm","osmId":"way/539096612"}},{"type":"Feature","geometry":{"type":"Point","coordinates":[-74.123973,4.574675]},"properties":{"id":"osm:w539096625","type":"pharmacy","name":"Drogas Superior","source":"osm","osmId":"way/539096625"}},{"type":"Feature","geometry":{"type":"Point","coordinates":[-74.116935,4.57611]},"properties":{"id":"osm:w539096635","type":"pharmacy","name":"Droguería y Mini-Market Tomo Drogas","source":"osm","osmId":"way/539096635","openingHours":"24/7"}},{"type":"Feature","geometry":{"type":"Point","coordinates":[-74.114903,4.576461]},"properties":{"id":"osm:w539099173","type":"pharmacy","name":"Drogas Erika","source":"osm","osmId":"way/539099173"}},{"type":"Feature","geometry":{"type":"Point","coordinates":[-74.125828,4.580481]},"properties":{"id":"osm:w539103739","type":"pharmacy","name":"Drogueria Felix","source":"osm","osmId":"way/539103739"}},{"type":"Feature","geometry":{"type":"Point","coordinates":[-74.125009,4.578628]},"properties":{"id":"osm:w539103743","type":"pharmacy","name":"Droguería San Gabriel D'Gaor","source":"osm","osmId":"way/539103743"}},{"type":"Feature","geometry":{"type":"Point","coordinates":[-74.124669,4.577799]},"properties":{"id":"osm:w539103744","type":"pharmacy","name":"Droguería La Gran Via","source":"osm","osmId":"way/539103744"}},{"type":"Feature","geometry":{"type":"Point","coordinates":[-74.094309,4.600672]},"properties":{"id":"osm:w539106036","type":"pharmacy","name":"Panamericana de Drogas de la 73","source":"osm","osmId":"way/539106036"}},{"type":"Feature","geometry":{"type":"Point","coordinates":[-74.124268,4.584156]},"properties":{"id":"osm:w539109168","type":"pharmacy","name":"Droguería","source":"osm","osmId":"way/539109168","operator":"Rodriguez"}},{"type":"Feature","geometry":{"type":"Point","coordinates":[-74.137087,4.579891]},"properties":{"id":"osm:w539253159","type":"pharmacy","name":"Droguería","source":"osm","osmId":"way/539253159"}},{"type":"Feature","geometry":{"type":"Point","coordinates":[-74.110125,4.614546]},"properties":{"id":"osm:w539258656","type":"pharmacy","name":"Superdrogueria Central","source":"osm","osmId":"way/539258656"}},{"type":"Feature","geometry":{"type":"Point","coordinates":[-74.108913,4.615033]},"properties":{"id":"osm:w539258660","type":"pharmacy","name":"Farmasan","source":"osm","osmId":"way/539258660"}},{"type":"Feature","geometry":{"type":"Point","coordinates":[-74.108455,4.615459]},"properties":{"id":"osm:w539277878","type":"pharmacy","name":"Farmacenter","source":"osm","osmId":"way/539277878"}},{"type":"Feature","geometry":{"type":"Point","coordinates":[-74.349944,4.816072]},"properties":{"id":"osm:w539313998","type":"library","name":"Biblioteca Municipal","source":"osm","osmId":"way/539313998"}},{"type":"Feature","geometry":{"type":"Point","coordinates":[-74.123279,4.58626]},"properties":{"id":"osm:w539316089","type":"pharmacy","name":"Rivera J","source":"osm","osmId":"way/539316089"}},{"type":"Feature","geometry":{"type":"Point","coordinates":[-74.349795,4.809833]},"properties":{"id":"osm:w539432455","type":"police","name":"Estación de Policía de Facatativá","source":"osm","osmId":"way/539432455","operator":"Policía Nacional de Colombia"}},{"type":"Feature","geometry":{"type":"Point","coordinates":[-74.070027,4.629802]},"properties":{"id":"osm:w539470012","type":"health","name":"Capital Salud","source":"osm","osmId":"way/539470012"}},{"type":"Feature","geometry":{"type":"Point","coordinates":[-74.077763,4.613301]},"properties":{"id":"osm:w539477596","type":"pharmacy","name":"Droguería Santaferna","source":"osm","osmId":"way/539477596"}},{"type":"Feature","geometry":{"type":"Point","coordinates":[-74.076924,4.614378]},"properties":{"id":"osm:w539485089","type":"pharmacy","name":"Drogueria Far'Macias","source":"osm","osmId":"way/539485089"}},{"type":"Feature","geometry":{"type":"Point","coordinates":[-74.133601,4.579345]},"properties":{"id":"osm:w539495381","type":"pharmacy","name":"Drogras","source":"osm","osmId":"way/539495381","operator":"Ery-ka"}},{"type":"Feature","geometry":{"type":"Point","coordinates":[-74.080391,4.606345]},"properties":{"id":"osm:w539515913","type":"pharmacy","name":"Drogueria Farma Luz","source":"osm","osmId":"way/539515913"}},{"type":"Feature","geometry":{"type":"Point","coordinates":[-74.109005,4.582473]},"properties":{"id":"osm:w539707357","type":"health","name":"Virrey Solís I.P.S.","source":"osm","osmId":"way/539707357","operator":"Salud Total EPS"}},{"type":"Feature","geometry":{"type":"Point","coordinates":[-74.078229,4.608716]},"properties":{"id":"osm:w540228081","type":"pharmacy","name":"Droguería Rosmar","source":"osm","osmId":"way/540228081"}},{"type":"Feature","geometry":{"type":"Point","coordinates":[-74.075593,4.605954]},"properties":{"id":"osm:w540228100","type":"pharmacy","source":"osm","osmId":"way/540228100"}},{"type":"Feature","geometry":{"type":"Point","coordinates":[-74.108099,4.581867]},"properties":{"id":"osm:w540252906","type":"health","source":"osm","osmId":"way/540252906"}},{"type":"Feature","geometry":{"type":"Point","coordinates":[-74.089948,4.596403]},"properties":{"id":"osm:w540277928","type":"pharmacy","name":"Drogueria Santos","source":"osm","osmId":"way/540277928"}},{"type":"Feature","geometry":{"type":"Point","coordinates":[-74.095108,4.592302]},"properties":{"id":"osm:w540454916","type":"pharmacy","name":"Drogueria","source":"osm","osmId":"way/540454916"}},{"type":"Feature","geometry":{"type":"Point","coordinates":[-74.09617,4.590874]},"properties":{"id":"osm:w540454922","type":"pharmacy","name":"Droguería La Gran Economia En Todo","source":"osm","osmId":"way/540454922"}},{"type":"Feature","geometry":{"type":"Point","coordinates":[-74.088587,4.593636]},"properties":{"id":"osm:w540487107","type":"health","name":"Hospital Pediátrico la Misericordia HOMI","source":"osm","osmId":"way/540487107","operator":"Fundación Hospital Pediátrico la Misericordia HOMI"}},{"type":"Feature","geometry":{"type":"Point","coordinates":[-74.091545,4.590516]},"properties":{"id":"osm:w540487115","type":"police","name":"Direccion Nacional De Escuelas","source":"osm","osmId":"way/540487115"}},{"type":"Feature","geometry":{"type":"Point","coordinates":[-74.091515,4.589795]},"properties":{"id":"osm:w540487120","type":"pharmacy","name":"Droguería Rosas","source":"osm","osmId":"way/540487120"}},{"type":"Feature","geometry":{"type":"Point","coordinates":[-74.097329,4.589604]},"properties":{"id":"osm:w540487166","type":"pharmacy","name":"Drogas De La 19","source":"osm","osmId":"way/540487166"}},{"type":"Feature","geometry":{"type":"Point","coordinates":[-74.094402,4.587357]},"properties":{"id":"osm:w540487177","type":"pharmacy","name":"Drogueria","source":"osm","osmId":"way/540487177"}},{"type":"Feature","geometry":{"type":"Point","coordinates":[-74.144964,4.599449]},"properties":{"id":"osm:w540511786","type":"pharmacy","source":"osm","osmId":"way/540511786"}},{"type":"Feature","geometry":{"type":"Point","coordinates":[-74.091509,4.626516]},"properties":{"id":"osm:w540519532","type":"health","name":"EAAB Centro Medico","source":"osm","osmId":"way/540519532"}},{"type":"Feature","geometry":{"type":"Point","coordinates":[-74.086241,4.536958]},"properties":{"id":"osm:w540521784","type":"pharmacy","name":"Drogueria Oriental","source":"osm","osmId":"way/540521784"}},{"type":"Feature","geometry":{"type":"Point","coordinates":[-74.09996,4.588939]},"properties":{"id":"osm:w540522290","type":"pharmacy","name":"Súper Droguerías","source":"osm","osmId":"way/540522290"}},{"type":"Feature","geometry":{"type":"Point","coordinates":[-74.090699,4.632499]},"properties":{"id":"osm:w540740684","type":"health","name":"PSQ IPS","source":"osm","osmId":"way/540740684"}},{"type":"Feature","geometry":{"type":"Point","coordinates":[-74.090942,4.6324]},"properties":{"id":"osm:w540740685","type":"health","name":"Premi Salud","source":"osm","osmId":"way/540740685"}},{"type":"Feature","geometry":{"type":"Point","coordinates":[-74.136697,4.566276]},"properties":{"id":"osm:w540755610","type":"health","name":"San Benito","source":"osm","osmId":"way/540755610"}},{"type":"Feature","geometry":{"type":"Point","coordinates":[-74.097052,4.629224]},"properties":{"id":"osm:w540852019","type":"health","name":"Oxymaster","source":"osm","osmId":"way/540852019"}},{"type":"Feature","geometry":{"type":"Point","coordinates":[-74.149697,4.569113]},"properties":{"id":"osm:w540854209","type":"pharmacy","name":"Drogueria Parasusalud","source":"osm","osmId":"way/540854209"}},{"type":"Feature","geometry":{"type":"Point","coordinates":[-74.150745,4.569842]},"properties":{"id":"osm:w540854210","type":"pharmacy","name":"Drogueria Parasusalud","source":"osm","osmId":"way/540854210"}},{"type":"Feature","geometry":{"type":"Point","coordinates":[-74.131441,4.568553]},"properties":{"id":"osm:w540856256","type":"pharmacy","name":"Aman Jaid Super Drogueria","source":"osm","osmId":"way/540856256"}},{"type":"Feature","geometry":{"type":"Point","coordinates":[-74.052422,4.68548]},"properties":{"id":"osm:w540861322","type":"health","name":"Complejo Medical Calle 100","source":"osm","osmId":"way/540861322"}},{"type":"Feature","geometry":{"type":"Point","coordinates":[-74.130295,4.56761]},"properties":{"id":"osm:w541059741","type":"pharmacy","name":"Secotex","source":"osm","osmId":"way/541059741"}},{"type":"Feature","geometry":{"type":"Point","coordinates":[-74.149438,4.568698]},"properties":{"id":"osm:w541096646","type":"pharmacy","name":"Droguería Iberica","source":"osm","osmId":"way/541096646"}},{"type":"Feature","geometry":{"type":"Point","coordinates":[-74.151828,4.57034]},"properties":{"id":"osm:w541096651","type":"pharmacy","name":"Drogueria Galeano","source":"osm","osmId":"way/541096651"}},{"type":"Feature","geometry":{"type":"Point","coordinates":[-74.128321,4.568331]},"properties":{"id":"osm:w541116058","type":"pharmacy","name":"Drogquria","source":"osm","osmId":"way/541116058"}},{"type":"Feature","geometry":{"type":"Point","coordinates":[-74.128614,4.565843]},"properties":{"id":"osm:w541127387","type":"pharmacy","name":"Droguería San Carlos","source":"osm","osmId":"way/541127387","operator":"DSC"}},{"type":"Feature","geometry":{"type":"Point","coordinates":[-74.053195,4.676577]},"properties":{"id":"osm:w541127746","type":"health","source":"osm","osmId":"way/541127746"}},{"type":"Feature","geometry":{"type":"Point","coordinates":[-74.119503,4.66594]},"properties":{"id":"osm:w541141703","type":"pharmacy","name":"Colsubsidio Droguería","source":"osm","osmId":"way/541141703"}},{"type":"Feature","geometry":{"type":"Point","coordinates":[-74.11953,4.666217]},"properties":{"id":"osm:w541141710","type":"pharmacy","name":"Drogueriía Alemana C Market","source":"osm","osmId":"way/541141710"}},{"type":"Feature","geometry":{"type":"Point","coordinates":[-74.118508,4.667129]},"properties":{"id":"osm:w541141729","type":"pharmacy","name":"Drogueriía Diplad","source":"osm","osmId":"way/541141729"}},{"type":"Feature","geometry":{"type":"Point","coordinates":[-74.126002,4.559106]},"properties":{"id":"osm:w541149016","type":"health","name":"CAPS Abraham Lincoln","source":"osm","osmId":"way/541149016"}},{"type":"Feature","geometry":{"type":"Point","coordinates":[-74.119391,4.666654]},"properties":{"id":"osm:w541178400","type":"pharmacy","name":"Drogas La Economia","source":"osm","osmId":"way/541178400"}},{"type":"Feature","geometry":{"type":"Point","coordinates":[-74.119206,4.669813]},"properties":{"id":"osm:w541178417","type":"police","name":"CAI Modelia","source":"osm","osmId":"way/541178417"}},{"type":"Feature","geometry":{"type":"Point","coordinates":[-74.122604,4.669545]},"properties":{"id":"osm:w541180376","type":"pharmacy","name":"Farmacenter","source":"osm","osmId":"way/541180376"}},{"type":"Feature","geometry":{"type":"Point","coordinates":[-74.127602,4.578545]},"properties":{"id":"osm:w541185052","type":"pharmacy","name":"Drougas Yahannah","source":"osm","osmId":"way/541185052"}},{"type":"Feature","geometry":{"type":"Point","coordinates":[-74.118555,4.576605]},"properties":{"id":"osm:w541190973","type":"health","name":"Salud Colsubsidio","source":"osm","osmId":"way/541190973"}},{"type":"Feature","geometry":{"type":"Point","coordinates":[-74.117842,4.66353]},"properties":{"id":"osm:w541359080","type":"pharmacy","name":"Farmacenter","source":"osm","osmId":"way/541359080"}},{"type":"Feature","geometry":{"type":"Point","coordinates":[-74.162593,4.62134]},"properties":{"id":"osm:w541360368","type":"pharmacy","name":"Droxi","source":"osm","osmId":"way/541360368"}},{"type":"Feature","geometry":{"type":"Point","coordinates":[-74.135603,4.625724]},"properties":{"id":"osm:w541384119","type":"pharmacy","name":"Drogueria Buitrago Pérez","source":"osm","osmId":"way/541384119"}},{"type":"Feature","geometry":{"type":"Point","coordinates":[-74.124051,4.607575]},"properties":{"id":"osm:w541390366","type":"pharmacy","name":"Drogueria Hipernacional","source":"osm","osmId":"way/541390366"}},{"type":"Feature","geometry":{"type":"Point","coordinates":[-74.131326,4.614268]},"properties":{"id":"osm:w541399455","type":"pharmacy","name":"Drogueria Villa Claudia","source":"osm","osmId":"way/541399455"}},{"type":"Feature","geometry":{"type":"Point","coordinates":[-74.135852,4.629297]},"properties":{"id":"osm:w541408739","type":"health","name":"Clínica del Occidente","source":"osm","osmId":"way/541408739"}},{"type":"Feature","geometry":{"type":"Point","coordinates":[-74.098441,4.616495]},"properties":{"id":"osm:w541913678","type":"police","name":"Policia Internacional De Colombia","source":"osm","osmId":"way/541913678"}},{"type":"Feature","geometry":{"type":"Point","coordinates":[-74.122728,4.608571]},"properties":{"id":"osm:w541917911","type":"pharmacy","name":"Drogas R Fert","source":"osm","osmId":"way/541917911"}},{"type":"Feature","geometry":{"type":"Point","coordinates":[-74.159704,4.616098]},"properties":{"id":"osm:w541941279","type":"pharmacy","name":"FarmaExpress","source":"osm","osmId":"way/541941279"}},{"type":"Feature","geometry":{"type":"Point","coordinates":[-74.12747,4.618289]},"properties":{"id":"osm:w541944036","type":"pharmacy","name":"Exitdrogas","source":"osm","osmId":"way/541944036"}},{"type":"Feature","geometry":{"type":"Point","coordinates":[-74.120196,4.626233]},"properties":{"id":"osm:w541966542","type":"pharmacy","name":"Drogueriía Pijaos","source":"osm","osmId":"way/541966542"}},{"type":"Feature","geometry":{"type":"Point","coordinates":[-74.135359,4.614465]},"properties":{"id":"osm:w541970655","type":"health","name":"Salud Express","source":"osm","osmId":"way/541970655"}},{"type":"Feature","geometry":{"type":"Point","coordinates":[-74.11873,4.624176]},"properties":{"id":"osm:w541972681","type":"pharmacy","name":"Farmacenter","source":"osm","osmId":"way/541972681"}},{"type":"Feature","geometry":{"type":"Point","coordinates":[-74.118402,4.619429]},"properties":{"id":"osm:w541982363","type":"health","name":"Salud Ocupacional","source":"osm","osmId":"way/541982363"}},{"type":"Feature","geometry":{"type":"Point","coordinates":[-74.153531,4.579037]},"properties":{"id":"osm:w542134673","type":"pharmacy","name":"Droguería Nisi No. 1","source":"osm","osmId":"way/542134673"}},{"type":"Feature","geometry":{"type":"Point","coordinates":[-74.150358,4.573337]},"properties":{"id":"osm:w542138152","type":"pharmacy","source":"osm","osmId":"way/542138152"}},{"type":"Feature","geometry":{"type":"Point","coordinates":[-74.122398,4.616322]},"properties":{"id":"osm:w542138762","type":"pharmacy","name":"Drogas La Nacional","source":"osm","osmId":"way/542138762"}},{"type":"Feature","geometry":{"type":"Point","coordinates":[-74.08336,4.605669]},"properties":{"id":"osm:w542140551","type":"health","name":"Clínica Centenario","source":"osm","osmId":"way/542140551"}},{"type":"Feature","geometry":{"type":"Point","coordinates":[-74.123822,4.622033]},"properties":{"id":"osm:w542173290","type":"pharmacy","name":"Farma Piscis #2","source":"osm","osmId":"way/542173290"}},{"type":"Feature","geometry":{"type":"Point","coordinates":[-74.100142,4.60092]},"properties":{"id":"osm:w542284975","type":"health","name":"Aurum","source":"osm","osmId":"way/542284975"}},{"type":"Feature","geometry":{"type":"Point","coordinates":[-74.145406,4.569649]},"properties":{"id":"osm:w542286754","type":"pharmacy","name":"Droguería Casalinda","source":"osm","osmId":"way/542286754"}},{"type":"Feature","geometry":{"type":"Point","coordinates":[-74.129702,4.56733]},"properties":{"id":"osm:w542296244","type":"police","name":"CAI San Carlos","source":"osm","osmId":"way/542296244"}},{"type":"Feature","geometry":{"type":"Point","coordinates":[-74.126395,4.601638]},"properties":{"id":"osm:w542298304","type":"pharmacy","name":"Farmacia Emilce","source":"osm","osmId":"way/542298304"}},{"type":"Feature","geometry":{"type":"Point","coordinates":[-74.141335,4.597179]},"properties":{"id":"osm:w542336333","type":"pharmacy","name":"Droguería Bacata Farma","source":"osm","osmId":"way/542336333"}},{"type":"Feature","geometry":{"type":"Point","coordinates":[-74.140295,4.60549]},"properties":{"id":"osm:w542339162","type":"pharmacy","name":"Pharmacy Latimfar","source":"osm","osmId":"way/542339162"}},{"type":"Feature","geometry":{"type":"Point","coordinates":[-74.142271,4.60224]},"properties":{"id":"osm:w543137334","type":"pharmacy","name":"Drogueria Nueva Farma","source":"osm","osmId":"way/543137334"}},{"type":"Feature","geometry":{"type":"Point","coordinates":[-74.138355,4.602217]},"properties":{"id":"osm:w543137350","type":"pharmacy","name":"Pros Pharma","source":"osm","osmId":"way/543137350"}},{"type":"Feature","geometry":{"type":"Point","coordinates":[-74.135238,4.603242]},"properties":{"id":"osm:w543144423","type":"pharmacy","name":"Drogueria Punto Especial","source":"osm","osmId":"way/543144423"}},{"type":"Feature","geometry":{"type":"Point","coordinates":[-74.133758,4.649538]},"properties":{"id":"osm:w543155790","type":"pharmacy","name":"Drogueria Coop Fenaldrogas","source":"osm","osmId":"way/543155790"}},{"type":"Feature","geometry":{"type":"Point","coordinates":[-74.160959,4.619477]},"properties":{"id":"osm:w543160711","type":"pharmacy","name":"Drogueria Gran Colombia","source":"osm","osmId":"way/543160711"}},{"type":"Feature","geometry":{"type":"Point","coordinates":[-74.155408,4.621545]},"properties":{"id":"osm:w543169687","type":"pharmacy","name":"Drogueria Hamburgo Dc","source":"osm","osmId":"way/543169687"}},{"type":"Feature","geometry":{"type":"Point","coordinates":[-74.135498,4.651714]},"properties":{"id":"osm:w543184425","type":"pharmacy","name":"Drogueria Nueva Vision J.I.R","source":"osm","osmId":"way/543184425"}},{"type":"Feature","geometry":{"type":"Point","coordinates":[-74.14154,4.638345]},"properties":{"id":"osm:w543201044","type":"pharmacy","name":"Sfarma Drogueriía","source":"osm","osmId":"way/543201044"}},{"type":"Feature","geometry":{"type":"Point","coordinates":[-74.136788,4.602813]},"properties":{"id":"osm:w543406310","type":"pharmacy","name":"Drogas Cafamiliar","source":"osm","osmId":"way/543406310"}},{"type":"Feature","geometry":{"type":"Point","coordinates":[-74.137277,4.602178]},"properties":{"id":"osm:w543406312","type":"pharmacy","name":"Droguería Los Alpinos","source":"osm","osmId":"way/543406312"}},{"type":"Feature","geometry":{"type":"Point","coordinates":[-74.137682,4.601615]},"properties":{"id":"osm:w543406314","type":"pharmacy","name":"Koldrogas Los Alpinos 2","source":"osm","osmId":"way/543406314"}},{"type":"Feature","geometry":{"type":"Point","coordinates":[-74.171984,4.64327]},"properties":{"id":"osm:w543431318","type":"pharmacy","name":"Drogueria Jhadse","source":"osm","osmId":"way/543431318"}},{"type":"Feature","geometry":{"type":"Point","coordinates":[-74.062629,4.756615]},"properties":{"id":"osm:w543927184","type":"library","name":"Biblioteca Pública Julio Mario Santo Domingo","source":"osm","osmId":"way/543927184"}},{"type":"Feature","geometry":{"type":"Point","coordinates":[-74.065156,4.755549]},"properties":{"id":"osm:w543928803","type":"police","name":"CAI San José de Bavaria","source":"osm","osmId":"way/543928803"}},{"type":"Feature","geometry":{"type":"Point","coordinates":[-74.065736,4.75129]},"properties":{"id":"osm:w543954107","type":"pharmacy","name":"Farmatodo","source":"osm","osmId":"way/543954107"}},{"type":"Feature","geometry":{"type":"Point","coordinates":[-74.069175,4.627211]},"properties":{"id":"osm:w544198643","type":"health","name":"Clínica la magdalena","source":"osm","osmId":"way/544198643"}},{"type":"Feature","geometry":{"type":"Point","coordinates":[-74.046975,4.753291]},"properties":{"id":"osm:w545069326","type":"police","name":"CAI Villa del Prado","source":"osm","osmId":"way/545069326"}},{"type":"Feature","geometry":{"type":"Point","coordinates":[-74.058543,4.753764]},"properties":{"id":"osm:w545958737","type":"bike_parking","source":"osm","osmId":"way/545958737"}},{"type":"Feature","geometry":{"type":"Point","coordinates":[-74.227516,4.563904]},"properties":{"id":"osm:w547529698","type":"police","name":"Policia Metropolitana de Soacha","source":"osm","osmId":"way/547529698","operator":"Policía Nacional de Colombia"}},{"type":"Feature","geometry":{"type":"Point","coordinates":[-74.200376,4.582313]},"properties":{"id":"osm:w548001520","type":"health","name":"Hospital Cardiovascular del Niño de Cundinamarca","source":"osm","osmId":"way/548001520","operator":"Hospital Cardiovascular del Niño de Cundinamarca"}},{"type":"Feature","geometry":{"type":"Point","coordinates":[-74.237452,4.565282]},"properties":{"id":"osm:w549195377","type":"police","name":"Estación de Policía de Compartir","source":"osm","osmId":"way/549195377","operator":"Policía Nacional de Colombia"}},{"type":"Feature","geometry":{"type":"Point","coordinates":[-74.226348,4.590797]},"properties":{"id":"osm:w549427204","type":"police","name":"CAI HogarES Soacha","source":"osm","osmId":"way/549427204","operator":"Policía Nacional de Colombia"}},{"type":"Feature","geometry":{"type":"Point","coordinates":[-74.186546,4.566906]},"properties":{"id":"osm:w549989929","type":"police","name":"Estación de Policia de Ciudadela Sucre","source":"osm","osmId":"way/549989929","operator":"Policía Nacional de Colombia"}},{"type":"Feature","geometry":{"type":"Point","coordinates":[-74.087132,4.532593]},"properties":{"id":"osm:w550451363","type":"police","name":"CAI Libertadores","source":"osm","osmId":"way/550451363","operator":"Policia Nacional","openingHours":"24/7"}},{"type":"Feature","geometry":{"type":"Point","coordinates":[-74.187221,4.612988]},"properties":{"id":"osm:w550950543","type":"police","name":"CAI Antonia Santos","source":"osm","osmId":"way/550950543","operator":"Policía Nacional de Colombia"}},{"type":"Feature","geometry":{"type":"Point","coordinates":[-74.185598,4.606852]},"properties":{"id":"osm:w550950590","type":"health","name":"Hospital Bosa Il Nivel","source":"osm","osmId":"way/550950590"}},{"type":"Feature","geometry":{"type":"Point","coordinates":[-74.18011,4.597346]},"properties":{"id":"osm:w550953270","type":"police","name":"CAI Bosa La Estación","source":"osm","osmId":"way/550953270","operator":"Policía Nacional de Colombia"}},{"type":"Feature","geometry":{"type":"Point","coordinates":[-74.190288,4.602235]},"properties":{"id":"osm:w550965964","type":"police","name":"CAI Piamonte","source":"osm","osmId":"way/550965964","operator":"Policía Nacional de Colombia"}},{"type":"Feature","geometry":{"type":"Point","coordinates":[-74.189948,4.602296]},"properties":{"id":"osm:w550965970","type":"library","name":"Biblioteca Comunitaria de Piamonte","source":"osm","osmId":"way/550965970"}},{"type":"Feature","geometry":{"type":"Point","coordinates":[-74.204437,4.617929]},"properties":{"id":"osm:w551338975","type":"health","name":"UBA San Bernardino","source":"osm","osmId":"way/551338975"}},{"type":"Feature","geometry":{"type":"Point","coordinates":[-74.154632,4.644851]},"properties":{"id":"osm:w551347366","type":"police","name":"CAI Tintal","source":"osm","osmId":"way/551347366","operator":"Policía Nacional de Colombia"}},{"type":"Feature","geometry":{"type":"Point","coordinates":[-74.18676,4.600159]},"properties":{"id":"osm:w551352282","type":"police","name":"Estación VII de Policía de Bosa","source":"osm","osmId":"way/551352282","operator":"Policía Nacional de Colombia"}},{"type":"Feature","geometry":{"type":"Point","coordinates":[-74.342938,4.594677]},"properties":{"id":"osm:w552474387","type":"health","name":"Centro de Salud de Santandercito- ESE Hospital SAT","source":"osm","osmId":"way/552474387"}},{"type":"Feature","geometry":{"type":"Point","coordinates":[-74.059793,4.861568]},"properties":{"id":"osm:w554301746","type":"health","name":"Clínica Ami odontologia estetica","source":"osm","osmId":"way/554301746"}},{"type":"Feature","geometry":{"type":"Point","coordinates":[-74.065376,4.624976]},"properties":{"id":"osm:w556547967","type":"toilets","name":"Baño público Parque Nacional Enrique Olaya Herrera","source":"osm","osmId":"way/556547967"}},{"type":"Feature","geometry":{"type":"Point","coordinates":[-74.091804,4.753412]},"properties":{"id":"osm:w557698998","type":"health","name":"Hospital de Suba","source":"osm","osmId":"way/557698998"}},{"type":"Feature","geometry":{"type":"Point","coordinates":[-74.06354,4.622211]},"properties":{"id":"osm:w558618583","type":"library","name":"Biblioteca Infantil Parque Nacional","source":"osm","osmId":"way/558618583"}},{"type":"Feature","geometry":{"type":"Point","coordinates":[-74.146826,4.172362]},"properties":{"id":"osm:w562260756","type":"library","name":"Biblioteca Escolar Sumapaz","source":"osm","osmId":"way/562260756","operator":"Biblored Bogotá"}},{"type":"Feature","geometry":{"type":"Point","coordinates":[-74.117824,4.5011]},"properties":{"id":"osm:w562693574","type":"police","name":"Estación de Policía Usme","source":"osm","osmId":"way/562693574"}},{"type":"Feature","geometry":{"type":"Point","coordinates":[-74.113092,4.720778]},"properties":{"id":"osm:w562764991","type":"library","name":"Biblioteca Ciudadela Colsubsidio","source":"osm","osmId":"way/562764991"}},{"type":"Feature","geometry":{"type":"Point","coordinates":[-74.117713,4.512182]},"properties":{"id":"osm:w566822278","type":"library","name":"Biblioteca Pública La Marichuela","source":"osm","osmId":"way/566822278","openingHours":"Tu-Sa 07:00-19:00"}},{"type":"Feature","geometry":{"type":"Point","coordinates":[-74.153176,4.573305]},"properties":{"id":"osm:w571828208","type":"police","name":"CAI Candelaria La Nueva","source":"osm","osmId":"way/571828208","operator":"Policía Nacional de Colombia"}},{"type":"Feature","geometry":{"type":"Point","coordinates":[-74.094262,4.710046]},"properties":{"id":"osm:w571848577","type":"police","name":"CAI Serena","source":"osm","osmId":"way/571848577","openingHours":"24/7"}},{"type":"Feature","geometry":{"type":"Point","coordinates":[-74.034425,4.740803]},"properties":{"id":"osm:w582012500","type":"health","name":"Fundacion Neumologica","source":"osm","osmId":"way/582012500"}},{"type":"Feature","geometry":{"type":"Point","coordinates":[-74.212662,4.605393]},"properties":{"id":"osm:w582372438","type":"library","name":"Biblioteca Escolar Ph Diego Jaramillo","source":"osm","osmId":"way/582372438"}},{"type":"Feature","geometry":{"type":"Point","coordinates":[-74.138416,4.559516]},"properties":{"id":"osm:w591105427","type":"health","name":"Hospital Meissen","source":"osm","osmId":"way/591105427"}},{"type":"Feature","geometry":{"type":"Point","coordinates":[-74.026743,4.675972]},"properties":{"id":"osm:w593486750","type":"police","name":"CAI La Calera","source":"osm","osmId":"way/593486750","operator":"Policía Nacional de Colombia"}},{"type":"Feature","geometry":{"type":"Point","coordinates":[-74.050589,4.721819]},"properties":{"id":"osm:w596749928","type":"bike_parking","name":"TransMilenio","source":"osm","osmId":"way/596749928","operator":"TransMilenio","fee":"yes","covered":"yes"}},{"type":"Feature","geometry":{"type":"Point","coordinates":[-74.055938,4.655241]},"properties":{"id":"osm:w597105619","type":"police","name":"CAI Chile","source":"osm","osmId":"way/597105619"}},{"type":"Feature","geometry":{"type":"Point","coordinates":[-74.065519,4.619916]},"properties":{"id":"osm:w597167736","type":"health","name":"CAMI La Perseverancia","source":"osm","osmId":"way/597167736","operator":"Hospital Centro Oriente"}},{"type":"Feature","geometry":{"type":"Point","coordinates":[-74.261113,4.726811]},"properties":{"id":"osm:w607799668","type":"police","name":"CAI Casablanca","source":"osm","osmId":"way/607799668","operator":"Policía Nacional de Colombia"}},{"type":"Feature","geometry":{"type":"Point","coordinates":[-74.10243,4.658454]},"properties":{"id":"osm:w608488610","type":"police","name":"Club de Agentes de la Policía","source":"osm","osmId":"way/608488610"}},{"type":"Feature","geometry":{"type":"Point","coordinates":[-74.107507,4.670244]},"properties":{"id":"osm:w608809803","type":"police","name":"CAI Normandia","source":"osm","osmId":"way/608809803"}},{"type":"Feature","geometry":{"type":"Point","coordinates":[-74.048197,4.735194]},"properties":{"id":"osm:w611269543","type":"library","source":"osm","osmId":"way/611269543"}},{"type":"Feature","geometry":{"type":"Point","coordinates":[-74.047883,4.73545]},"properties":{"id":"osm:w611623483","type":"toilets","source":"osm","osmId":"way/611623483"}},{"type":"Feature","geometry":{"type":"Point","coordinates":[-74.166735,4.69291]},"properties":{"id":"osm:w616354653","type":"police","source":"osm","osmId":"way/616354653"}},{"type":"Feature","geometry":{"type":"Point","coordinates":[-74.213698,4.607245]},"properties":{"id":"osm:w617869023","type":"pharmacy","name":"Droguería 8 a 11","source":"osm","osmId":"way/617869023"}},{"type":"Feature","geometry":{"type":"Point","coordinates":[-74.213779,4.606942]},"properties":{"id":"osm:w617878302","type":"health","name":"Teletón Soacha","source":"osm","osmId":"way/617878302","operator":"Teletón"}},{"type":"Feature","geometry":{"type":"Point","coordinates":[-74.213719,4.614964]},"properties":{"id":"osm:w620189556","type":"health","name":"Centro de Salud El Toche","source":"osm","osmId":"way/620189556","operator":"Subred del Suroccidente"}},{"type":"Feature","geometry":{"type":"Point","coordinates":[-74.157808,4.570677]},"properties":{"id":"osm:w624079134","type":"health","name":"Centro de Salud Manuela Beltrán","source":"osm","osmId":"way/624079134","wheelchair":"yes","operator":"Secretaria Distrital de Salud"}},{"type":"Feature","geometry":{"type":"Point","coordinates":[-74.191772,4.626148]},"properties":{"id":"osm:w624250813","type":"police","name":"CAI Bosa La Libertad","source":"osm","osmId":"way/624250813","operator":"Policía Nacional de Colombia"}},{"type":"Feature","geometry":{"type":"Point","coordinates":[-74.193327,4.641794]},"properties":{"id":"osm:w624260086","type":"police","name":"CAI Porvenir","source":"osm","osmId":"way/624260086","operator":"Policía Nacional de Colombia"}},{"type":"Feature","geometry":{"type":"Point","coordinates":[-74.162508,4.599813]},"properties":{"id":"osm:w625163288","type":"police","name":"CAI Villa del Río","source":"osm","osmId":"way/625163288","operator":"Policía Nacional de Colombia"}},{"type":"Feature","geometry":{"type":"Point","coordinates":[-73.999542,4.766565]},"properties":{"id":"osm:w625188125","type":"police","name":"CAI La Calera","source":"osm","osmId":"way/625188125"}},{"type":"Feature","geometry":{"type":"Point","coordinates":[-74.156487,4.670729]},"properties":{"id":"osm:w625582726","type":"police","name":"CAI Sabana grande","source":"osm","osmId":"way/625582726","operator":"Policía Nacional de Colombia"}},{"type":"Feature","geometry":{"type":"Point","coordinates":[-74.214929,4.606349]},"properties":{"id":"osm:w626037584","type":"library","name":"Biblioteca Pública Ciudad Verde","source":"osm","osmId":"way/626037584","openingHours":"Mo-Fr 08:00-17:00; Sa 08:00-12:00"}},{"type":"Feature","geometry":{"type":"Point","coordinates":[-74.065327,4.701054]},"properties":{"id":"osm:w626263257","type":"police","name":"CAI Alhambra","source":"osm","osmId":"way/626263257","operator":"Policía Nacional de Colombia"}},{"type":"Feature","geometry":{"type":"Point","coordinates":[-74.153525,4.616267]},"properties":{"id":"osm:w627294936","type":"health","name":"Hospital de Kennedy","source":"osm","osmId":"way/627294936","operator":"Secretaría de Salud de Bogotá"}},{"type":"Feature","geometry":{"type":"Point","coordinates":[-74.080986,4.664174]},"properties":{"id":"osm:w629263901","type":"health","name":"Instituto de Ortopedía Infantil Roosevelt - Sede Propace","source":"osm","osmId":"way/629263901","operator":"Instituto Roosevelt"}},{"type":"Feature","geometry":{"type":"Point","coordinates":[-74.364234,4.325002]},"properties":{"id":"osm:w629284432","type":"police","name":"Cai de Policia la macarena","source":"osm","osmId":"way/629284432"}},{"type":"Feature","geometry":{"type":"Point","coordinates":[-74.365499,4.326287]},"properties":{"id":"osm:w629286767","type":"health","name":"Puesto de atención medica","source":"osm","osmId":"way/629286767"}},{"type":"Feature","geometry":{"type":"Point","coordinates":[-74.032824,4.717464]},"properties":{"id":"osm:w630751031","type":"pharmacy","name":"Locatel","source":"osm","osmId":"way/630751031"}},{"type":"Feature","geometry":{"type":"Point","coordinates":[-74.110488,4.601382]},"properties":{"id":"osm:w631131729","type":"police","name":"CAI Santa Matilde","source":"osm","osmId":"way/631131729"}},{"type":"Feature","geometry":{"type":"Point","coordinates":[-74.099744,4.81278]},"properties":{"id":"osm:w633507263","type":"health","name":"Centro de Salud","source":"osm","osmId":"way/633507263","operator":"Hospital San Antonio de Chía"}},{"type":"Feature","geometry":{"type":"Point","coordinates":[-74.128174,4.609104]},"properties":{"id":"osm:w636200242","type":"police","name":"CAI Tejar","source":"osm","osmId":"way/636200242"}},{"type":"Feature","geometry":{"type":"Point","coordinates":[-74.072475,4.624543]},"properties":{"id":"osm:w637289421","type":"health","name":"Fundación Liga Central Contra la Epilepsia","source":"osm","osmId":"way/637289421","openingHours":"Mo-Fr 08:00-18:00"}},{"type":"Feature","geometry":{"type":"Point","coordinates":[-74.139044,4.619142]},"properties":{"id":"osm:w637936733","type":"police","name":"CAI Plaza de las Américas","source":"osm","osmId":"way/637936733"}},{"type":"Feature","geometry":{"type":"Point","coordinates":[-74.265124,4.731549]},"properties":{"id":"osm:w638369024","type":"police","name":"Estación de Policia de Madrid","source":"osm","osmId":"way/638369024","operator":"Policía Nacional de Colombia"}},{"type":"Feature","geometry":{"type":"Point","coordinates":[-74.265057,4.735061]},"properties":{"id":"osm:w638369045","type":"library","name":"Biblioteca de Madrid","source":"osm","osmId":"way/638369045"}},{"type":"Feature","geometry":{"type":"Point","coordinates":[-74.147321,4.626105]},"properties":{"id":"osm:w638855361","type":"police","name":"CAI Techo","source":"osm","osmId":"way/638855361"}},{"type":"Feature","geometry":{"type":"Point","coordinates":[-74.145152,4.619052]},"properties":{"id":"osm:w639205555","type":"police","name":"CAI Oneida","source":"osm","osmId":"way/639205555","wheelchair":"yes"}},{"type":"Feature","geometry":{"type":"Point","coordinates":[-74.09161,4.723526]},"properties":{"id":"osm:w641275407","type":"police","name":"CAI EL RIncón","source":"osm","osmId":"way/641275407","operator":"policía Nacional","openingHours":"24/7"}},{"type":"Feature","geometry":{"type":"Point","coordinates":[-74.161135,4.639042]},"properties":{"id":"osm:w641970805","type":"police","name":"CAI Patio Bonito","source":"osm","osmId":"way/641970805"}},{"type":"Feature","geometry":{"type":"Point","coordinates":[-74.133559,4.586092]},"properties":{"id":"osm:w642708401","type":"police","name":"Estacion Sexta de Policia Tunjuelito","source":"osm","osmId":"way/642708401"}},{"type":"Feature","geometry":{"type":"Point","coordinates":[-74.201472,4.632963]},"properties":{"id":"osm:w643149083","type":"police","name":"CAI Metrovivienda","source":"osm","osmId":"way/643149083","operator":"Policía Nacional de Colombia"}},{"type":"Feature","geometry":{"type":"Point","coordinates":[-74.175615,4.613437]},"properties":{"id":"osm:w644243477","type":"police","name":"CAI Roma","source":"osm","osmId":"way/644243477"}},{"type":"Feature","geometry":{"type":"Point","coordinates":[-74.066181,4.692104]},"properties":{"id":"osm:w645886337","type":"police","name":"CAI Andes","source":"osm","osmId":"way/645886337"}},{"type":"Feature","geometry":{"type":"Point","coordinates":[-74.179133,4.630066]},"properties":{"id":"osm:w648273599","type":"police","name":"CAI Brasilia","source":"osm","osmId":"way/648273599","operator":"Policia Nacional de Colombia"}},{"type":"Feature","geometry":{"type":"Point","coordinates":[-74.062761,4.675]},"properties":{"id":"osm:w651123202","type":"police","name":"CAI Polo Club","source":"osm","osmId":"way/651123202"}},{"type":"Feature","geometry":{"type":"Point","coordinates":[-74.175496,4.64395]},"properties":{"id":"osm:w651369846","type":"police","name":"CAI Bellavista","source":"osm","osmId":"way/651369846"}},{"type":"Feature","geometry":{"type":"Point","coordinates":[-74.059278,4.627714]},"properties":{"id":"osm:w653206988","type":"health","name":"Hospital del Oriente 1","source":"osm","osmId":"way/653206988","operator":"Seguro Social"}},{"type":"Feature","geometry":{"type":"Point","coordinates":[-74.112552,4.724281]},"properties":{"id":"osm:w653800325","type":"police","name":"CAI Ciudadela Colsubsidio","source":"osm","osmId":"way/653800325"}},{"type":"Feature","geometry":{"type":"Point","coordinates":[-74.122965,4.724345]},"properties":{"id":"osm:w653801767","type":"police","name":"CAI Calle 80","source":"osm","osmId":"way/653801767","operator":"Policía Nacional de Colombia"}},{"type":"Feature","geometry":{"type":"Point","coordinates":[-74.110585,4.585376]},"properties":{"id":"osm:w655270835","type":"police","name":"Estación 18 de Policía Rafael Uribe Uribe","source":"osm","osmId":"way/655270835","operator":"Policía Nacional de Colombia"}},{"type":"Feature","geometry":{"type":"Point","coordinates":[-74.149454,4.569245]},"properties":{"id":"osm:w657074846","type":"health","name":"Clínica Candelaria IPS","source":"osm","osmId":"way/657074846"}},{"type":"Feature","geometry":{"type":"Point","coordinates":[-74.029312,4.703464]},"properties":{"id":"osm:w660506678","type":"health","name":"Instituto Nacional de Oftalmología","source":"osm","osmId":"way/660506678"}},{"type":"Feature","geometry":{"type":"Point","coordinates":[-74.139213,4.570437]},"properties":{"id":"osm:w660551565","type":"bike_parking","name":"Cicloparqueadero Portal Tunal","source":"osm","osmId":"way/660551565","operator":"TransMilenio","capacity":"437","fee":"no","covered":"yes"}},{"type":"Feature","geometry":{"type":"Point","coordinates":[-74.201484,4.615974]},"properties":{"id":"osm:w661322624","type":"health","name":"CAPS Villa Javier","source":"osm","osmId":"way/661322624"}},{"type":"Feature","geometry":{"type":"Point","coordinates":[-74.206258,4.611163]},"properties":{"id":"osm:w662232271","type":"police","name":"CAI Bosa San José","source":"osm","osmId":"way/662232271","operator":"Policía Nacional de Colombia"}},{"type":"Feature","geometry":{"type":"Point","coordinates":[-74.075353,4.597705]},"properties":{"id":"osm:w663590163","type":"toilets","source":"osm","osmId":"way/663590163"}},{"type":"Feature","geometry":{"type":"Point","coordinates":[-74.134152,4.593018]},"properties":{"id":"osm:w664521186","type":"police","name":"Fondo Rotatorio Policía Nacional Talleres Muzu","source":"osm","osmId":"way/664521186"}},{"type":"Feature","geometry":{"type":"Point","coordinates":[-74.070424,4.735246]},"properties":{"id":"osm:w664528659","type":"police","name":"Centro de Estudios Superiores Policiales CESPO","source":"osm","osmId":"way/664528659","operator":"Policía Nacional de Colombia"}},{"type":"Feature","geometry":{"type":"Point","coordinates":[-74.056908,4.69232]},"properties":{"id":"osm:w670507318","type":"health","name":"Clinica Jorge Piñeros Corpas","source":"osm","osmId":"way/670507318","operator":"SaludCoop EPS"}},{"type":"Feature","geometry":{"type":"Point","coordinates":[-74.055602,4.693215]},"properties":{"id":"osm:w670510383","type":"health","name":"Jasban","source":"osm","osmId":"way/670510383"}},{"type":"Feature","geometry":{"type":"Point","coordinates":[-74.055463,4.693847]},"properties":{"id":"osm:w670565092","type":"health","name":"Clinica Vascular Navarra","source":"osm","osmId":"way/670565092"}},{"type":"Feature","geometry":{"type":"Point","coordinates":[-74.070974,4.634271]},"properties":{"id":"osm:w670726249","type":"health","name":"Clinica Nueva","source":"osm","osmId":"way/670726249"}},{"type":"Feature","geometry":{"type":"Point","coordinates":[-74.141171,4.642383]},"properties":{"id":"osm:w674136128","type":"police","name":"CAI Castilla","source":"osm","osmId":"way/674136128","operator":"Policía Nacional de Colombia"}},{"type":"Feature","geometry":{"type":"Point","coordinates":[-74.260038,4.490895]},"properties":{"id":"osm:w675058458","type":"police","name":"Comando de Policía Sibaté","source":"osm","osmId":"way/675058458","operator":"Policía Nacional de Colombia","openingHours":"24/7"}},{"type":"Feature","geometry":{"type":"Point","coordinates":[-74.262293,4.488932]},"properties":{"id":"osm:w675058466","type":"health","name":"Puesto de Salud","source":"osm","osmId":"way/675058466"}},{"type":"Feature","geometry":{"type":"Point","coordinates":[-74.032053,4.710687]},"properties":{"id":"osm:w676288198","type":"health","name":"Los Cobos","source":"osm","osmId":"way/676288198"}},{"type":"Feature","geometry":{"type":"Point","coordinates":[-74.057243,4.677653]},"properties":{"id":"osm:w676864778","type":"health","name":"Clínica de la Mujer","source":"osm","osmId":"way/676864778","openingHours":"24/7"}},{"type":"Feature","geometry":{"type":"Point","coordinates":[-74.113059,4.58224]},"properties":{"id":"osm:w683611648","type":"police","name":"Estación Policía Quiroga","source":"osm","osmId":"way/683611648","operator":"Policía Nacional de Colombia"}},{"type":"Feature","geometry":{"type":"Point","coordinates":[-74.129538,4.602141]},"properties":{"id":"osm:w685127232","type":"health","name":"UPA 26 Alcala Muzu","source":"osm","osmId":"way/685127232"}},{"type":"Feature","geometry":{"type":"Point","coordinates":[-74.197516,4.608155]},"properties":{"id":"osm:w685162485","type":"police","name":"CAI Bosa Laureles","source":"osm","osmId":"way/685162485","operator":"Policia Nacional de Bogotá"}},{"type":"Feature","geometry":{"type":"Point","coordinates":[-74.145162,4.599104]},"properties":{"id":"osm:w690309060","type":"police","name":"CAI Las Delicias","source":"osm","osmId":"way/690309060"}},{"type":"Feature","geometry":{"type":"Point","coordinates":[-74.157846,4.607696]},"properties":{"id":"osm:w690368985","type":"police","name":"CAI Timiza","source":"osm","osmId":"way/690368985"}},{"type":"Feature","geometry":{"type":"Point","coordinates":[-74.166063,4.607951]},"properties":{"id":"osm:w691105858","type":"police","name":"CAI Socorro","source":"osm","osmId":"way/691105858"}},{"type":"Feature","geometry":{"type":"Point","coordinates":[-74.063904,4.741573]},"properties":{"id":"osm:w691700384","type":"health","name":"Compensar","source":"osm","osmId":"way/691700384"}},{"type":"Feature","geometry":{"type":"Point","coordinates":[-74.120587,4.592099]},"properties":{"id":"osm:w691839108","type":"police","name":"CAI Villa Mayor","source":"osm","osmId":"way/691839108"}},{"type":"Feature","geometry":{"type":"Point","coordinates":[-74.065695,4.751366]},"properties":{"id":"osm:w692846723","type":"pharmacy","name":"Farmatodo","source":"osm","osmId":"way/692846723"}},{"type":"Feature","geometry":{"type":"Point","coordinates":[-74.120239,4.701196]},"properties":{"id":"osm:w693427530","type":"health","name":"Centro Médico Colsubsidio","source":"osm","osmId":"way/693427530","operator":"Colsudsdio"}},{"type":"Feature","geometry":{"type":"Point","coordinates":[-74.070902,4.624196]},"properties":{"id":"osm:w693621807","type":"health","source":"osm","osmId":"way/693621807"}},{"type":"Feature","geometry":{"type":"Point","coordinates":[-74.07043,4.623767]},"properties":{"id":"osm:w693636202","type":"health","name":"Planificación Familiar","source":"osm","osmId":"way/693636202"}},{"type":"Feature","geometry":{"type":"Point","coordinates":[-74.141746,4.715763]},"properties":{"id":"osm:w694202845","type":"police","name":"CAI engativá","source":"osm","osmId":"way/694202845"}},{"type":"Feature","geometry":{"type":"Point","coordinates":[-74.061291,4.637472]},"properties":{"id":"osm:w694274988","type":"health","name":"Santo Tomás","source":"osm","osmId":"way/694274988"}},{"type":"Feature","geometry":{"type":"Point","coordinates":[-74.140481,4.715276]},"properties":{"id":"osm:w694328931","type":"health","name":"Hospital de Engativá Emaús","source":"osm","osmId":"way/694328931"}},{"type":"Feature","geometry":{"type":"Point","coordinates":[-74.196128,4.613361]},"properties":{"id":"osm:w694339841","type":"pharmacy","name":"Drogueria Anders","source":"osm","osmId":"way/694339841"}},{"type":"Feature","geometry":{"type":"Point","coordinates":[-74.11879,4.720231]},"properties":{"id":"osm:w694350979","type":"pharmacy","name":"Colsubsidio","source":"osm","osmId":"way/694350979","operator":"Colsubsidio"}},{"type":"Feature","geometry":{"type":"Point","coordinates":[-74.124326,4.711328]},"properties":{"id":"osm:w694376322","type":"health","name":"CONSULTORIO MEDICO","source":"osm","osmId":"way/694376322"}},{"type":"Feature","geometry":{"type":"Point","coordinates":[-74.108308,4.65277]},"properties":{"id":"osm:w695038893","type":"pharmacy","name":"Farmatodo","source":"osm","osmId":"way/695038893"}},{"type":"Feature","geometry":{"type":"Point","coordinates":[-74.060523,4.858213]},"properties":{"id":"osm:w695841872","type":"health","name":"Hospital San Antonio","source":"osm","osmId":"way/695841872"}},{"type":"Feature","geometry":{"type":"Point","coordinates":[-74.369681,4.335029]},"properties":{"id":"osm:w696169724","type":"library","name":"Biblioteca CGCA","source":"osm","osmId":"way/696169724"}},{"type":"Feature","geometry":{"type":"Point","coordinates":[-74.370683,4.334693]},"properties":{"id":"osm:w696169775","type":"health","name":"Enfermería","source":"osm","osmId":"way/696169775"}},{"type":"Feature","geometry":{"type":"Point","coordinates":[-74.130045,4.572112]},"properties":{"id":"osm:w700694823","type":"library","name":"Biblioteca El Tunal","source":"osm","osmId":"way/700694823"}},{"type":"Feature","geometry":{"type":"Point","coordinates":[-74.042044,4.783436]},"properties":{"id":"osm:w702601693","type":"bike_parking","source":"osm","osmId":"way/702601693"}},{"type":"Feature","geometry":{"type":"Point","coordinates":[-74.041942,4.783475]},"properties":{"id":"osm:w702601694","type":"bike_parking","source":"osm","osmId":"way/702601694"}},{"type":"Feature","geometry":{"type":"Point","coordinates":[-74.179377,4.577785]},"properties":{"id":"osm:w703229847","type":"police","name":"CAI Santo Domingo","source":"osm","osmId":"way/703229847","operator":"Policía Nacional de Colombia"}},{"type":"Feature","geometry":{"type":"Point","coordinates":[-74.082646,4.623321]},"properties":{"id":"osm:w704036511","type":"health","name":"Méderi Hospital Universitario Mayor","source":"osm","osmId":"way/704036511","operator":"Corporación Hospitalaria Juan Ciudad - Méderi"}},{"type":"Feature","geometry":{"type":"Point","coordinates":[-74.167779,4.591462]},"properties":{"id":"osm:w705256912","type":"police","name":"CAI Perdomo","source":"osm","osmId":"way/705256912","operator":"Policía Nacional de Colombia"}},{"type":"Feature","geometry":{"type":"Point","coordinates":[-74.068236,4.661774]},"properties":{"id":"osm:w706724712","type":"police","name":"CAI Alcázares","source":"osm","osmId":"way/706724712"}},{"type":"Feature","geometry":{"type":"Point","coordinates":[-74.092484,4.591672]},"properties":{"id":"osm:w707118331","type":"health","name":"Hospital Santa Clara","source":"osm","osmId":"way/707118331"}},{"type":"Feature","geometry":{"type":"Point","coordinates":[-74.097888,4.586835]},"properties":{"id":"osm:w707126660","type":"police","name":"CAI Restrepo","source":"osm","osmId":"way/707126660"}},{"type":"Feature","geometry":{"type":"Point","coordinates":[-74.206366,4.635164]},"properties":{"id":"osm:w708293046","type":"health","name":"Hospital de Bosa","source":"osm","osmId":"way/708293046","operator":"Subred Suroccidente"}},{"type":"Feature","geometry":{"type":"Point","coordinates":[-74.44531,4.581642]},"properties":{"id":"osm:w711868463","type":"health","source":"osm","osmId":"way/711868463"}},{"type":"Feature","geometry":{"type":"Point","coordinates":[-74.114496,4.580124]},"properties":{"id":"osm:w712430649","type":"health","name":"Clínica Coomeva","source":"osm","osmId":"way/712430649"}},{"type":"Feature","geometry":{"type":"Point","coordinates":[-74.078874,4.591407]},"properties":{"id":"osm:w713774868","type":"police","name":"Estación Policía La Candelaria","source":"osm","osmId":"way/713774868"}},{"type":"Feature","geometry":{"type":"Point","coordinates":[-74.076939,4.593926]},"properties":{"id":"osm:w713774961","type":"library","name":"Archivo General de la Nación","source":"osm","osmId":"way/713774961"}},{"type":"Feature","geometry":{"type":"Point","coordinates":[-74.142208,4.674349]},"properties":{"id":"osm:w717330620","type":"health","name":"Clínica Medicentro","source":"osm","osmId":"way/717330620","operator":"Medicentro Familiar I.P.S."}},{"type":"Feature","geometry":{"type":"Point","coordinates":[-74.14603,4.545009]},"properties":{"id":"osm:w719388105","type":"health","name":"Unidad de Servicios de Salud La Estrella","source":"osm","osmId":"way/719388105"}},{"type":"Feature","geometry":{"type":"Point","coordinates":[-74.000827,4.561226]},"properties":{"id":"osm:w724798513","type":"toilets","source":"osm","osmId":"way/724798513"}},{"type":"Feature","geometry":{"type":"Point","coordinates":[-74.149112,4.562831]},"properties":{"id":"osm:w734260495","type":"police","source":"osm","osmId":"way/734260495"}},{"type":"Feature","geometry":{"type":"Point","coordinates":[-74.0876,4.589475]},"properties":{"id":"osm:w734298685","type":"health","name":"Hospital Universitario San Juan de Dios","source":"osm","osmId":"way/734298685","operator":"Subred Centro Oriente"}},{"type":"Feature","geometry":{"type":"Point","coordinates":[-74.084542,4.588]},"properties":{"id":"osm:w734298696","type":"health","name":"Instituto Nacional de Cancerología","source":"osm","osmId":"way/734298696"}},{"type":"Feature","geometry":{"type":"Point","coordinates":[-74.0903,4.582141]},"properties":{"id":"osm:w734350800","type":"police","name":"CAI Ciudad Berna","source":"osm","osmId":"way/734350800"}},{"type":"Feature","geometry":{"type":"Point","coordinates":[-74.110288,4.576558]},"properties":{"id":"osm:w737159582","type":"police","name":"CAI Gustavo Restrepo","source":"osm","osmId":"way/737159582"}},{"type":"Feature","geometry":{"type":"Point","coordinates":[-74.106902,4.571112]},"properties":{"id":"osm:w738588719","type":"health","name":"Fundación Hospital San Carlos","source":"osm","osmId":"way/738588719"}},{"type":"Feature","geometry":{"type":"Point","coordinates":[-74.121795,4.56951]},"properties":{"id":"osm:w740855379","type":"police","name":"CAI San Jorge","source":"osm","osmId":"way/740855379"}},{"type":"Feature","geometry":{"type":"Point","coordinates":[-74.125287,4.562847]},"properties":{"id":"osm:w741106709","type":"health","name":"CAMI Clínica de Medicina Interna Tunjuelito","source":"osm","osmId":"way/741106709"}},{"type":"Feature","geometry":{"type":"Point","coordinates":[-74.112035,4.557526]},"properties":{"id":"osm:w741705599","type":"health","name":"Centro de Atencion Chircales","source":"osm","osmId":"way/741705599"}},{"type":"Feature","geometry":{"type":"Point","coordinates":[-74.11764,4.555043]},"properties":{"id":"osm:w741940657","type":"police","name":"CAI Marruecos","source":"osm","osmId":"way/741940657"}},{"type":"Feature","geometry":{"type":"Point","coordinates":[-74.107228,4.564128]},"properties":{"id":"osm:w743376998","type":"police","name":"CAI Lomas","source":"osm","osmId":"way/743376998"}},{"type":"Feature","geometry":{"type":"Point","coordinates":[-74.106455,4.545568]},"properties":{"id":"osm:w745448317","type":"health","name":"USS Diana Turbay","source":"osm","osmId":"way/745448317"}},{"type":"Feature","geometry":{"type":"Point","coordinates":[-74.113365,4.537363]},"properties":{"id":"osm:w746034456","type":"police","name":"CAI Danubio","source":"osm","osmId":"way/746034456"}},{"type":"Feature","geometry":{"type":"Point","coordinates":[-74.146461,4.557246]},"properties":{"id":"osm:w757111551","type":"police","name":"CAI Compartir","source":"osm","osmId":"way/757111551"}},{"type":"Feature","geometry":{"type":"Point","coordinates":[-74.14083,4.553888]},"properties":{"id":"osm:w757400425","type":"police","name":"Cai Lucero","source":"osm","osmId":"way/757400425"}},{"type":"Feature","geometry":{"type":"Point","coordinates":[-74.121658,4.519865]},"properties":{"id":"osm:w758177142","type":"police","name":"CAI La Aurora","source":"osm","osmId":"way/758177142"}},{"type":"Feature","geometry":{"type":"Point","coordinates":[-74.12176,4.473129]},"properties":{"id":"osm:w758842547","type":"health","name":"Hospital de Usme","source":"osm","osmId":"way/758842547"}},{"type":"Feature","geometry":{"type":"Point","coordinates":[-74.125864,4.470874]},"properties":{"id":"osm:w758844173","type":"police","name":"Estación Quinta Usme","source":"osm","osmId":"way/758844173","operator":"Policía Nacional de Colombia"}},{"type":"Feature","geometry":{"type":"Point","coordinates":[-74.144789,4.552591]},"properties":{"id":"osm:w758856802","type":"health","name":"USS Vista Hermosa","source":"osm","osmId":"way/758856802"}},{"type":"Feature","geometry":{"type":"Point","coordinates":[-74.109905,4.501645]},"properties":{"id":"osm:w759781159","type":"police","name":"CAI Yomasa","source":"osm","osmId":"way/759781159"}},{"type":"Feature","geometry":{"type":"Point","coordinates":[-74.144389,4.537337]},"properties":{"id":"osm:w761157410","type":"police","name":"CAI La Joya","source":"osm","osmId":"way/761157410"}},{"type":"Feature","geometry":{"type":"Point","coordinates":[-74.149326,4.547002]},"properties":{"id":"osm:w761399452","type":"police","name":"CAI Vista Hermosa","source":"osm","osmId":"way/761399452"}},{"type":"Feature","geometry":{"type":"Point","coordinates":[-74.104572,4.491734]},"properties":{"id":"osm:w761665805","type":"police","name":"CAI Nuevo Porvenir","source":"osm","osmId":"way/761665805"}},{"type":"Feature","geometry":{"type":"Point","coordinates":[-74.11482,4.490739]},"properties":{"id":"osm:w762096657","type":"police","name":"CAI Antonio José de Sucre","source":"osm","osmId":"way/762096657"}},{"type":"Feature","geometry":{"type":"Point","coordinates":[-74.110649,4.542238]},"properties":{"id":"osm:w762180595","type":"police","name":"CAI Palermo Sur","source":"osm","osmId":"way/762180595"}},{"type":"Feature","geometry":{"type":"Point","coordinates":[-74.080315,4.595656]},"properties":{"id":"osm:w762680931","type":"police","name":"CAI Bolivia","source":"osm","osmId":"way/762680931"}},{"type":"Feature","geometry":{"type":"Point","coordinates":[-74.080599,4.593923]},"properties":{"id":"osm:w762680941","type":"police","name":"Centro Automático de Despacho MEBOG","source":"osm","osmId":"way/762680941","operator":"Policía Nacional de Colombia"}},{"type":"Feature","geometry":{"type":"Point","coordinates":[-74.081467,4.589531]},"properties":{"id":"osm:w762684970","type":"police","name":"CAI Cruces","source":"osm","osmId":"way/762684970"}},{"type":"Feature","geometry":{"type":"Point","coordinates":[-74.083758,4.587268]},"properties":{"id":"osm:w762719851","type":"health","name":"Hospital Universitario De La Samaritana","source":"osm","osmId":"way/762719851"}},{"type":"Feature","geometry":{"type":"Point","coordinates":[-74.090562,4.576211]},"properties":{"id":"osm:w762914214","type":"health","name":"Curia Provincial Orden Hospitalaria de San Juan de Dios","source":"osm","osmId":"way/762914214"}},{"type":"Feature","geometry":{"type":"Point","coordinates":[-74.092524,4.572606]},"properties":{"id":"osm:w762999745","type":"police","name":"CAI 20 de Julio","source":"osm","osmId":"way/762999745","operator":"Policía Nacional"}},{"type":"Feature","geometry":{"type":"Point","coordinates":[-74.077045,4.593682]},"properties":{"id":"osm:w763264060","type":"library","name":"Archivo General de la Nación","source":"osm","osmId":"way/763264060"}},{"type":"Feature","geometry":{"type":"Point","coordinates":[-74.077756,4.57038]},"properties":{"id":"osm:w763467923","type":"police","name":"Estación de Auxiliares Bachilleres MEBOG","source":"osm","osmId":"way/763467923"}},{"type":"Feature","geometry":{"type":"Point","coordinates":[-74.066929,4.587691]},"properties":{"id":"osm:w765449265","type":"library","name":"Biblioteca Pública La Peña","source":"osm","osmId":"way/765449265","openingHours":"Tu-Sa 08:00-17:00"}},{"type":"Feature","geometry":{"type":"Point","coordinates":[-74.200675,4.706971]},"properties":{"id":"osm:w767410055","type":"health","name":"Puesto Médico \"El Hato\"","source":"osm","osmId":"way/767410055","operator":"Alcaldía de Funza"}},{"type":"Feature","geometry":{"type":"Point","coordinates":[-74.165652,4.578338]},"properties":{"id":"osm:w769107350","type":"health","name":"Centro de Urgencias Argenitna","source":"osm","osmId":"way/769107350","operator":"Capital Salud"}},{"type":"Feature","geometry":{"type":"Point","coordinates":[-74.031102,4.698203]},"properties":{"id":"osm:w777870965","type":"health","name":"Instituto de Cornea","source":"osm","osmId":"way/777870965"}},{"type":"Feature","geometry":{"type":"Point","coordinates":[-74.153686,4.671222]},"properties":{"id":"osm:w780389362","type":"toilets","source":"osm","osmId":"way/780389362"}},{"type":"Feature","geometry":{"type":"Point","coordinates":[-74.153122,4.670456]},"properties":{"id":"osm:w780389659","type":"toilets","source":"osm","osmId":"way/780389659","wheelchair":"yes"}},{"type":"Feature","geometry":{"type":"Point","coordinates":[-74.063173,4.858235]},"properties":{"id":"osm:w784649145","type":"pharmacy","name":"Cruz Verde","source":"osm","osmId":"way/784649145"}},{"type":"Feature","geometry":{"type":"Point","coordinates":[-74.213177,4.718111]},"properties":{"id":"osm:w785252085","type":"library","name":"Biblioteca Marqués de San Jorge","source":"osm","osmId":"way/785252085"}},{"type":"Feature","geometry":{"type":"Point","coordinates":[-74.064267,4.747221]},"properties":{"id":"osm:w800132369","type":"pharmacy","name":"Droguería Alemana","source":"osm","osmId":"way/800132369"}},{"type":"Feature","geometry":{"type":"Point","coordinates":[-74.081207,4.601438]},"properties":{"id":"osm:w813048208","type":"police","name":"CAI San Victorino","source":"osm","osmId":"way/813048208"}},{"type":"Feature","geometry":{"type":"Point","coordinates":[-74.363207,4.817775]},"properties":{"id":"osm:w813264365","type":"police","name":"CAI Tisquesusa","source":"osm","osmId":"way/813264365","operator":"Policía Nacional de Colombia"}},{"type":"Feature","geometry":{"type":"Point","coordinates":[-74.083139,4.558084]},"properties":{"id":"osm:w813526852","type":"police","name":"CAI Ramajal","source":"osm","osmId":"way/813526852","operator":"Policía Nacional de Colombia"}},{"type":"Feature","geometry":{"type":"Point","coordinates":[-74.090238,4.592843]},"properties":{"id":"osm:w813680664","type":"health","name":"Medicall","source":"osm","osmId":"way/813680664"}},{"type":"Feature","geometry":{"type":"Point","coordinates":[-74.112542,4.634495]},"properties":{"id":"osm:w815163422","type":"health","name":"Unidad de Urgencias EPS Sanitas","source":"osm","osmId":"way/815163422"}},{"type":"Feature","geometry":{"type":"Point","coordinates":[-74.075332,4.587194]},"properties":{"id":"osm:w815793159","type":"police","name":"CAI Girardot","source":"osm","osmId":"way/815793159","operator":"2-80-13-11"}},{"type":"Feature","geometry":{"type":"Point","coordinates":[-74.126253,4.638308]},"properties":{"id":"osm:w815971420","type":"health","name":"Clínica Nuestra Señora de la Paz","source":"osm","osmId":"way/815971420","operator":"Orden Hospitalaria de San Juan de Dios"}},{"type":"Feature","geometry":{"type":"Point","coordinates":[-74.056896,4.67735]},"properties":{"id":"osm:w817532478","type":"health","name":"Clínica de la Mujer","source":"osm","osmId":"way/817532478"}},{"type":"Feature","geometry":{"type":"Point","coordinates":[-74.091342,4.576674]},"properties":{"id":"osm:w819337803","type":"health","name":"Hospital Universitario Clínica San Rafael","source":"osm","osmId":"way/819337803"}},{"type":"Feature","geometry":{"type":"Point","coordinates":[-74.200089,4.588027]},"properties":{"id":"osm:w827893412","type":"health","name":"Centro Medico Virrey Solis Soacha","source":"osm","osmId":"way/827893412","operator":"IPS Virrey Solis"}},{"type":"Feature","geometry":{"type":"Point","coordinates":[-74.110239,4.740795]},"properties":{"id":"osm:w827898837","type":"health","source":"osm","osmId":"way/827898837"}},{"type":"Feature","geometry":{"type":"Point","coordinates":[-74.033221,4.695214]},"properties":{"id":"osm:w829948015","type":"health","name":"Fundación Santafé de Bogotá","source":"osm","osmId":"way/829948015","wheelchair":"limited","operator":"Fundación Santafé de Bogotá"}},{"type":"Feature","geometry":{"type":"Point","coordinates":[-74.442084,4.581335]},"properties":{"id":"osm:w835129390","type":"police","name":"Estación de Policía de El Colegio","source":"osm","osmId":"way/835129390"}},{"type":"Feature","geometry":{"type":"Point","coordinates":[-74.441766,4.581399]},"properties":{"id":"osm:w835129391","type":"library","name":"Biblioteca Pública Hernando López Rodríguez","source":"osm","osmId":"way/835129391"}},{"type":"Feature","geometry":{"type":"Point","coordinates":[-74.024573,4.60274]},"properties":{"id":"osm:w847839634","type":"library","source":"osm","osmId":"way/847839634"}},{"type":"Feature","geometry":{"type":"Point","coordinates":[-74.056534,4.685136]},"properties":{"id":"osm:w848045766","type":"health","name":"Clínica VIP","source":"osm","osmId":"way/848045766"}},{"type":"Feature","geometry":{"type":"Point","coordinates":[-74.056919,4.684598]},"properties":{"id":"osm:w848055198","type":"health","name":"Centro Médico Dali","source":"osm","osmId":"way/848055198"}},{"type":"Feature","geometry":{"type":"Point","coordinates":[-74.109593,4.71096]},"properties":{"id":"osm:w848622759","type":"health","name":"Hospital Engativá","source":"osm","osmId":"way/848622759","operator":"Alcadía Mayor de Bogotá"}},{"type":"Feature","geometry":{"type":"Point","coordinates":[-74.102218,4.488616]},"properties":{"id":"osm:w851193458","type":"bike_parking","source":"osm","osmId":"way/851193458"}},{"type":"Feature","geometry":{"type":"Point","coordinates":[-74.102243,4.488687]},"properties":{"id":"osm:w851193459","type":"bike_parking","source":"osm","osmId":"way/851193459"}},{"type":"Feature","geometry":{"type":"Point","coordinates":[-74.102052,4.488608]},"properties":{"id":"osm:w851193460","type":"bike_parking","source":"osm","osmId":"way/851193460"}},{"type":"Feature","geometry":{"type":"Point","coordinates":[-74.102123,4.488702]},"properties":{"id":"osm:w851193461","type":"bike_parking","source":"osm","osmId":"way/851193461"}},{"type":"Feature","geometry":{"type":"Point","coordinates":[-74.061731,4.634584]},"properties":{"id":"osm:w857637317","type":"health","name":"Hospital Militar Central","source":"osm","osmId":"way/857637317"}},{"type":"Feature","geometry":{"type":"Point","coordinates":[-74.061886,4.604077]},"properties":{"id":"osm:w857647121","type":"police","name":"CAI Monserrate","source":"osm","osmId":"way/857647121","operator":"Policía Nacional"}},{"type":"Feature","geometry":{"type":"Point","coordinates":[-74.063971,4.598501]},"properties":{"id":"osm:w857708541","type":"health","name":"Instituto de Ortopedia Infantil Roosevelt","source":"osm","osmId":"way/857708541","operator":"Instituto de Ortopedia Infantil Roosevelt"}},{"type":"Feature","geometry":{"type":"Point","coordinates":[-74.091544,4.559252]},"properties":{"id":"osm:w860766658","type":"police","name":"CAI Bello Horizonte","source":"osm","osmId":"way/860766658","operator":"Policía Nacional de Colombia"}},{"type":"Feature","geometry":{"type":"Point","coordinates":[-74.162451,4.611615]},"properties":{"id":"osm:w860825124","type":"pharmacy","name":"Droguería V & B","source":"osm","osmId":"way/860825124"}},{"type":"Feature","geometry":{"type":"Point","coordinates":[-74.162985,4.612035]},"properties":{"id":"osm:w860825140","type":"pharmacy","name":"Droguería Nuevo Timiza","source":"osm","osmId":"way/860825140"}},{"type":"Feature","geometry":{"type":"Point","coordinates":[-74.16418,4.614146]},"properties":{"id":"osm:w860825161","type":"pharmacy","name":"Droguería Nuevo Timiza Droxi","source":"osm","osmId":"way/860825161"}},{"type":"Feature","geometry":{"type":"Point","coordinates":[-74.163979,4.614401]},"properties":{"id":"osm:w860825168","type":"pharmacy","source":"osm","osmId":"way/860825168"}},{"type":"Feature","geometry":{"type":"Point","coordinates":[-74.163168,4.614737]},"properties":{"id":"osm:w860825176","type":"pharmacy","source":"osm","osmId":"way/860825176"}},{"type":"Feature","geometry":{"type":"Point","coordinates":[-74.067751,4.585306]},"properties":{"id":"osm:w863305836","type":"police","name":"CAI Laches","source":"osm","osmId":"way/863305836"}},{"type":"Feature","geometry":{"type":"Point","coordinates":[-74.097348,4.555446]},"properties":{"id":"osm:w863873615","type":"police","name":"CAI Guacamayas","source":"osm","osmId":"way/863873615"}},{"type":"Feature","geometry":{"type":"Point","coordinates":[-74.090023,4.517938]},"properties":{"id":"osm:w865499026","type":"police","name":"CAI Juan Rey","source":"osm","osmId":"way/865499026"}},{"type":"Feature","geometry":{"type":"Point","coordinates":[-74.088041,4.521929]},"properties":{"id":"osm:w865499033","type":"health","name":"Centro Médico San Juan Camilo Rey","source":"osm","osmId":"way/865499033"}},{"type":"Feature","geometry":{"type":"Point","coordinates":[-74.03969,4.743691]},"properties":{"id":"osm:w883600251","type":"police","name":"Cai Toberin","source":"osm","osmId":"way/883600251"}},{"type":"Feature","geometry":{"type":"Point","coordinates":[-74.068155,4.729899]},"properties":{"id":"osm:w894038649","type":"pharmacy","name":"Farmatodo","source":"osm","osmId":"way/894038649"}},{"type":"Feature","geometry":{"type":"Point","coordinates":[-74.149761,4.621903]},"properties":{"id":"osm:w900185226","type":"health","name":"Clinca Medical","source":"osm","osmId":"way/900185226","operator":"Medical"}},{"type":"Feature","geometry":{"type":"Point","coordinates":[-74.172849,4.695929]},"properties":{"id":"osm:w936530890","type":"police","name":"CAI Porvenir Río","source":"osm","osmId":"way/936530890","operator":"Policía Nacional de Colombia"}},{"type":"Feature","geometry":{"type":"Point","coordinates":[-74.11138,4.71288]},"properties":{"id":"osm:w949840617","type":"toilets","source":"osm","osmId":"way/949840617","wheelchair":"yes"}},{"type":"Feature","geometry":{"type":"Point","coordinates":[-74.064523,4.591617]},"properties":{"id":"osm:w952156302","type":"police","name":"Cai Mirador","source":"osm","osmId":"way/952156302"}},{"type":"Feature","geometry":{"type":"Point","coordinates":[-74.086397,4.603318]},"properties":{"id":"osm:w962128768","type":"health","name":"Hospital de San José","source":"osm","osmId":"way/962128768"}},{"type":"Feature","geometry":{"type":"Point","coordinates":[-74.255722,4.725512]},"properties":{"id":"osm:w963240697","type":"health","name":"Hospital Santa Matilde","source":"osm","osmId":"way/963240697"}},{"type":"Feature","geometry":{"type":"Point","coordinates":[-74.064948,4.637094]},"properties":{"id":"osm:w966224144","type":"health","name":"Clínica Marly","source":"osm","osmId":"way/966224144"}},{"type":"Feature","geometry":{"type":"Point","coordinates":[-74.086317,4.553836]},"properties":{"id":"osm:w974193210","type":"library","name":"Biblioteca Pública Comunitaria Simón Bolivar","source":"osm","osmId":"way/974193210"}},{"type":"Feature","geometry":{"type":"Point","coordinates":[-74.1616,4.634308]},"properties":{"id":"osm:w974848338","type":"health","name":"Unidad de servicios de Salud Patio Bonito","source":"osm","osmId":"way/974848338"}},{"type":"Feature","geometry":{"type":"Point","coordinates":[-74.265463,4.483468]},"properties":{"id":"osm:w980771699","type":"health","name":"Hospital Neuropsiquiatrico Julio Manrique","source":"osm","osmId":"way/980771699","operator":"Beneficencia de Cundinamarca"}},{"type":"Feature","geometry":{"type":"Point","coordinates":[-74.09003,4.517546]},"properties":{"id":"osm:w992263241","type":"police","name":"CAI Juan rey","source":"osm","osmId":"way/992263241","operator":"Policía Nacional","openingHours":"24/7"}},{"type":"Feature","geometry":{"type":"Point","coordinates":[-74.107978,4.745368]},"properties":{"id":"osm:w996540204","type":"police","name":"Cai La Gaitana","source":"osm","osmId":"way/996540204"}},{"type":"Feature","geometry":{"type":"Point","coordinates":[-74.077059,4.658245]},"properties":{"id":"osm:w1007521552","type":"police","name":"CAI","source":"osm","osmId":"way/1007521552","operator":"Policía Nacional de Colombia"}},{"type":"Feature","geometry":{"type":"Point","coordinates":[-74.158942,4.550307]},"properties":{"id":"osm:w1008158445","type":"library","name":"Biblioteca Pública El Mirador","source":"osm","osmId":"way/1008158445","openingHours":"Sa-Su 10:00-17:00; Tu, Th 09:00-15:00; We, Fr 11:00-17:00"}},{"type":"Feature","geometry":{"type":"Point","coordinates":[-74.21259,4.6243]},"properties":{"id":"osm:w1012571521","type":"police","name":"CAI Campo Verde","source":"osm","osmId":"way/1012571521","operator":"Policía Nacional de Colombia"}},{"type":"Feature","geometry":{"type":"Point","coordinates":[-74.097652,4.64746]},"properties":{"id":"osm:w1012835385","type":"health","source":"osm","osmId":"way/1012835385"}},{"type":"Feature","geometry":{"type":"Point","coordinates":[-74.121372,4.627758]},"properties":{"id":"osm:w1013881851","type":"health","name":"Virrey Solís I.P.S.","source":"osm","osmId":"way/1013881851","operator":"Salud Total EPS-S"}},{"type":"Feature","geometry":{"type":"Point","coordinates":[-74.132021,4.589813]},"properties":{"id":"osm:w1014450141","type":"police","name":"Escuela de Cadetes de Policía General Santander","source":"osm","osmId":"way/1014450141"}},{"type":"Feature","geometry":{"type":"Point","coordinates":[-74.147543,4.619504]},"properties":{"id":"osm:w1014632041","type":"bike_parking","source":"osm","osmId":"way/1014632041"}},{"type":"Feature","geometry":{"type":"Point","coordinates":[-74.201377,4.58]},"properties":{"id":"osm:w1016635596","type":"police","name":"CAI San Mateo","source":"osm","osmId":"way/1016635596","operator":"Policía Nacional de Colombia"}},{"type":"Feature","geometry":{"type":"Point","coordinates":[-74.024226,4.763899]},"properties":{"id":"osm:w1019806436","type":"police","name":"CAI Codito","source":"osm","osmId":"way/1019806436","operator":"Policía Nacional de Colombia"}},{"type":"Feature","geometry":{"type":"Point","coordinates":[-74.044427,4.703964]},"properties":{"id":"osm:w1020674818","type":"health","source":"osm","osmId":"way/1020674818"}},{"type":"Feature","geometry":{"type":"Point","coordinates":[-74.102974,4.747744]},"properties":{"id":"osm:w1023014264","type":"health","name":"Hospital Cafam","source":"osm","osmId":"way/1023014264"}},{"type":"Feature","geometry":{"type":"Point","coordinates":[-74.389948,4.655811]},"properties":{"id":"osm:w1036128766","type":"library","name":"Biblioteca Publica Municipal La Capilla","source":"osm","osmId":"way/1036128766"}},{"type":"Feature","geometry":{"type":"Point","coordinates":[-74.11001,4.489242]},"properties":{"id":"osm:w1056250660","type":"health","name":"Hospital de Usme","source":"osm","osmId":"way/1056250660"}},{"type":"Feature","geometry":{"type":"Point","coordinates":[-74.212602,4.607509]},"properties":{"id":"osm:w1056550855","type":"bike_parking","source":"osm","osmId":"way/1056550855"}},{"type":"Feature","geometry":{"type":"Point","coordinates":[-74.223422,4.610172]},"properties":{"id":"osm:w1057726345","type":"bike_parking","source":"osm","osmId":"way/1057726345"}},{"type":"Feature","geometry":{"type":"Point","coordinates":[-74.213839,4.603344]},"properties":{"id":"osm:w1057776422","type":"bike_parking","source":"osm","osmId":"way/1057776422"}},{"type":"Feature","geometry":{"type":"Point","coordinates":[-74.219474,4.605204]},"properties":{"id":"osm:w1059058800","type":"bike_parking","source":"osm","osmId":"way/1059058800"}},{"type":"Feature","geometry":{"type":"Point","coordinates":[-74.218218,4.605508]},"properties":{"id":"osm:w1059058851","type":"bike_parking","source":"osm","osmId":"way/1059058851"}},{"type":"Feature","geometry":{"type":"Point","coordinates":[-74.215969,4.602493]},"properties":{"id":"osm:w1059418435","type":"bike_parking","source":"osm","osmId":"way/1059418435","capacity":"84","fee":"no","covered":"yes"}},{"type":"Feature","geometry":{"type":"Point","coordinates":[-74.220204,4.603672]},"properties":{"id":"osm:w1060104872","type":"bike_parking","source":"osm","osmId":"way/1060104872"}},{"type":"Feature","geometry":{"type":"Point","coordinates":[-73.880176,4.867057]},"properties":{"id":"osm:w1061554981","type":"health","source":"osm","osmId":"way/1061554981"}},{"type":"Feature","geometry":{"type":"Point","coordinates":[-74.108769,4.661977]},"properties":{"id":"osm:w1068332298","type":"bike_parking","name":"Transmilenio S.A","source":"osm","osmId":"way/1068332298","operator":"Transmilenio S.A","capacity":"100","fee":"no","covered":"yes"}},{"type":"Feature","geometry":{"type":"Point","coordinates":[-74.102358,4.716036]},"properties":{"id":"osm:w1088107576","type":"police","name":"CAI Bachué","source":"osm","osmId":"way/1088107576","openingHours":"24/7"}},{"type":"Feature","geometry":{"type":"Point","coordinates":[-74.095758,4.713165]},"properties":{"id":"osm:w1089428514","type":"health","name":"Centro de Atención Básica Quirigua","source":"osm","osmId":"way/1089428514","wheelchair":"yes","operator":"Hospital Engativa"}},{"type":"Feature","geometry":{"type":"Point","coordinates":[-74.096542,4.669737]},"properties":{"id":"osm:w1089988445","type":"health","name":"El Bosque Centro Odontologico","source":"osm","osmId":"way/1089988445"}},{"type":"Feature","geometry":{"type":"Point","coordinates":[-74.137202,4.632314]},"properties":{"id":"osm:w1089998617","type":"health","name":"Salud Total","source":"osm","osmId":"way/1089998617"}},{"type":"Feature","geometry":{"type":"Point","coordinates":[-74.081143,4.616924]},"properties":{"id":"osm:w1090005912","type":"health","name":"HCO-CAMI Samper Mendoza","source":"osm","osmId":"way/1090005912"}},{"type":"Feature","geometry":{"type":"Point","coordinates":[-74.055685,4.692194]},"properties":{"id":"osm:w1090170574","type":"health","name":"Unidad Medica Cecimin","source":"osm","osmId":"way/1090170574"}},{"type":"Feature","geometry":{"type":"Point","coordinates":[-74.057089,4.683742]},"properties":{"id":"osm:w1090195083","type":"health","name":"Clínica de Ojos","source":"osm","osmId":"way/1090195083"}},{"type":"Feature","geometry":{"type":"Point","coordinates":[-74.053338,4.685638]},"properties":{"id":"osm:w1090200685","type":"health","name":"Salud Sura","source":"osm","osmId":"way/1090200685","operator":"Seguros SURA Colombia","openingHours":"Mo-Fr 06:30-20:00; Sa 07:00-13:00; Su-Su 00:00-24:00"}},{"type":"Feature","geometry":{"type":"Point","coordinates":[-74.10341,4.711766]},"properties":{"id":"osm:w1090201467","type":"health","name":"Club de Leones Antonio Nariño","source":"osm","osmId":"way/1090201467"}},{"type":"Feature","geometry":{"type":"Point","coordinates":[-74.064493,4.684792]},"properties":{"id":"osm:w1090905509","type":"health","name":"UPA Rionegro","source":"osm","osmId":"way/1090905509","operator":"SDS"}},{"type":"Feature","geometry":{"type":"Point","coordinates":[-74.056915,4.692275]},"properties":{"id":"osm:w1090980950","type":"health","source":"osm","osmId":"way/1090980950"}},{"type":"Feature","geometry":{"type":"Point","coordinates":[-74.081434,4.64985]},"properties":{"id":"osm:w1092250585","type":"health","name":"Clínica Federman","source":"osm","osmId":"way/1092250585"}},{"type":"Feature","geometry":{"type":"Point","coordinates":[-74.120587,4.622394]},"properties":{"id":"osm:w1092263996","type":"health","name":"Centro de Atención Prioritaria en Salud - CAMI Trinidad","source":"osm","osmId":"way/1092263996"}},{"type":"Feature","geometry":{"type":"Point","coordinates":[-74.093671,4.575285]},"properties":{"id":"osm:w1092523509","type":"health","name":"CAP San Cristóbal","source":"osm","osmId":"way/1092523509"}},{"type":"Feature","geometry":{"type":"Point","coordinates":[-74.038024,4.742043]},"properties":{"id":"osm:w1092547085","type":"health","name":"Materno Infantil Colsubsidio","source":"osm","osmId":"way/1092547085"}},{"type":"Feature","geometry":{"type":"Point","coordinates":[-74.084133,4.743499]},"properties":{"id":"osm:w1092802605","type":"health","name":"Cami Suba","source":"osm","osmId":"way/1092802605"}},{"type":"Feature","geometry":{"type":"Point","coordinates":[-73.9784,4.786042]},"properties":{"id":"osm:w1094006037","type":"library","name":"Biblioteca Publica de Marquez","source":"osm","osmId":"way/1094006037"}},{"type":"Feature","geometry":{"type":"Point","coordinates":[-74.114879,4.720639]},"properties":{"id":"osm:w1094746716","type":"health","name":"Centro Médico Ciudadela Colsubsidio","source":"osm","osmId":"way/1094746716","wheelchair":"yes"}},{"type":"Feature","geometry":{"type":"Point","coordinates":[-74.120104,4.577063]},"properties":{"id":"osm:w1094762123","type":"pharmacy","name":"Farmacia J.M. la 40","source":"osm","osmId":"way/1094762123","openingHours":"Mo-Su 10:00-20:00"}},{"type":"Feature","geometry":{"type":"Point","coordinates":[-74.04665,4.716727]},"properties":{"id":"osm:w1096179243","type":"health","name":"Instituto Colombiano del Sistema Nervioso Clínica Monserrat","source":"osm","osmId":"way/1096179243"}},{"type":"Feature","geometry":{"type":"Point","coordinates":[-74.049293,4.724412]},"properties":{"id":"osm:w1096241264","type":"health","name":"Guapetones Clínica Veterinaria","source":"osm","osmId":"way/1096241264"}},{"type":"Feature","geometry":{"type":"Point","coordinates":[-74.040415,4.764432]},"properties":{"id":"osm:w1097529513","type":"police","name":"CAI Verbenal","source":"osm","osmId":"way/1097529513"}},{"type":"Feature","geometry":{"type":"Point","coordinates":[-74.361674,4.343422]},"properties":{"id":"osm:w1098377138","type":"pharmacy","name":"Drogueria Alemana","source":"osm","osmId":"way/1098377138"}},{"type":"Feature","geometry":{"type":"Point","coordinates":[-74.361632,4.342527]},"properties":{"id":"osm:w1098377139","type":"pharmacy","name":"Drogueria La Economía","source":"osm","osmId":"way/1098377139"}},{"type":"Feature","geometry":{"type":"Point","coordinates":[-74.276511,4.736697]},"properties":{"id":"osm:w1100932039","type":"police","name":"Estación de Policia El Sosiego","source":"osm","osmId":"way/1100932039","operator":"Policía Nacional de Colombia"}},{"type":"Feature","geometry":{"type":"Point","coordinates":[-74.282156,4.727947]},"properties":{"id":"osm:w1100932042","type":"police","name":"CAI Parques de Santa María","source":"osm","osmId":"way/1100932042","operator":"Policía Nacional de Colombia"}},{"type":"Feature","geometry":{"type":"Point","coordinates":[-74.074581,4.639347]},"properties":{"id":"osm:w1101372055","type":"health","name":"Centro Médico Plan Premium Sanitas","source":"osm","osmId":"way/1101372055"}},{"type":"Feature","geometry":{"type":"Point","coordinates":[-74.122252,4.577017]},"properties":{"id":"osm:w1101600217","type":"pharmacy","name":"Droguería Darmaser","source":"osm","osmId":"way/1101600217","openingHours":"Mo-Fr 08:00-17:00"}},{"type":"Feature","geometry":{"type":"Point","coordinates":[-74.123973,4.576246]},"properties":{"id":"osm:w1101600462","type":"pharmacy","name":"Drogas Skandia","source":"osm","osmId":"way/1101600462","openingHours":"Mo-Fr 08:00-17:00"}},{"type":"Feature","geometry":{"type":"Point","coordinates":[-74.213325,4.585464]},"properties":{"id":"osm:w1109772501","type":"police","name":"Comando SIES Policía","source":"osm","osmId":"way/1109772501","operator":"Policía Nacional de Colombia"}},{"type":"Feature","geometry":{"type":"Point","coordinates":[-73.913521,4.343468]},"properties":{"id":"osm:w1114997157","type":"police","name":"Suibestación de Policía de Sáname","source":"osm","osmId":"way/1114997157","operator":"Policía Nacional de Colombia"}},{"type":"Feature","geometry":{"type":"Point","coordinates":[-73.938189,4.338645]},"properties":{"id":"osm:w1114997193","type":"police","name":"Estación de Policia Fosca","source":"osm","osmId":"way/1114997193","operator":"Policía Nacional de Colombia"}},{"type":"Feature","geometry":{"type":"Point","coordinates":[-73.9386,4.339402]},"properties":{"id":"osm:w1114997194","type":"health","name":"ESE Centro de Salud Municipal","source":"osm","osmId":"way/1114997194"}},{"type":"Feature","geometry":{"type":"Point","coordinates":[-73.938549,4.339835]},"properties":{"id":"osm:w1114997196","type":"library","name":"Biblioteca Municipal de Fosca","source":"osm","osmId":"way/1114997196"}},{"type":"Feature","geometry":{"type":"Point","coordinates":[-74.160103,4.618971]},"properties":{"id":"osm:w1122420283","type":"health","name":"Centro Médico EPS Sanitas","source":"osm","osmId":"way/1122420283"}},{"type":"Feature","geometry":{"type":"Point","coordinates":[-74.215218,4.601256]},"properties":{"id":"osm:w1125069816","type":"bike_parking","source":"osm","osmId":"way/1125069816","capacity":"60","fee":"no","covered":"yes"}},{"type":"Feature","geometry":{"type":"Point","coordinates":[-74.187087,4.584772]},"properties":{"id":"osm:w1130718501","type":"police","name":"Estación de Policía La Capilla","source":"osm","osmId":"way/1130718501","operator":"Policía Nacional de Colombia"}},{"type":"Feature","geometry":{"type":"Point","coordinates":[-74.022578,4.737774]},"properties":{"id":"osm:w1131079504","type":"police","name":"CAI Villa Nidia","source":"osm","osmId":"way/1131079504","operator":"Policía Nacional de Colombia"}},{"type":"Feature","geometry":{"type":"Point","coordinates":[-74.226122,4.57455]},"properties":{"id":"osm:w1149522798","type":"police","name":"Estación de Policía Quintas de la Laguna","source":"osm","osmId":"way/1149522798","operator":"Policía Nacional de Colombia"}},{"type":"Feature","geometry":{"type":"Point","coordinates":[-74.043312,4.782935]},"properties":{"id":"osm:w1152814842","type":"library","name":"El Rincón de Tolkien","source":"osm","osmId":"way/1152814842"}},{"type":"Feature","geometry":{"type":"Point","coordinates":[-74.056659,4.684256]},"properties":{"id":"osm:w1157733010","type":"police","name":"Dirección Anti-extorción","source":"osm","osmId":"way/1157733010"}},{"type":"Feature","geometry":{"type":"Point","coordinates":[-74.056702,4.686124]},"properties":{"id":"osm:w1158573617","type":"health","name":"Clínica Colsubsuidio Cardiovascular","source":"osm","osmId":"way/1158573617","operator":"Colsubsidio","openingHours":"24/7"}},{"type":"Feature","geometry":{"type":"Point","coordinates":[-74.044947,4.692439]},"properties":{"id":"osm:w1158881502","type":"bike_parking","source":"osm","osmId":"way/1158881502"}},{"type":"Feature","geometry":{"type":"Point","coordinates":[-74.046303,4.690628]},"properties":{"id":"osm:w1158881508","type":"bike_parking","source":"osm","osmId":"way/1158881508"}},{"type":"Feature","geometry":{"type":"Point","coordinates":[-74.051432,4.663191]},"properties":{"id":"osm:w1167238528","type":"library","name":"Casa Gomez Campuzano","source":"osm","osmId":"way/1167238528"}},{"type":"Feature","geometry":{"type":"Point","coordinates":[-74.04975,4.679697]},"properties":{"id":"osm:w1174069502","type":"health","name":"Medplus","source":"osm","osmId":"way/1174069502","openingHours":"Mo-Fr 06:30-19:00; Sa 06:30-13:00"}},{"type":"Feature","geometry":{"type":"Point","coordinates":[-74.05843,4.682935]},"properties":{"id":"osm:w1174326444","type":"health","name":"Colsubsidio Clínica La Castellana","source":"osm","osmId":"way/1174326444","operator":"Colsubsidio","openingHours":"24/7"}},{"type":"Feature","geometry":{"type":"Point","coordinates":[-74.213838,4.575068]},"properties":{"id":"osm:w1178174148","type":"police","name":"CAI Chicó Sur","source":"osm","osmId":"way/1178174148","operator":"Policía Nacional de Colombia"}},{"type":"Feature","geometry":{"type":"Point","coordinates":[-74.230238,4.70434]},"properties":{"id":"osm:w1178798371","type":"bike_parking","source":"osm","osmId":"way/1178798371"}},{"type":"Feature","geometry":{"type":"Point","coordinates":[-74.230384,4.704364]},"properties":{"id":"osm:w1178800021","type":"bike_parking","source":"osm","osmId":"way/1178800021"}},{"type":"Feature","geometry":{"type":"Point","coordinates":[-74.217641,4.575871]},"properties":{"id":"osm:w1180055588","type":"health","name":"ESE Soacha sede San Marcos","source":"osm","osmId":"way/1180055588"}},{"type":"Feature","geometry":{"type":"Point","coordinates":[-74.363545,3.985341]},"properties":{"id":"osm:w1184512800","type":"library","name":"Biblioteca Pública Escolar de Sumapaz","source":"osm","osmId":"way/1184512800","operator":"Biblored"}},{"type":"Feature","geometry":{"type":"Point","coordinates":[-74.334606,4.789765]},"properties":{"id":"osm:w1197510378","type":"police","name":"CAI Cartagenita","source":"osm","osmId":"way/1197510378","operator":"Policía Nacional de Colombia"}},{"type":"Feature","geometry":{"type":"Point","coordinates":[-74.327765,4.794962]},"properties":{"id":"osm:w1197510386","type":"police","name":"Centro de Reclusión Policial","source":"osm","osmId":"way/1197510386","operator":"Policía Nacional de Colombia"}},{"type":"Feature","geometry":{"type":"Point","coordinates":[-74.35473,4.821104]},"properties":{"id":"osm:w1197510390","type":"health","source":"osm","osmId":"way/1197510390"}},{"type":"Feature","geometry":{"type":"Point","coordinates":[-74.109081,4.512195]},"properties":{"id":"osm:w1202321161","type":"pharmacy","name":"Droguería Josmar","source":"osm","osmId":"way/1202321161"}},{"type":"Feature","geometry":{"type":"Point","coordinates":[-74.063902,4.636528]},"properties":{"id":"osm:w1214236823","type":"health","name":"Centro de Especialistas Av. Séptima","source":"osm","osmId":"way/1214236823"}},{"type":"Feature","geometry":{"type":"Point","coordinates":[-74.274396,4.736587]},"properties":{"id":"osm:w1220412693","type":"health","name":"Centro Ambulatorio Gustavo Escallón Cayzedo","source":"osm","osmId":"way/1220412693","operator":"Fundación Santa Fe de Bogotá"}},{"type":"Feature","geometry":{"type":"Point","coordinates":[-74.354268,4.803806]},"properties":{"id":"osm:w1220652817","type":"police","name":"CAI San Benito","source":"osm","osmId":"way/1220652817","operator":"Policía Nacional de Colombia"}},{"type":"Feature","geometry":{"type":"Point","coordinates":[-74.349844,4.80682]},"properties":{"id":"osm:w1221041387","type":"health","name":"Hospital de San Rafael","source":"osm","osmId":"way/1221041387"}},{"type":"Feature","geometry":{"type":"Point","coordinates":[-74.343057,4.73844]},"properties":{"id":"osm:w1221128574","type":"police","name":"Estación de Policía de Bojacá","source":"osm","osmId":"way/1221128574","operator":"Policía Nacional de Colombia"}},{"type":"Feature","geometry":{"type":"Point","coordinates":[-74.220031,4.73076]},"properties":{"id":"osm:w1225038034","type":"police","name":"CAI Siete Trojes","source":"osm","osmId":"way/1225038034","operator":"Policía Nacional de Colombia"}},{"type":"Feature","geometry":{"type":"Point","coordinates":[-74.129142,4.703498]},"properties":{"id":"osm:w1230974864","type":"police","name":"CAI Jaboque","source":"osm","osmId":"way/1230974864","operator":"Policía Nacional de Colombia"}},{"type":"Feature","geometry":{"type":"Point","coordinates":[-74.26089,4.852989]},"properties":{"id":"osm:w1247375207","type":"police","name":"Estación de Policía de El Rosal","source":"osm","osmId":"way/1247375207","operator":"Policía Nacional de Colombia"}},{"type":"Feature","geometry":{"type":"Point","coordinates":[-74.262257,4.853905]},"properties":{"id":"osm:w1247375210","type":"library","name":"Biblioteca Municipal","source":"osm","osmId":"way/1247375210"}},{"type":"Feature","geometry":{"type":"Point","coordinates":[-74.051588,4.685353]},"properties":{"id":"osm:w1252395474","type":"health","name":"Clinica Barraquer","source":"osm","osmId":"way/1252395474"}},{"type":"Feature","geometry":{"type":"Point","coordinates":[-74.38033,4.759287]},"properties":{"id":"osm:w1258044985","type":"police","name":"Estación de Policía de Zipacón","source":"osm","osmId":"way/1258044985","operator":"Policía Nacional de Colombia"}},{"type":"Feature","geometry":{"type":"Point","coordinates":[-74.003275,4.254185]},"properties":{"id":"osm:w1262633526","type":"pharmacy","name":"Drogas Gutiérrez","source":"osm","osmId":"way/1262633526"}},{"type":"Feature","geometry":{"type":"Point","coordinates":[-74.043707,4.443996]},"properties":{"id":"osm:w1262787707","type":"police","name":"Estación de Policía de Chipaque","source":"osm","osmId":"way/1262787707","operator":"Policía Nacional de Colombia"}},{"type":"Feature","geometry":{"type":"Point","coordinates":[-74.025023,4.403649]},"properties":{"id":"osm:w1262787728","type":"police","name":"Estación de Policía Une","source":"osm","osmId":"way/1262787728","operator":"Policía Nacional de Colombia"}},{"type":"Feature","geometry":{"type":"Point","coordinates":[-74.205686,4.716051]},"properties":{"id":"osm:w1262981717","type":"police","name":"Estación de Policía de Funza","source":"osm","osmId":"way/1262981717","operator":"Policía Nacional de Colombia"}},{"type":"Feature","geometry":{"type":"Point","coordinates":[-74.08664,4.714111]},"properties":{"id":"osm:w1264570441","type":"bike_parking","source":"osm","osmId":"way/1264570441"}},{"type":"Feature","geometry":{"type":"Point","coordinates":[-74.351975,4.615185]},"properties":{"id":"osm:w1264878850","type":"police","name":"Estación de Policía Municipal","source":"osm","osmId":"way/1264878850","operator":"Policía Nacional de Colombia"}},{"type":"Feature","geometry":{"type":"Point","coordinates":[-74.205568,4.607351]},"properties":{"id":"osm:w1265315788","type":"bike_parking","source":"osm","osmId":"way/1265315788"}},{"type":"Feature","geometry":{"type":"Point","coordinates":[-74.141929,4.595987]},"properties":{"id":"osm:w1268469303","type":"health","name":"Compensar","source":"osm","osmId":"way/1268469303","operator":"Compensar"}},{"type":"Feature","geometry":{"type":"Point","coordinates":[-74.061311,4.757647]},"properties":{"id":"osm:w1282634125","type":"pharmacy","name":"Farmatodo","source":"osm","osmId":"way/1282634125"}},{"type":"Feature","geometry":{"type":"Point","coordinates":[-74.091942,4.616756]},"properties":{"id":"osm:w1293129262","type":"toilets","source":"osm","osmId":"way/1293129262"}},{"type":"Feature","geometry":{"type":"Point","coordinates":[-73.877501,4.866856]},"properties":{"id":"osm:w1299600852","type":"police","name":"Estación de Policía de Guasca","source":"osm","osmId":"way/1299600852","operator":"Policía Nacional de Colombia"}},{"type":"Feature","geometry":{"type":"Point","coordinates":[-74.441424,4.352222]},"properties":{"id":"osm:w1302323767","type":"toilets","source":"osm","osmId":"way/1302323767"}},{"type":"Feature","geometry":{"type":"Point","coordinates":[-74.352455,4.616332]},"properties":{"id":"osm:w1307729241","type":"toilets","name":"BAÑOS PUBLICOS","source":"osm","osmId":"way/1307729241"}},{"type":"Feature","geometry":{"type":"Point","coordinates":[-74.36045,4.819463]},"properties":{"id":"osm:w1309516527","type":"health","name":"Clinica Cafam Facatativá","source":"osm","osmId":"way/1309516527","operator":"CAFAM"}},{"type":"Feature","geometry":{"type":"Point","coordinates":[-74.067466,4.607384]},"properties":{"id":"osm:w1313613622","type":"bike_parking","name":"Modulo 30","source":"osm","osmId":"way/1313613622","operator":"Universidad de Bogota Jorge Tadeo Lozano","covered":"no"}},{"type":"Feature","geometry":{"type":"Point","coordinates":[-74.072845,4.715668]},"properties":{"id":"osm:w1315791839","type":"pharmacy","name":"Farmacenter","source":"osm","osmId":"way/1315791839"}},{"type":"Feature","geometry":{"type":"Point","coordinates":[-74.072872,4.715765]},"properties":{"id":"osm:w1315791841","type":"pharmacy","name":"Cruz Verde","source":"osm","osmId":"way/1315791841"}},{"type":"Feature","geometry":{"type":"Point","coordinates":[-74.073018,4.716406]},"properties":{"id":"osm:w1315791845","type":"pharmacy","name":"Futuro","source":"osm","osmId":"way/1315791845"}},{"type":"Feature","geometry":{"type":"Point","coordinates":[-73.892548,4.484913]},"properties":{"id":"osm:w1318564358","type":"health","name":"Hospital San Vicente de Paul","source":"osm","osmId":"way/1318564358"}},{"type":"Feature","geometry":{"type":"Point","coordinates":[-74.03529,4.885205]},"properties":{"id":"osm:w1320950497","type":"bike_parking","source":"osm","osmId":"way/1320950497"}},{"type":"Feature","geometry":{"type":"Point","coordinates":[-74.111182,4.57503]},"properties":{"id":"osm:w1323656675","type":"library","name":"Biblioteca Pública Local Rafael Uribe Uribe","source":"osm","osmId":"way/1323656675","operator":"Biblo Red","openingHours":"Tu-Sa 08:00-17:00"}},{"type":"Feature","geometry":{"type":"Point","coordinates":[-74.144232,4.67357]},"properties":{"id":"osm:w1323674713","type":"library","name":"Biblioteca Local de Fontibón","source":"osm","osmId":"way/1323674713","operator":"Biblo Red","openingHours":"Tu-Su 08:00-17:00"}},{"type":"Feature","geometry":{"type":"Point","coordinates":[-74.212096,4.603995]},"properties":{"id":"osm:w1328484679","type":"bike_parking","source":"osm","osmId":"way/1328484679"}},{"type":"Feature","geometry":{"type":"Point","coordinates":[-74.212533,4.603725]},"properties":{"id":"osm:w1328484680","type":"bike_parking","source":"osm","osmId":"way/1328484680"}},{"type":"Feature","geometry":{"type":"Point","coordinates":[-74.217425,4.601796]},"properties":{"id":"osm:w1328501052","type":"bike_parking","source":"osm","osmId":"way/1328501052"}},{"type":"Feature","geometry":{"type":"Point","coordinates":[-74.095131,4.580642]},"properties":{"id":"osm:w1328692056","type":"pharmacy","name":"Hipersalud","source":"osm","osmId":"way/1328692056"}},{"type":"Feature","geometry":{"type":"Point","coordinates":[-74.222741,4.597315]},"properties":{"id":"osm:w1328853398","type":"bike_parking","source":"osm","osmId":"way/1328853398"}},{"type":"Feature","geometry":{"type":"Point","coordinates":[-74.209025,4.602762]},"properties":{"id":"osm:w1328868554","type":"bike_parking","source":"osm","osmId":"way/1328868554"}},{"type":"Feature","geometry":{"type":"Point","coordinates":[-74.226354,4.592596]},"properties":{"id":"osm:w1329431001","type":"bike_parking","source":"osm","osmId":"way/1329431001"}},{"type":"Feature","geometry":{"type":"Point","coordinates":[-74.219528,4.601215]},"properties":{"id":"osm:w1329460985","type":"bike_parking","source":"osm","osmId":"way/1329460985"}},{"type":"Feature","geometry":{"type":"Point","coordinates":[-74.359508,4.819753]},"properties":{"id":"osm:w1329712276","type":"health","name":"Clinica Cedimec","source":"osm","osmId":"way/1329712276","operator":"Clinica Cedimec"}},{"type":"Feature","geometry":{"type":"Point","coordinates":[-74.358435,4.819536]},"properties":{"id":"osm:w1330518735","type":"police","name":"Comisaria de Familia","source":"osm","osmId":"way/1330518735"}},{"type":"Feature","geometry":{"type":"Point","coordinates":[-74.353245,4.808547]},"properties":{"id":"osm:w1332707660","type":"health","name":"Famisanar-Cafam Facatativá","source":"osm","osmId":"way/1332707660"}},{"type":"Feature","geometry":{"type":"Point","coordinates":[-74.353009,4.808767]},"properties":{"id":"osm:w1332707661","type":"health","name":"Salud Total-Virrey Solis Facatativá","source":"osm","osmId":"way/1332707661"}},{"type":"Feature","geometry":{"type":"Point","coordinates":[-74.341998,4.827881]},"properties":{"id":"osm:w1333063730","type":"police","name":"Escuela Nacional De Carabineros","source":"osm","osmId":"way/1333063730"}},{"type":"Feature","geometry":{"type":"Point","coordinates":[-74.013538,4.72847]},"properties":{"id":"osm:w1333608056","type":"police","name":"Fuerte de Carabineros Villanidia","source":"osm","osmId":"way/1333608056","operator":"Policía Nacional de Colombia"}},{"type":"Feature","geometry":{"type":"Point","coordinates":[-74.20283,4.577665]},"properties":{"id":"osm:w1337996985","type":"health","name":"Centro de Salud San Mateo","source":"osm","osmId":"way/1337996985"}},{"type":"Feature","geometry":{"type":"Point","coordinates":[-74.195281,4.590196]},"properties":{"id":"osm:w1338166601","type":"police","name":"Comando Distrito Especial de Policía Soacha","source":"osm","osmId":"way/1338166601","operator":"Policía Nacional de Colombia"}},{"type":"Feature","geometry":{"type":"Point","coordinates":[-74.054065,4.746373]},"properties":{"id":"osm:w1340190820","type":"police","name":"CAI Mazurén","source":"osm","osmId":"way/1340190820"}},{"type":"Feature","geometry":{"type":"Point","coordinates":[-74.134212,4.602339]},"properties":{"id":"osm:w1340650175","type":"health","name":"Nueva E.P.S - I.P.S Viva","source":"osm","osmId":"way/1340650175","operator":"Nueva E.P.S"}},{"type":"Feature","geometry":{"type":"Point","coordinates":[-74.375945,4.343818]},"properties":{"id":"osm:w1340669554","type":"health","name":"Nueva EPS - IPS Bienestar","source":"osm","osmId":"way/1340669554","operator":"Nueva EPS"}},{"type":"Feature","geometry":{"type":"Point","coordinates":[-74.131466,4.575281]},"properties":{"id":"osm:w1340803685","type":"toilets","name":"Baño Primaria","source":"osm","osmId":"way/1340803685","wheelchair":"no"}},{"type":"Feature","geometry":{"type":"Point","coordinates":[-74.351211,4.809702]},"properties":{"id":"osm:w1341059358","type":"health","name":"Davita Facatativá","source":"osm","osmId":"way/1341059358"}},{"type":"Feature","geometry":{"type":"Point","coordinates":[-74.371368,4.333829]},"properties":{"id":"osm:w1344465178","type":"health","name":"E.S.E Hospital San Rafael de Fusagasugá","source":"osm","osmId":"way/1344465178","operator":"E.S.E Hospital San Rafael de Fusagasugá"}},{"type":"Feature","geometry":{"type":"Point","coordinates":[-74.370139,4.333999]},"properties":{"id":"osm:w1344465180","type":"health","name":"Centro de Atención Ambulatoria","source":"osm","osmId":"way/1344465180","operator":"Hospital San Rafael de Fusagasugá"}},{"type":"Feature","geometry":{"type":"Point","coordinates":[-74.042901,4.762878]},"properties":{"id":"osm:w1346834805","type":"bike_parking","source":"osm","osmId":"way/1346834805","capacity":"10","covered":"no"}},{"type":"Feature","geometry":{"type":"Point","coordinates":[-74.355026,4.815219]},"properties":{"id":"osm:w1348635613","type":"police","name":"CAI Santa Rita","source":"osm","osmId":"way/1348635613","operator":"Policía Nacional de Colombia"}},{"type":"Feature","geometry":{"type":"Point","coordinates":[-74.087186,4.684471]},"properties":{"id":"osm:w1349203118","type":"pharmacy","name":"Farmatodo 2000","source":"osm","osmId":"way/1349203118"}},{"type":"Feature","geometry":{"type":"Point","coordinates":[-74.362472,4.343355]},"properties":{"id":"osm:w1351005587","type":"pharmacy","name":"La Economía","source":"osm","osmId":"way/1351005587"}},{"type":"Feature","geometry":{"type":"Point","coordinates":[-74.212719,4.58185]},"properties":{"id":"osm:w1351673776","type":"health","source":"osm","osmId":"way/1351673776"}},{"type":"Feature","geometry":{"type":"Point","coordinates":[-74.221165,4.604046]},"properties":{"id":"osm:w1351880145","type":"bike_parking","source":"osm","osmId":"way/1351880145"}},{"type":"Feature","geometry":{"type":"Point","coordinates":[-74.217688,4.581876]},"properties":{"id":"osm:w1351890736","type":"pharmacy","name":"Xua Sha Droguería","source":"osm","osmId":"way/1351890736"}},{"type":"Feature","geometry":{"type":"Point","coordinates":[-74.365094,4.341201]},"properties":{"id":"osm:w1351904441","type":"pharmacy","name":"Copifam","source":"osm","osmId":"way/1351904441"}},{"type":"Feature","geometry":{"type":"Point","coordinates":[-74.2129,4.712157]},"properties":{"id":"osm:w1352237624","type":"health","name":"Hospital Nuestra Señora De Las Mercedes Funza","source":"osm","osmId":"way/1352237624"}},{"type":"Feature","geometry":{"type":"Point","coordinates":[-74.351269,4.809518]},"properties":{"id":"osm:w1352238099","type":"health","name":"Clinica Santa Ana","source":"osm","osmId":"way/1352238099"}},{"type":"Feature","geometry":{"type":"Point","coordinates":[-74.357879,4.81935]},"properties":{"id":"osm:w1352238101","type":"health","name":"Clinica Medilaser","source":"osm","osmId":"way/1352238101"}},{"type":"Feature","geometry":{"type":"Point","coordinates":[-73.947331,4.404975]},"properties":{"id":"osm:w1352416125","type":"police","name":"Estación de Policía de Cáqueza","source":"osm","osmId":"way/1352416125","operator":"Policía Nacional de Colombia"}},{"type":"Feature","geometry":{"type":"Point","coordinates":[-74.416761,4.272595]},"properties":{"id":"osm:w1353840741","type":"health","name":"Hospital San Antonio","source":"osm","osmId":"way/1353840741","operator":"Hospital San Antonio"}},{"type":"Feature","geometry":{"type":"Point","coordinates":[-74.351855,4.519384]},"properties":{"id":"osm:w1360229713","type":"police","name":"Estación de Policía de Granada","source":"osm","osmId":"way/1360229713","operator":"Policía Nacional de Colombia"}},{"type":"Feature","geometry":{"type":"Point","coordinates":[-74.132104,4.57592]},"properties":{"id":"osm:w1360480695","type":"bike_parking","source":"osm","osmId":"way/1360480695"}},{"type":"Feature","geometry":{"type":"Point","coordinates":[-74.386571,4.404089]},"properties":{"id":"osm:w1360481663","type":"police","name":"Estación de Policía de Silvania","source":"osm","osmId":"way/1360481663","operator":"Policía Nacional de Colombia"}},{"type":"Feature","geometry":{"type":"Point","coordinates":[-74.414227,4.272015]},"properties":{"id":"osm:w1360971164","type":"police","name":"Estación de Policía de ArbelÜez","source":"osm","osmId":"way/1360971164","operator":"Policía Nacional de Colombia"}},{"type":"Feature","geometry":{"type":"Point","coordinates":[-74.111179,4.709989]},"properties":{"id":"osm:w1376141985","type":"bike_parking","name":"TransMilenio","source":"osm","osmId":"way/1376141985","operator":"TransMilenio","capacity":"353","fee":"no","covered":"no"}},{"type":"Feature","geometry":{"type":"Point","coordinates":[-74.437251,4.87736]},"properties":{"id":"osm:w1379026610","type":"health","name":"ESE Hospital San Rafael de Facatativá sede Alban","source":"osm","osmId":"way/1379026610","operator":"ESE Hospital San Rafael de Facatativá"}},{"type":"Feature","geometry":{"type":"Point","coordinates":[-74.438947,4.87694]},"properties":{"id":"osm:w1379219435","type":"police","name":"Estación de Policía de Albán","source":"osm","osmId":"way/1379219435","operator":"Policía Nacional de Colombia"}},{"type":"Feature","geometry":{"type":"Point","coordinates":[-74.096157,4.566346]},"properties":{"id":"osm:w1385164921","type":"toilets","source":"osm","osmId":"way/1385164921"}},{"type":"Feature","geometry":{"type":"Point","coordinates":[-74.063946,4.630343]},"properties":{"id":"osm:w1385222954","type":"toilets","name":"Baños Ciencias Básicas","source":"osm","osmId":"way/1385222954","wheelchair":"yes","operator":"Baño"}},{"type":"Feature","geometry":{"type":"Point","coordinates":[-74.209534,4.62586]},"properties":{"id":"osm:w1390817759","type":"bike_parking","source":"osm","osmId":"way/1390817759"}},{"type":"Feature","geometry":{"type":"Point","coordinates":[-74.103242,4.581253]},"properties":{"id":"osm:w1393672811","type":"health","name":"Compensar","source":"osm","osmId":"way/1393672811"}},{"type":"Feature","geometry":{"type":"Point","coordinates":[-74.1435,4.685055]},"properties":{"id":"osm:w1394003216","type":"police","name":"CAI Versalles","source":"osm","osmId":"way/1394003216","operator":"Policía Nacional de Colombia"}},{"type":"Feature","geometry":{"type":"Point","coordinates":[-74.138133,4.671112]},"properties":{"id":"osm:w1394003229","type":"police","name":"CAI Santander","source":"osm","osmId":"way/1394003229","operator":"Policía Nacional de Colombia","openingHours":"24/7"}},{"type":"Feature","geometry":{"type":"Point","coordinates":[-74.123823,4.579465]},"properties":{"id":"osm:w1395320339","type":"health","name":"IPS de Todos","source":"osm","osmId":"way/1395320339"}},{"type":"Feature","geometry":{"type":"Point","coordinates":[-74.032559,4.696872]},"properties":{"id":"osm:w1396321827","type":"health","name":"Salud Sura Usaquén","source":"osm","osmId":"way/1396321827","operator":"Seguros SURA Colombia","openingHours":"Mo-Fr 07:00-19:00; Sa 07:00-13:00"}},{"type":"Feature","geometry":{"type":"Point","coordinates":[-74.113169,4.629285]},"properties":{"id":"osm:w1396674033","type":"police","name":"Comando Departamental de Policía de Cundinamarca","source":"osm","osmId":"way/1396674033","operator":"Policía Nacional de Colombia"}},{"type":"Feature","geometry":{"type":"Point","coordinates":[-74.139738,4.597012]},"properties":{"id":"osm:w1411194726","type":"bike_parking","source":"osm","osmId":"way/1411194726"}},{"type":"Feature","geometry":{"type":"Point","coordinates":[-74.200367,4.589363]},"properties":{"id":"osm:w1412812302","type":"pharmacy","source":"osm","osmId":"way/1412812302"}},{"type":"Feature","geometry":{"type":"Point","coordinates":[-74.096085,4.56782]},"properties":{"id":"osm:w1416431808","type":"toilets","source":"osm","osmId":"way/1416431808"}},{"type":"Feature","geometry":{"type":"Point","coordinates":[-74.15681,4.444047]},"properties":{"id":"osm:w1421032335","type":"library","name":"Biblioteca Publica Escolar Pasquilla","source":"osm","osmId":"way/1421032335","openingHours":"Tu-Sa 08:00-17:00"}},{"type":"Feature","geometry":{"type":"Point","coordinates":[-74.359146,4.338675]},"properties":{"id":"osm:w1422215038","type":"library","name":"Biblioteca Pública Quinta de Coburgo","source":"osm","osmId":"way/1422215038"}},{"type":"Feature","geometry":{"type":"Point","coordinates":[-74.337996,4.791071]},"properties":{"id":"osm:w1423710869","type":"health","name":"Centro Salud Manablanca- Cartagenita Hospital San Rafael","source":"osm","osmId":"way/1423710869"}},{"type":"Feature","geometry":{"type":"Point","coordinates":[-74.081937,4.655878]},"properties":{"id":"osm:w1424884794","type":"toilets","source":"osm","osmId":"way/1424884794"}},{"type":"Feature","geometry":{"type":"Point","coordinates":[-74.056706,4.85935]},"properties":{"id":"osm:w1433505063","type":"toilets","source":"osm","osmId":"way/1433505063"}},{"type":"Feature","geometry":{"type":"Point","coordinates":[-74.062406,4.691779]},"properties":{"id":"osm:w1435566099","type":"pharmacy","name":"Farmatodo","source":"osm","osmId":"way/1435566099","wheelchair":"yes","openingHours":"24/7"}},{"type":"Feature","geometry":{"type":"Point","coordinates":[-74.044855,4.734079]},"properties":{"id":"osm:w1435924866","type":"health","name":"Clinicentro Cedro Bolivar","source":"osm","osmId":"way/1435924866"}},{"type":"Feature","geometry":{"type":"Point","coordinates":[-74.053715,4.703971]},"properties":{"id":"osm:w1436241349","type":"health","name":"Colmédica","source":"osm","osmId":"way/1436241349"}},{"type":"Feature","geometry":{"type":"Point","coordinates":[-74.028929,4.708167]},"properties":{"id":"osm:w1442870268","type":"pharmacy","name":"Farmatodo","source":"osm","osmId":"way/1442870268"}},{"type":"Feature","geometry":{"type":"Point","coordinates":[-74.144246,4.874691]},"properties":{"id":"osm:w1447300406","type":"police","name":"Estación de Policía de Tenjo","source":"osm","osmId":"way/1447300406","operator":"Policía Nacional de Colombia"}},{"type":"Feature","geometry":{"type":"Point","coordinates":[-74.144135,4.87017]},"properties":{"id":"osm:w1447300414","type":"health","name":"Hospital Santa Rosa de Tenjo","source":"osm","osmId":"way/1447300414"}},{"type":"Feature","geometry":{"type":"Point","coordinates":[-74.07851,4.642619]},"properties":{"id":"osm:w1450149986","type":"toilets","source":"osm","osmId":"way/1450149986"}},{"type":"Feature","geometry":{"type":"Point","coordinates":[-74.078524,4.642542]},"properties":{"id":"osm:w1450149987","type":"toilets","source":"osm","osmId":"way/1450149987"}},{"type":"Feature","geometry":{"type":"Point","coordinates":[-74.031521,4.709593]},"properties":{"id":"osm:w1456565172","type":"health","name":"Bloque N/ Santa Barbara","source":"osm","osmId":"way/1456565172","operator":"Compensar"}},{"type":"Feature","geometry":{"type":"Point","coordinates":[-74.336179,4.789906]},"properties":{"id":"osm:w1466888360","type":"pharmacy","source":"osm","osmId":"way/1466888360"}},{"type":"Feature","geometry":{"type":"Point","coordinates":[-74.154898,4.632591]},"properties":{"id":"osm:w1468761699","type":"health","name":"Unidad de Atención de salud Abastos","source":"osm","osmId":"way/1468761699","operator":"Subred Suroriente"}},{"type":"Feature","geometry":{"type":"Point","coordinates":[-74.032852,4.696581]},"properties":{"id":"osm:w1472424286","type":"health","name":"Edificio Ambulatorio - Fundación Santa Fe de Bogotá","source":"osm","osmId":"way/1472424286","wheelchair":"yes","operator":"Fundación Santa Fe de Bogotá"}},{"type":"Feature","geometry":{"type":"Point","coordinates":[-74.032913,4.696581]},"properties":{"id":"osm:w1472424295","type":"health","name":"Fundación Santa Fe de Bogotá","source":"osm","osmId":"way/1472424295","wheelchair":"yes","operator":"Fundación Santa Fe de Bogotá"}},{"type":"Feature","geometry":{"type":"Point","coordinates":[-74.032554,4.696948]},"properties":{"id":"osm:w1472498608","type":"health","name":"Seguros SURA Colombia","source":"osm","osmId":"way/1472498608","operator":"Seguros SURA Colombia"}},{"type":"Feature","geometry":{"type":"Point","coordinates":[-74.028937,4.708452]},"properties":{"id":"osm:w1472801250","type":"police","name":"CAI Bella Suiza","source":"osm","osmId":"way/1472801250","operator":"Policía Nacional de Colombia"}},{"type":"Feature","geometry":{"type":"Point","coordinates":[-74.388358,4.654609]},"properties":{"id":"osm:w1474842204","type":"police","name":"Estación de Policía de Tena","source":"osm","osmId":"way/1474842204","operator":"Policía Nacional de Colombia"}},{"type":"Feature","geometry":{"type":"Point","coordinates":[-74.432793,4.772514]},"properties":{"id":"osm:w1482662084","type":"police","name":"Subestación de Policía La Florida","source":"osm","osmId":"way/1482662084","operator":"Policía Nacional de Colombia"}},{"type":"Feature","geometry":{"type":"Point","coordinates":[-74.118355,4.638169]},"properties":{"id":"osm:w1484356663","type":"bike_parking","source":"osm","osmId":"way/1484356663"}},{"type":"Feature","geometry":{"type":"Point","coordinates":[-74.063091,4.654038]},"properties":{"id":"osm:w1485391708","type":"police","source":"osm","osmId":"way/1485391708"}},{"type":"Feature","geometry":{"type":"Point","coordinates":[-74.084702,4.741191]},"properties":{"id":"osm:w1488684874","type":"library","name":"Biblioteca Pública Francisco José de Caldas","source":"osm","osmId":"way/1488684874"}},{"type":"Feature","geometry":{"type":"Point","coordinates":[-74.085317,4.74152]},"properties":{"id":"osm:w1488684876","type":"police","name":"Estación de Policía de Suba","source":"osm","osmId":"way/1488684876","operator":"Policía Nacional de Colombia"}},{"type":"Feature","geometry":{"type":"Point","coordinates":[-74.067675,4.692821]},"properties":{"id":"osm:w1490342607","type":"health","name":"Clínica Fray Bartolomé de las Casas","source":"osm","osmId":"way/1490342607"}},{"type":"Feature","geometry":{"type":"Point","coordinates":[-74.119009,4.620232]},"properties":{"id":"osm:w1493088918","type":"police","name":"CAI GALAN","source":"osm","osmId":"way/1493088918"}},{"type":"Feature","geometry":{"type":"Point","coordinates":[-74.080057,4.66359]},"properties":{"id":"osm:w1495161683","type":"health","name":"Hospital Universitario de Barrios Unidos","source":"osm","osmId":"way/1495161683","operator":"Corporación Hospitalaria Juan Ciudad - Méderi"}},{"type":"Feature","geometry":{"type":"Point","coordinates":[-74.103613,4.640391]},"properties":{"id":"osm:w1497686264","type":"police","name":"Policía Nacional de Colombia","source":"osm","osmId":"way/1497686264","operator":"Policía Nacional de Colombia"}},{"type":"Feature","geometry":{"type":"Point","coordinates":[-74.055988,4.798348]},"properties":{"id":"osm:w1507333022","type":"toilets","source":"osm","osmId":"way/1507333022"}},{"type":"Feature","geometry":{"type":"Point","coordinates":[-74.095551,4.668036]},"properties":{"id":"osm:w1511151930","type":"toilets","source":"osm","osmId":"way/1511151930","wheelchair":"no"}},{"type":"Feature","geometry":{"type":"Point","coordinates":[-74.09552,4.667979]},"properties":{"id":"osm:w1511151931","type":"toilets","source":"osm","osmId":"way/1511151931","wheelchair":"no"}},{"type":"Feature","geometry":{"type":"Point","coordinates":[-74.095356,4.667708]},"properties":{"id":"osm:w1511154910","type":"bike_parking","name":"Instituto Técnico Industrial Francisco José de Caldas.","source":"osm","osmId":"way/1511154910","operator":"Instituto Técnico Industrial Francisco José de Caldas.","capacity":"50","fee":"no","covered":"no"}},{"type":"Feature","geometry":{"type":"Point","coordinates":[-74.09444,4.668604]},"properties":{"id":"osm:w1511154913","type":"toilets","source":"osm","osmId":"way/1511154913","wheelchair":"designated"}},{"type":"Feature","geometry":{"type":"Point","coordinates":[-74.09442,4.668563]},"properties":{"id":"osm:w1511154914","type":"toilets","source":"osm","osmId":"way/1511154914","wheelchair":"designated"}},{"type":"Feature","geometry":{"type":"Point","coordinates":[-74.094241,4.668136]},"properties":{"id":"osm:w1511154924","type":"library","name":"Biblioteca ITI","source":"osm","osmId":"way/1511154924"}},{"type":"Feature","geometry":{"type":"Point","coordinates":[-74.079954,4.672487]},"properties":{"id":"osm:w1528685156","type":"health","name":"Puesto de Salud San fernando","source":"osm","osmId":"way/1528685156"}},{"type":"Feature","geometry":{"type":"Point","coordinates":[-74.083663,4.638204]},"properties":{"id":"osm:w1534727285","type":"bike_parking","name":"Parqueadero bicicletas aulas ingenierìa","source":"osm","osmId":"way/1534727285"}},{"type":"Feature","geometry":{"type":"Point","coordinates":[-74.07953,4.667909]},"properties":{"id":"osm:w1535726794","type":"police","name":"CAI","source":"osm","osmId":"way/1535726794"}},{"type":"Feature","geometry":{"type":"Point","coordinates":[-74.044187,4.703915]},"properties":{"id":"osm:w1537060501","type":"health","source":"osm","osmId":"way/1537060501"}},{"type":"Feature","geometry":{"type":"Point","coordinates":[-74.135273,4.599065]},"properties":{"id":"osm:w1537505974","type":"bike_parking","source":"osm","osmId":"way/1537505974"}},{"type":"Feature","geometry":{"type":"Point","coordinates":[-74.126832,4.615215]},"properties":{"id":"osm:w1537511353","type":"bike_parking","source":"osm","osmId":"way/1537511353"}},{"type":"Feature","geometry":{"type":"Point","coordinates":[-74.422527,4.17991]},"properties":{"id":"osm:w1544291047","type":"police","name":"Estación de Policía de San Bernardo","source":"osm","osmId":"way/1544291047","operator":"Policía Nacional de Colombia"}},{"type":"Feature","geometry":{"type":"Point","coordinates":[-74.120149,4.618901]},"properties":{"id":"osm:w1546570086","type":"pharmacy","name":"Drogueria Los Andes","source":"osm","osmId":"way/1546570086"}},{"type":"Feature","geometry":{"type":"Point","coordinates":[-74.141712,4.682025]},"properties":{"id":"osm:r3010379","type":"library","name":"La Giralda","source":"osm","osmId":"relation/3010379","openingHours":"Lun 14:00-!7:00; Mar-Sab 08:00-17:00"}},{"type":"Feature","geometry":{"type":"Point","coordinates":[-74.088484,4.656952]},"properties":{"id":"osm:r3065208","type":"library","name":"Biblioteca Pública Virgilio Barco","source":"osm","osmId":"relation/3065208","openingHours":"Mo 14:00-20:00, Tu-Sa 08:00-20:00, Su 09:30-17:30, PH off"}},{"type":"Feature","geometry":{"type":"Point","coordinates":[-74.068542,4.60955]},"properties":{"id":"osm:r9443057","type":"library","name":"Biblioteca Nacional de Colombia","source":"osm","osmId":"relation/9443057","operator":"Ministerio de Cultura","openingHours":"Mo-Fr 08:00-17:00; Sa 09:00-16:00"}},{"type":"Feature","geometry":{"type":"Point","coordinates":[-74.056688,4.669086]},"properties":{"id":"osm:r11313467","type":"health","name":"Clínica Del Country","source":"osm","osmId":"relation/11313467","wheelchair":"limited"}},{"type":"Feature","geometry":{"type":"Point","coordinates":[-74.105585,4.583266]},"properties":{"id":"osm:r13540150","type":"health","name":"Centro Policlínico del Olaya","source":"osm","osmId":"relation/13540150"}},{"type":"Feature","geometry":{"type":"Point","coordinates":[-74.036413,4.747949]},"properties":{"id":"osm:r14377099","type":"health","name":"Centro de Tratamiento e Investigación sobre Cáncer","source":"osm","osmId":"relation/14377099","wheelchair":"yes"}},{"type":"Feature","geometry":{"type":"Point","coordinates":[-74.02505,4.739941]},"properties":{"id":"osm:r14532149","type":"health","name":"UPA San Cristobal","source":"osm","osmId":"relation/14532149"}},{"type":"Feature","geometry":{"type":"Point","coordinates":[-74.066312,4.615375]},"properties":{"id":"osm:r17060700","type":"police","name":"Estación III de Policia de Santa Fe","source":"osm","osmId":"relation/17060700","operator":"Policía Nacional de Colombia"}},{"type":"Feature","geometry":{"type":"Point","coordinates":[-74.109029,4.678369]},"properties":{"id":"osm:r17369993","type":"police","name":"Club de la Policía Nacional","source":"osm","osmId":"relation/17369993"}},{"type":"Feature","geometry":{"type":"Point","coordinates":[-74.086567,4.685289]},"properties":{"id":"osm:r18516259","type":"pharmacy","name":"Farmacenter","source":"osm","osmId":"relation/18516259"}},{"type":"Feature","geometry":{"type":"Point","coordinates":[-74.363584,4.343577]},"properties":{"id":"osm:r18858954","type":"police","name":"Estación de Policía de Fusagasugá","source":"osm","osmId":"relation/18858954","operator":"Policía Nacional de Colombia"}},{"type":"Feature","geometry":{"type":"Point","coordinates":[-74.366405,4.336397]},"properties":{"id":"osm:r19260346","type":"health","name":"Clínica Belén de Fusagasugá","source":"osm","osmId":"relation/19260346","operator":"Clínica Belén de Fusagasugá"}}]}